{"deep_f": [0.089166480746345936, 0.021615229173170852, 0.16359101167149429, 0.010859371231174902, 0.14362168276031168, 0.027058681900238735, 0.039047206486645183, 0.21714985464784536, 0.010071999356099386, 0.13451409717083843, 0.010423400994804141, 0.13288098386103117], "deep": [0.091104603068311571, 0.022707637498642727, 0.15914379788716923, 0.011713726332505326, 0.14429575825634341, 0.027796517310238442, 0.039559512840530067, 0.21408296467556928, 0.010805971899217868, 0.13878108400219236, 0.01099705360768932, 0.1290113726215904], "standard": [0.071436064072014166, 0.04464632000344225, 0.11253973237686406, 0.026024746406606854, 0.089209404674783527, 0.033265013945834282, 0.080686748672097269, 0.12654242789867096, 0.064289666238277532, 0.17260925437078337, 0.057566559823660386, 0.12118406151696538], "standard_f": [0.072020975569400611, 0.043101200604915131, 0.11040930326856201, 0.024612785236362962, 0.086093145201672203, 0.029395591794249238, 0.077320240231473589, 0.12850798813438113, 0.063406338405274584, 0.18393465417675584, 0.05728299686516479, 0.12391478051178804], "hpss": [0.066858415193106188, 0.041137888661422289, 0.11542229110465099, 0.020282546158647063, 0.091328207153862376, 0.028239507673270763, 0.08089760868823781, 0.1333854830156854, 0.060329705835316605, 0.18009022398457686, 0.054155315191648859, 0.12787280733957471], "hpss_f": [0.068184453940614287, 0.039926692507511186, 0.11359880936281642, 0.019987306234406567, 0.088922004957564263, 0.025702599955787074, 0.078062616818653105, 0.1338126931647621, 0.060160598403562679, 0.18682092857714963, 0.054896711040145554, 0.12992458503702708]}