{"deep_f": [0.081417641316864256, 0.040277874276981644, 0.13821610747689886, 0.017597360773482736, 0.14559653993746974, 0.030135284143817078, 0.054800116532664304, 0.13909608630115142, 0.017069460591697828, 0.23404412473524522, 0.013971216548650637, 0.087778187365076435], "deep": [0.082264923754964081, 0.040885841498754093, 0.13727167417350217, 0.018732861619838254, 0.14317001349346767, 0.031408669486105566, 0.055996651279200324, 0.13967784898973848, 0.018367881513718293, 0.23101628235731725, 0.015164146259233277, 0.08604320557416055], "standard": [0.080592476293385173, 0.049579065782567017, 0.093440831108886332, 0.025734983399806562, 0.11114773137132686, 0.025354844767956373, 0.069261775047640667, 0.13221239810459384, 0.052398590250936017, 0.21414772008879354, 0.048973017477447721, 0.097156566306660155], "standard_f": [0.08187755890094299, 0.048356152929040941, 0.094378405069625845, 0.023430384966979693, 0.10633784038103318, 0.022251377595899173, 0.065419360372825711, 0.13684650175487525, 0.04978000632639655, 0.2260284355078058, 0.048147601883107738, 0.097146374311466957], "hpss": [0.077336698826632549, 0.047042809993918959, 0.094529020050224316, 0.018586794401941671, 0.11763259979429476, 0.018789980700744904, 0.067444779126595425, 0.14052855842811948, 0.043736418788475021, 0.22913357683121485, 0.04380007752705628, 0.10143868553078197], "hpss_f": [0.078260148672061575, 0.046428004754166696, 0.094899262533260961, 0.01796977164481094, 0.11460867562683384, 0.017918260936125915, 0.065737733181978564, 0.14208611701952717, 0.043383708961896021, 0.23395320487132854, 0.043803744375781786, 0.10095136742222778]}