{"deep_f": [0.028850672167397323, 0.03868552257525551, 0.19900405537715357, 0.013047824606070716, 0.11328604594804165, 0.016685810884919921, 0.14121825553658851, 0.078654781357102133, 0.01766949787933508, 0.20134877531548315, 0.008923171963668557, 0.14262558638898401], "deep": [0.03018693829712921, 0.040131198052202804, 0.19160563694026214, 0.014009783364458839, 0.11688844744916306, 0.017595304771465637, 0.13612932881223269, 0.080214013644541782, 0.018767408597841415, 0.19963150820209985, 0.009465940792357113, 0.14537449107624545], "standard": [0.071146575906290518, 0.055755932765116825, 0.09062397072796112, 0.033888505447954423, 0.10523414562901752, 0.049497144045150376, 0.11452928602336863, 0.026924020860686421, 0.039571120909584832, 0.20702701853907013, 0.062162771245844073, 0.14363950789995525], "standard_f": [0.071209068717137891, 0.054397777563624169, 0.089949584440852853, 0.032280891450330085, 0.10150360670842562, 0.0438588806677589, 0.10758685261826598, 0.023195259103118957, 0.036793524967887348, 0.22317114099902213, 0.063110824733984508, 0.15294258802959154], "hpss": [0.063434183908342462, 0.053145335859208304, 0.091803848043165229, 0.029232194103110155, 0.11078700546669304, 0.047291981144945608, 0.12271996601755611, 0.016635948401600559, 0.028036558111700464, 0.2259354181099851, 0.057645103127167523, 0.15333245770652565], "hpss_f": [0.064276430796131753, 0.052314518952087503, 0.091852559637707068, 0.028887057078209183, 0.10781339836614087, 0.043372193952134236, 0.11766081431775184, 0.015054917980782463, 0.027535079615854646, 0.23471638812831652, 0.058443743550582697, 0.15807289762430118]}