{"deep_f": [0.052061243035163164, 0.040268797714394247, 0.1195268144203239, 0.016144670181638794, 0.17566339647726179, 0.019031041627775015, 0.051110826441364235, 0.17168792856627418, 0.016813335568489702, 0.17127276733465752, 0.01011963952225522, 0.15629953911040226], "deep": [0.052736978986987815, 0.040892768245928308, 0.11834612455049255, 0.016684375879362015, 0.1753806298121928, 0.01962403711697263, 0.051728472602659441, 0.16908960386748009, 0.017374961426524511, 0.1734875774478549, 0.010504176254369444, 0.15415029380917547], "standard": [0.066645648460306461, 0.042388722732219719, 0.07816575253711236, 0.032726889648860683, 0.12984395241707147, 0.035198894594370846, 0.088785050232564069, 0.11884566648624238, 0.056735395445437271, 0.15437610432472004, 0.058139910763402067, 0.13814801235769247], "standard_f": [0.064460644548865076, 0.041989718741813613, 0.074952202295835949, 0.030537210265668663, 0.12862058678244437, 0.03313262089291142, 0.088437596117256906, 0.1224923742193634, 0.056218547706887764, 0.16228864980556038, 0.056796383836322961, 0.14007346478706953], "hpss": [0.060411238289880341, 0.037057091582372345, 0.074683764771846101, 0.027714567890655531, 0.13634889706134218, 0.029672938090367099, 0.089486790297301541, 0.12444300319568552, 0.054207202640908572, 0.16140998608946019, 0.056143531528019749, 0.14842098856216066], "hpss_f": [0.060613893801547476, 0.037173317338015585, 0.07333284841335079, 0.027359321763899207, 0.13495609715363774, 0.029295032412881179, 0.089450571531639017, 0.12505726206327281, 0.053638942695891458, 0.16397992079693102, 0.055943237970654577, 0.14919955405827906]}