{"deep_f": [0.065065266491876689, 0.024610713553518057, 0.16802719350747652, 0.012744196518144402, 0.1270939855452746, 0.026143064290371526, 0.037209619805760964, 0.24692510104461235, 0.010342031491509607, 0.12710774001445282, 0.012569558975883825, 0.14216152876111873], "deep": [0.06756837940168485, 0.025523376845826354, 0.16382926605210749, 0.013368551635868109, 0.12894956636926663, 0.026612377691144572, 0.037482018479551869, 0.24521561321213578, 0.010957743608575125, 0.13012018754942106, 0.013136931174553175, 0.137235987979865], "standard": [0.063533933624644365, 0.035724830875028514, 0.12263715840308159, 0.028465884516496655, 0.084498427152141495, 0.020725771846619896, 0.054279777715725279, 0.20334338410877328, 0.068727308353018143, 0.14757677985552853, 0.04826094614024494, 0.1222257974086973], "standard_f": [0.061005897431628653, 0.034851780277938255, 0.12258081163844101, 0.02688086325559453, 0.08091815224702284, 0.018424330449058529, 0.051583841380618792, 0.21157013452556822, 0.068025088934185116, 0.15401352906067564, 0.047266611795927033, 0.12287895900334149], "hpss": [0.055002753151071088, 0.029535119761400244, 0.12767045684084266, 0.023100927369034005, 0.086224045260569052, 0.013613805307266722, 0.04988128740926933, 0.22117299576767932, 0.067034788135217058, 0.15378916166196011, 0.043049178875158661, 0.12992548046053165], "hpss_f": [0.054675539559819145, 0.029325867247615049, 0.12757220692654489, 0.022683723805723439, 0.083927425560280905, 0.013029989129444045, 0.048974226017475683, 0.22417009254873205, 0.066752853346117053, 0.15654407460535685, 0.042834192655727188, 0.1295098085971636]}