{"deep_f": [0.052455403860856745, 0.029573011622551056, 0.15896627209825229, 0.014112578368294651, 0.13732061420226907, 0.023525463495811694, 0.043822236576628995, 0.23205408245299319, 0.012650647726717342, 0.13961418952084881, 0.013106787746682192, 0.14279871232809394], "deep": [0.054662651449212084, 0.0305637477536473, 0.15637228527011102, 0.014972773213216582, 0.13819942417407316, 0.024551865470786888, 0.0446806076742923, 0.228243763054919, 0.013709280324543872, 0.14232980035561746, 0.013917832888465121, 0.13779596837111521], "standard": [0.058766762597397375, 0.045294695944719264, 0.10899395749369616, 0.029302411129591401, 0.098749080690321622, 0.027779087739771446, 0.067145764739072092, 0.16231396721738811, 0.061601397769755241, 0.17694700013938006, 0.046969554329315752, 0.11613632020959132], "standard_f": [0.056816350984197614, 0.044428709148895136, 0.10864484416909123, 0.027452334283569566, 0.09562494878837266, 0.025562415402524529, 0.064274597809711703, 0.16718391392685769, 0.06001436300451983, 0.18666071725711347, 0.046124445839480374, 0.1172123593856662], "hpss": [0.052725064944071934, 0.042912431713996245, 0.1127593912650712, 0.023774419750901971, 0.10375378766199139, 0.021427345319231406, 0.063150714757498422, 0.17494090701437659, 0.056091866073224549, 0.18833180440442809, 0.039887656921516891, 0.12024461017369123], "hpss_f": [0.052526022849528127, 0.042485321305458359, 0.11241389907766886, 0.023368793538215169, 0.10158808479296463, 0.020838939989372255, 0.062244234145809728, 0.17598461983596431, 0.055726197978038627, 0.19266810567418621, 0.039978967291852623, 0.12017681352094102]}