{"deep_f": [0.046312264156841865, 0.024546367608024141, 0.20220367458074456, 0.010254256388761729, 0.12459938395252929, 0.021828691557807738, 0.081680489625112443, 0.17941530106801384, 0.013341011225311417, 0.13844100474801593, 0.0098626995010845341, 0.14751485558775246], "deep": [0.048881665538667497, 0.025758324084193901, 0.19545611028560392, 0.011178222377820785, 0.12830927614610857, 0.022033347271238447, 0.079354617957457574, 0.18057657011822242, 0.014098446126090456, 0.14007059243665282, 0.010572854228660711, 0.14370997342928288], "standard": [0.045368678772158194, 0.044526530858854878, 0.1114651654378081, 0.027118128228954704, 0.082531666337420331, 0.056197470404827352, 0.13116805497182388, 0.14764046861369223, 0.05346020085161806, 0.13198932618255027, 0.042774474707454775, 0.12575983463283746], "standard_f": [0.043738095661440914, 0.043017613388166814, 0.11115031670834667, 0.025204912540217551, 0.077577538074026425, 0.050908496110095236, 0.1275249766002238, 0.15743477646613413, 0.051850925337043836, 0.1373593380657413, 0.041261796627597137, 0.13297121442096624], "hpss": [0.038061233081397743, 0.04291951417706974, 0.11604403827534723, 0.021333341152330553, 0.084249536755397217, 0.053219976307901547, 0.13854760263386667, 0.15594607738609861, 0.045186154711769483, 0.13439363705224153, 0.035630157654735921, 0.13446873081184385], "hpss_f": [0.037831711529962501, 0.04154741718023703, 0.11525560803707742, 0.020853899393352072, 0.080952394622851587, 0.050019010252468861, 0.13498622272033742, 0.16123411975573421, 0.04531392522624559, 0.13759394604419722, 0.035656052268968855, 0.13875569296856727]}