{"deep_f": [0.022915100429398885, 0.16751987102551108, 0.0520434905280973, 0.016694758931923525, 0.23175797302349371, 0.016587759114328811, 0.067487862833400553, 0.042399023730718376, 0.040299712341150526, 0.22724926828970973, 0.012704538228500912, 0.10234064152376668], "deep": [0.028894154439803893, 0.14887036794155836, 0.058732831637712639, 0.019222780159263392, 0.22848438280661068, 0.01951334686267495, 0.070083344061234371, 0.048454380248319898, 0.043955289879790672, 0.21160534333811609, 0.015333788740205129, 0.10684998988470992], "standard": [0.043472845088427428, 0.07267855482470445, 0.043157105091440676, 0.018743603019868431, 0.18242496969793809, 0.058421474033597813, 0.14380918775320306, 0.088400416870540219, 0.066934999121690791, 0.15675720154693798, 0.028396060052484049, 0.096803582899167032], "standard_f": [0.040499061973749834, 0.070560478345924479, 0.040145145359253065, 0.017041180169059988, 0.18498647358217274, 0.056544195544185209, 0.14661191157882442, 0.089723074363436572, 0.065283182736394177, 0.16413154348649509, 0.027188828053716866, 0.097284924806787465], "hpss": [0.034325806229946167, 0.075057993980058052, 0.034588030263938856, 0.011336000794920484, 0.20054252444954948, 0.055987199687539804, 0.15371290613736982, 0.085838968958881434, 0.059310995154825692, 0.16782254834342158, 0.021174626711426673, 0.10030239928812194], "hpss_f": [0.0337592149433966, 0.073973745670583305, 0.034192565155629795, 0.011214206241144515, 0.20069496947967097, 0.056113893587649233, 0.15449962648960985, 0.086541246021512835, 0.058989043441442422, 0.16914555020069039, 0.021093057963324283, 0.099782880805345767]}