{"deep_f": [0.12269654249430011, 0.028994073512842406, 0.20471956794182675, 0.02086357795970312, 0.1027216434091454, 0.046121866903078047, 0.079243060941073001, 0.11131352600101335, 0.026509598759065372, 0.16216263783154419, 0.02106134858647259, 0.073592555659935749], "deep": [0.12264592964263328, 0.032419262436555685, 0.19084408302453346, 0.023314504322405814, 0.10517392823570755, 0.048840696630283821, 0.079714607403102059, 0.10666399733965012, 0.029882535910113785, 0.16427036392914723, 0.022984340034331575, 0.073245751091535624], "standard": [0.10569247460685011, 0.097794579113598054, 0.19204630305132631, 0.029725217057656798, 0.11265843305548523, 0.016206146464310268, 0.079491835696247404, 0.10317624199239511, 0.047714243352166695, 0.12380273430310465, 0.019457785554981111, 0.072234005751878189], "standard_f": [0.1076758328480124, 0.099415486433873282, 0.19554110367751354, 0.02866235080801122, 0.11114671623722251, 0.014784582206120472, 0.078832678428963354, 0.10263858025666801, 0.045726690097004141, 0.1240517518744572, 0.018020614471016314, 0.073503612661137627], "hpss": [0.11172716531589351, 0.1049034348006213, 0.21057401601834305, 0.016126590857434266, 0.12131213264109052, 0.0070514122171466114, 0.080705348846754191, 0.10700804716987239, 0.032403016851585351, 0.12633998006078545, 0.0083726685732855525, 0.073476186647187705], "hpss_f": [0.11199220694381359, 0.10542589383214862, 0.21115000435568571, 0.016060459128805507, 0.12025259501077779, 0.0069221011105845979, 0.080574044571607911, 0.10661238319689512, 0.032182467757630367, 0.12683706549091653, 0.0082202284405799176, 0.073770550160554393]}