{"deep_f": [0.05760107500158633, 0.022424762576872811, 0.17467473536254907, 0.009075845104989216, 0.1476387694917613, 0.02600532616529878, 0.038015829310187772, 0.21739958027097711, 0.010873238442562924, 0.11773616207741859, 0.0086317289720293181, 0.16992294722376688], "deep": [0.058412233964716398, 0.023098047236808739, 0.17155801084284045, 0.009412909241591938, 0.14959954292550878, 0.025790048734376871, 0.03832627234108648, 0.21581712551506868, 0.011145428558949235, 0.12038952837661618, 0.0088321283811342924, 0.16761872388130195], "standard": [0.078301307565305109, 0.047237685169949445, 0.14800734464375528, 0.028116841633371987, 0.10031149655611966, 0.02887566783319365, 0.064827390626854178, 0.092633268899194043, 0.057092356350201739, 0.14750730541492194, 0.06874917130668691, 0.13834016400044613], "standard_f": [0.078031868254203482, 0.047173242362348544, 0.15019857922512544, 0.026310879943702049, 0.096345136764692557, 0.025977331241080537, 0.06292799648239486, 0.091590884676212861, 0.055428361464877916, 0.15532802933949211, 0.069365918137087479, 0.14132177210878222], "hpss": [0.074876796814567076, 0.044433376163582339, 0.15434524091205432, 0.022244403254262423, 0.10329128682192031, 0.024074856020399819, 0.063931628955260916, 0.094539986517172811, 0.054412285238548373, 0.14984014167191781, 0.067014801932931828, 0.14699519569738212], "hpss_f": [0.075901422818165559, 0.044249027082495625, 0.15540299448448913, 0.022006323191751422, 0.099882254200702, 0.022464327568024831, 0.062717573525284662, 0.093169527183929041, 0.053536879534543752, 0.15364299851694682, 0.068012269003526624, 0.14901440289014048]}