{"deep_f": [0.08166507480277653, 0.026307365865710759, 0.25171885784308456, 0.017373649228836951, 0.083093148423069335, 0.045233929919950108, 0.087477713164314824, 0.12099745356505887, 0.021461982521488263, 0.16695035594073396, 0.022675984279309544, 0.075044484445666221], "deep": [0.089005497227043026, 0.028401268431175235, 0.23339729439327511, 0.020295406013000734, 0.086491484888749914, 0.048963323866682902, 0.079807981574383541, 0.13039940855169568, 0.023936408343216496, 0.15974808982396999, 0.025582039163221187, 0.073971797723586183], "standard": [0.12925913151430146, 0.027959911291075841, 0.071262388377586541, 0.013917027600508619, 0.038558153776961077, 0.018377347630309175, 0.083324281614852183, 0.1086584061973189, 0.04427891200299007, 0.25507820955392657, 0.03412633544796493, 0.17519989499220459], "standard_f": [0.13345728810999119, 0.027178775396886509, 0.068954505939023136, 0.012806018780795625, 0.037878904822024564, 0.016621618245273848, 0.079745931650798976, 0.10697646646636183, 0.041782498531295037, 0.26189094781294225, 0.032225151694858623, 0.18048189254974847], "hpss": [0.12692761503608158, 0.020542265650079432, 0.072929768805987061, 0.0072496523508221167, 0.037268800354718336, 0.013013336236423893, 0.087940011732805135, 0.11673447925177324, 0.032934789663967998, 0.28243637275944261, 0.014735110724141097, 0.18728779743375751], "hpss_f": [0.12784307461608441, 0.020279547400378333, 0.07217363536024024, 0.007119001353632891, 0.037017045239267986, 0.012733405039240227, 0.086687282977943536, 0.11580119958920577, 0.032730951401588118, 0.28428190816194354, 0.014665015498633601, 0.18866793336184148]}