{"deep_f": [0.054692656224151717, 0.040244706937153096, 0.20220252481380227, 0.011978030157859492, 0.10280835060040258, 0.020617791656022653, 0.13844174713336013, 0.095526530679878083, 0.012545436576698446, 0.23442907837651727, 0.010783577037257863, 0.075729569806896477], "deep": [0.056866390093815222, 0.043123541681258364, 0.19310770023839741, 0.013413347485423317, 0.10531525503167954, 0.021204027163981801, 0.13352415797681608, 0.099200556611526658, 0.013040941914382849, 0.23499619542102146, 0.011459064342925984, 0.074748822038771312], "standard": [0.072818435884381, 0.1007540512771925, 0.14025704675039996, 0.025499299835347652, 0.081516914678266925, 0.072484296035871351, 0.13894793106626757, 0.097716237059997338, 0.057283786866814457, 0.13925688562926739, 0.031627543891275915, 0.041837571024917967], "standard_f": [0.073753946382238089, 0.10224572523987474, 0.14547564138156296, 0.023935552880885738, 0.081181263065409903, 0.067534445898192963, 0.1335925347995747, 0.096287145346827835, 0.05652460548596875, 0.14810053243438748, 0.030330474238396049, 0.041038132846680869], "hpss": [0.068681748663227959, 0.10429693798620047, 0.14452268842571467, 0.01762188812070491, 0.080505484661357943, 0.072633240786322939, 0.14823229212099845, 0.10112197903060303, 0.053560279126515585, 0.14462039738938412, 0.026515227260511576, 0.037687836428458375], "hpss_f": [0.070358963791210677, 0.10402323978754668, 0.14916476470849749, 0.017627163478725554, 0.080828810054827074, 0.067844943601180083, 0.14059086328119599, 0.098372549583500571, 0.054063205870287796, 0.15261582414898492, 0.02658697148746365, 0.037922700206579507]}