{"deep_f": [0.1139882064984863, 0.028708490658297902, 0.11985092274537353, 0.013314028524343156, 0.17505205321605799, 0.024502529334600398, 0.037207447209129135, 0.19699296238576919, 0.012146892729669288, 0.1659763872427398, 0.011534856519452423, 0.10072522293608104], "deep": [0.109618101782371, 0.030012805434186024, 0.12138307697969759, 0.014448936977193226, 0.17056920376401027, 0.025661358295226439, 0.038973374756065951, 0.19443323681285257, 0.013303621425721349, 0.16891644488457197, 0.012495459185884142, 0.10018437970221945], "standard": [0.076017486482983024, 0.037315658670643952, 0.099569177178438939, 0.034346644878512154, 0.11885749664256476, 0.034164039535842537, 0.066514013099133407, 0.12870437489464184, 0.053407109688105199, 0.17799128790909693, 0.043360502483449817, 0.12975220853658748], "standard_f": [0.075132522670605259, 0.036685261134520197, 0.097859877421004687, 0.032168509326847547, 0.11585612874366887, 0.031323960510072274, 0.065136833206548131, 0.13257706879255682, 0.052003534157255386, 0.18718093069895334, 0.041599873869363029, 0.13247549946860446], "hpss": [0.071418604833294194, 0.032735717722242305, 0.10045710188714937, 0.02891226480700633, 0.12565857442085707, 0.028682463961551299, 0.0640547185228202, 0.13728881863654563, 0.049641752709346183, 0.18825204831279355, 0.036658747645854785, 0.1362391865405391], "hpss_f": [0.071641616661935414, 0.032790577870130261, 0.099735097825683142, 0.028580652347388085, 0.12341374605178795, 0.027738471510251935, 0.063359826088240062, 0.1374319585041823, 0.049106210430608539, 0.19219977558063098, 0.036649261552484956, 0.13735280557667637]}