{"deep_f": [0.078371090727581319, 0.022332249535768556, 0.17000887189147518, 0.011377390507803353, 0.12855525212724375, 0.027640539778199601, 0.033757304790969271, 0.23688018451345752, 0.0087275897950620917, 0.13714264966620884, 0.011249903775814311, 0.13395697289041619], "deep": [0.08132601068868052, 0.023128555608694465, 0.16577836307945468, 0.012059786341823968, 0.12940224549675325, 0.028329219513001203, 0.034066048794853442, 0.23538190964038647, 0.0091087475022671154, 0.14176935552619171, 0.011834723280951047, 0.12781503452694212], "standard": [0.054327238955653646, 0.032877565060701511, 0.12177511734892081, 0.026433571597675273, 0.073157854390150531, 0.020938768872866772, 0.050297524830318949, 0.20514269666980992, 0.072266054145692121, 0.18146300817613928, 0.039295324890414672, 0.12202527506165647], "standard_f": [0.05149822780737047, 0.031757281590263482, 0.12064544657233936, 0.024800308537883235, 0.072204466322882577, 0.0188544410420124, 0.047510590228568919, 0.21095313089986303, 0.070773602117566115, 0.18857918532339041, 0.037141440748971001, 0.12528187880888883], "hpss": [0.046275639707490483, 0.027789213465066184, 0.12732850292993239, 0.019861523052489286, 0.072730794071560093, 0.013971171327854701, 0.045849971969808306, 0.22565314976210957, 0.071570801428462352, 0.18889294109041616, 0.03211846199683116, 0.12795782919797904], "hpss_f": [0.045620532606352703, 0.027387436478947501, 0.1265221761468715, 0.019534300923668126, 0.071774288954497042, 0.013425204172276587, 0.044991140763594721, 0.22736452518790087, 0.071101781210805987, 0.191302472276008, 0.031706349437497096, 0.12926979184157997]}