{"deep_f": [0.017488125479149446, 0.19062208078219731, 0.058982882792346779, 0.014287686791019619, 0.18629626821325979, 0.014031036887316705, 0.10802499086389572, 0.032851385837255373, 0.02643297919520024, 0.26031861527924061, 0.010457071519850114, 0.08020687635926825], "deep": [0.018309091398945865, 0.18577408354200273, 0.06075090621678883, 0.014891584531438632, 0.18490789263767771, 0.01484240544947644, 0.10734971768289044, 0.034459311664817444, 0.027680224218427803, 0.2554967197982933, 0.010912075176762199, 0.084625987682478615], "standard": [0.11264493663831275, 0.12523761556407176, 0.075605218641539684, 0.028037089712394006, 0.094848895037191433, 0.036435476480902097, 0.085342939349556418, 0.02789535335801514, 0.049264955138086243, 0.18280183206256567, 0.063614608046878893, 0.11827107997048604], "standard_f": [0.11394155935911968, 0.1289993070273108, 0.075345526418087116, 0.026707512372395596, 0.089978183536049514, 0.032481085433633462, 0.081553747072099017, 0.024281883551745143, 0.047762201856859185, 0.1932057639066958, 0.064349224341932951, 0.12139400512407159], "hpss": [0.11088505996184547, 0.13346446150934133, 0.07265308587750445, 0.023354158611169018, 0.098364659133191409, 0.032012684190761191, 0.086251572680402983, 0.020011879230039706, 0.04484472667855037, 0.19541171046774133, 0.060716605647365501, 0.12202939601208722], "hpss_f": [0.11320083541392297, 0.13458259976262224, 0.073393137714197546, 0.023257917280974857, 0.094897943272806082, 0.030185324281785695, 0.083861875780697315, 0.018606466995773924, 0.044662231665809106, 0.19865495860710464, 0.061357337603593777, 0.12333937162071186]}