{"deep_f": [0.061111174140111829, 0.021431619534545934, 0.19577657042430158, 0.0096217981381368015, 0.12372328385071397, 0.02533370417740843, 0.046025940230003774, 0.21870469432281048, 0.0096517809462754942, 0.12964330077529296, 0.010221164313169951, 0.14875496914722869], "deep": [0.063148226363648835, 0.022411303705797005, 0.19065336433317717, 0.010285094719513808, 0.12622991891152424, 0.025661782382374945, 0.045990109662798428, 0.21721054423977043, 0.010168872971426938, 0.13350910262067531, 0.010717386853741101, 0.14401429323555176], "standard": [0.062019987649783635, 0.048174141157381702, 0.13780672351835263, 0.029096935001020813, 0.092160083330829992, 0.040390544729090185, 0.089381584079776935, 0.14152031603357154, 0.05981489084467416, 0.14557023370387306, 0.04156614415024882, 0.11249841580139665], "standard_f": [0.06110199842326812, 0.046722052342764289, 0.13770608406492688, 0.027546868777853509, 0.090613677016112615, 0.03731398300211277, 0.087108359636646288, 0.14339771785098862, 0.058099019384182007, 0.15372300572264605, 0.040504524583483158, 0.11616270919501559], "hpss": [0.055652140305420351, 0.044407944259571237, 0.14322524922603261, 0.022661973720970046, 0.093167907323280397, 0.036043827129876929, 0.090947436505606952, 0.15052300285425549, 0.057876091813265133, 0.15060202360203029, 0.036813525255660499, 0.11807887800402976], "hpss_f": [0.056061380379729256, 0.043135145621434487, 0.14285415569249044, 0.022645510227118651, 0.0920740756239775, 0.034072294028263533, 0.088589050476350267, 0.15031965050766732, 0.057050609479794859, 0.15578349546813036, 0.037132287097036143, 0.12028234539800724]}