{"deep_f": [0.058915942224988305, 0.023653309530057606, 0.16890377312962887, 0.010672131949385369, 0.14516385994421646, 0.025738579450330677, 0.035603876834279, 0.2272642964585343, 0.013316463919188528, 0.1087674732544026, 0.0099735353412091603, 0.17202675796377909], "deep": [0.061339851328160271, 0.02464789930443383, 0.16369356272049856, 0.011329177707768286, 0.14878794497726244, 0.025659864313180947, 0.036268598933138343, 0.22514728081102481, 0.013918939726405398, 0.11260712268507279, 0.0105252329332158, 0.16607452455983848], "standard": [0.080143643054201893, 0.041339469003620552, 0.11697879073828599, 0.029482574568295554, 0.10611881594555971, 0.040302807182129953, 0.087414292999532017, 0.12768721784497752, 0.045023584936837745, 0.11338338102400437, 0.050737416171098094, 0.16138800653145652], "standard_f": [0.07958912789418518, 0.040404113773986908, 0.11534429815472347, 0.027761989139320861, 0.10219588932136922, 0.03774779186225749, 0.088368036040553224, 0.1328598564239257, 0.043147109918785169, 0.11583804521420887, 0.04959704965774131, 0.16714669259894263], "hpss": [0.07486896517621644, 0.035783866542334231, 0.119480590514116, 0.023855847748909143, 0.11017273973593543, 0.035695753938076565, 0.088242099503687083, 0.13487123985678595, 0.041281350906741197, 0.11343164763321384, 0.047749501757830756, 0.1745663966861534], "hpss_f": [0.075228994807743921, 0.035287676606792051, 0.11817192668547873, 0.023503457752237424, 0.10709262398944781, 0.034538750902377333, 0.088404124022129646, 0.13758576151790683, 0.040670643380693573, 0.11478701247004906, 0.047803609098769836, 0.17692541876637377]}