{"deep_f": [0.082698757114486182, 0.018076164080676495, 0.18306870470862233, 0.013040759257504551, 0.097371096635475898, 0.037453077394790556, 0.036658119068391108, 0.22187644615221361, 0.0094800936642087091, 0.12985440955625102, 0.010705101562614, 0.15971727080476553], "deep": [0.085400636112224801, 0.018892133356150399, 0.17975514164596523, 0.013658460502333847, 0.098561786671600482, 0.037539925767896123, 0.037725234789894355, 0.21849710148135079, 0.0098636447063807503, 0.13599070148751422, 0.011158578427190176, 0.15295665505149883], "standard": [0.11530824305616781, 0.036345733620155841, 0.11750939709547401, 0.026257751774657386, 0.059104720510090365, 0.021015877691389746, 0.066661182407658892, 0.12402757279770514, 0.047157738126584081, 0.15608008238286808, 0.054436100491361508, 0.17609560004588684], "standard_f": [0.11589844039571739, 0.035027341123637416, 0.11623739475824028, 0.024665309266429878, 0.058525990344647387, 0.018824075750745406, 0.063855305691002451, 0.12410524756572033, 0.044440169145071852, 0.16115418261594164, 0.053037115852480575, 0.18422942749036536], "hpss": [0.11720528365581866, 0.03140123854193104, 0.12102890280537826, 0.019530635094368812, 0.056458524614769953, 0.014312778449399655, 0.065937083382634876, 0.13097018152808232, 0.042062408936315437, 0.15971886257669649, 0.050466427523647842, 0.19090767289095656], "hpss_f": [0.1179041368942583, 0.030980719403929369, 0.12039508975729765, 0.019321198663039905, 0.056182258780970488, 0.013673757822761435, 0.064560200518355731, 0.12902233112371975, 0.040982217552998274, 0.16254574884227085, 0.050518917270724009, 0.19391342336967424]}