{"deep_f": [0.02849497864304118, 0.047496288775289504, 0.21884860008544652, 0.0099158821942245227, 0.097264395207401544, 0.015371107353078875, 0.17197439984871912, 0.053702968053507529, 0.014096166048060594, 0.23870002890728803, 0.0080346768993724976, 0.096100507984569983], "deep": [0.030280452724286977, 0.04796228355567244, 0.2122787005183569, 0.010918417382922166, 0.10153906344584739, 0.016257210334093154, 0.16534458423074649, 0.058113554735362762, 0.015198440902407948, 0.23582191071309314, 0.0088153346756985138, 0.097470046781512124], "standard": [0.056920176170447728, 0.07826794553612873, 0.10267667722428983, 0.026363694706512536, 0.10335757202574697, 0.062371821763392947, 0.1493230632948811, 0.063386357469049387, 0.045282840531918146, 0.17194099909665442, 0.040612980810733029, 0.099495871370245181], "standard_f": [0.054927628473044374, 0.077204120976346269, 0.10375108682129637, 0.024876448057508389, 0.10286902790563709, 0.058182849820446823, 0.14677301806780835, 0.061248531115007797, 0.042590447922317608, 0.18234448727869598, 0.039550845264391329, 0.10568150829749978], "hpss": [0.049667354455318453, 0.08015601283004499, 0.10337533329224732, 0.018782315647586822, 0.10611375689966453, 0.060229682041327864, 0.16155586357793536, 0.059059693379000661, 0.036546348752162582, 0.18324320600905974, 0.036476955681467943, 0.10479347743418359], "hpss_f": [0.049693793760108254, 0.07851814704267987, 0.10444857258145315, 0.018657343901243677, 0.10546040052237501, 0.057770166772389796, 0.15769796351493864, 0.058082850196133733, 0.036364257503242355, 0.18841093434965014, 0.036444262792987868, 0.10845130706279746]}