{"deep_f": [0.089365626995203229, 0.022186192444950563, 0.20011963336492422, 0.01383261225564617, 0.089642716003560441, 0.034346435383823225, 0.083735664554944161, 0.15834169197814579, 0.011759167271537686, 0.18611596394414376, 0.012356055875927911, 0.098198239927192899], "deep": [0.090734382134260369, 0.023412007897769989, 0.19418409634041953, 0.014909858212001279, 0.091406651034633454, 0.035050946227806003, 0.080201721288433697, 0.15892149353080215, 0.012616322742434594, 0.18688240316943056, 0.013016647953025106, 0.098663469468983286], "standard": [0.087634459556713201, 0.052043561352866287, 0.12514555791404272, 0.023670760976506385, 0.060787776518742842, 0.041344774120132065, 0.11396315786012655, 0.13980452914544061, 0.051097825566366488, 0.15010612624308209, 0.039171692584961802, 0.11522977816101904], "standard_f": [0.086858404832341196, 0.050142345022506057, 0.1259905835309742, 0.022029007618579607, 0.05914362320517072, 0.037610620274226889, 0.11004091647228932, 0.14254034884625616, 0.048629982736549518, 0.15685542860143759, 0.03771448090834896, 0.12244425795131976], "hpss": [0.083165935847791167, 0.048459481882279401, 0.13081938595247769, 0.015754524144581453, 0.058196730745773771, 0.03751048473898589, 0.1210271729045712, 0.14967732532611358, 0.04471937661226745, 0.15590846446580989, 0.033021707272537358, 0.12173941010681091], "hpss_f": [0.083049299265815904, 0.046755840768681445, 0.13198221078520964, 0.015617051080101241, 0.057775881015141105, 0.0353002038592128, 0.1169338695636391, 0.15017410851348856, 0.044126216566833562, 0.16008713363427857, 0.03275585384864034, 0.12544233109895767]}