{"deep_f": [0.095585497407916928, 0.032430015512420786, 0.17241838356705025, 0.011424086587909534, 0.13435637630212272, 0.023458632955296807, 0.095676228707886529, 0.1206805671496487, 0.012858996716422186, 0.21507917874240884, 0.0097246987473065226, 0.076307337603610109], "deep": [0.097337573212874118, 0.0344755916131501, 0.16406442821598041, 0.012511188124661479, 0.13852987049517806, 0.024405363747403659, 0.089969051071258535, 0.12222282850456784, 0.01396166887035446, 0.21597138883230155, 0.010477461409243233, 0.076073585903026542], "standard": [0.083459905856061833, 0.065044919854805996, 0.12960013187641264, 0.026967625753756923, 0.08849041095544033, 0.042387760730386359, 0.099437658383911276, 0.12164904949496202, 0.058367390698703454, 0.16022092088315337, 0.041265206778532897, 0.083109018733872886], "standard_f": [0.083784015685010926, 0.064262267622186259, 0.1317726717667119, 0.02526781630026036, 0.085276874299346495, 0.038650663505981189, 0.09708138130313089, 0.12551253199392429, 0.057296622146204478, 0.16594039592712903, 0.040124664958283353, 0.085030094491830618], "hpss": [0.079792958858556085, 0.064148015830010882, 0.13430265872772937, 0.019461186264178129, 0.090018830342621176, 0.037980503248593638, 0.10297123895677983, 0.12784205321100037, 0.054913206266767031, 0.16669159822479129, 0.037048433766590297, 0.084829316302381996], "hpss_f": [0.080476403556303505, 0.063092011660848588, 0.13444332239730525, 0.019358292502448228, 0.088040605571156255, 0.036388048072194597, 0.10111987224748958, 0.12925403427709675, 0.055219577224397992, 0.16927764730297315, 0.037192765988527866, 0.086137419199258242]}