{"deep_f": [0.043431488369015843, 0.035146634200970445, 0.22492674161546436, 0.0098921756845708007, 0.099988578004675505, 0.019692972112300193, 0.13341174193799954, 0.094362218785412996, 0.011864272192871185, 0.22974335999811049, 0.0094623238358062991, 0.088077493262802356], "deep": [0.046457660548014701, 0.036890875862303593, 0.2151888874670298, 0.011274946835488211, 0.10490897075323205, 0.021145322975970274, 0.12394966563338633, 0.10131898712768911, 0.013148106028914452, 0.2254523599741434, 0.010666406263766809, 0.089597810530061286], "standard": [0.057776036901986308, 0.07718590750540788, 0.14301153248825013, 0.028536172566098372, 0.08327768339259442, 0.054124577416751259, 0.1331402993641731, 0.10073310816773076, 0.047347666662997862, 0.17109653181021445, 0.033666045536750816, 0.070104438187044496], "standard_f": [0.056195771698846007, 0.076930099277342609, 0.14694842906718875, 0.026799683275072952, 0.079669450568445391, 0.050632356838695124, 0.13115861293129144, 0.10282380408944507, 0.044842451927889382, 0.17924731534864607, 0.032574595391692523, 0.072177429585444736], "hpss": [0.051610506847447599, 0.077791925872657985, 0.14948588629451395, 0.021170948933120375, 0.083305645210325699, 0.050865117620379659, 0.14204376551051823, 0.10198782501917829, 0.040238279272065865, 0.18266114425668067, 0.028683951798460311, 0.070155003364651636], "hpss_f": [0.051581775627548634, 0.077122761410225935, 0.15171289467488491, 0.020976915928947171, 0.081370316136947701, 0.049159584248657753, 0.13969540550805323, 0.10243307186180926, 0.039631515082028161, 0.18655010335856897, 0.028542962600594864, 0.071222693561733316]}