{"deep_f": [0.029655677577838567, 0.12164094295451626, 0.10773757367098223, 0.014305360444958054, 0.16215440799268302, 0.019264811853066388, 0.080737792500728281, 0.07851500419996893, 0.020801215714887342, 0.2476011522991621, 0.010587754606072183, 0.10699830618513659], "deep": [0.034185372811893711, 0.11369755646316118, 0.10922986067813698, 0.015792869358242367, 0.15889794134641519, 0.020813182432352629, 0.08153146316499793, 0.080822314016194149, 0.021771282131368287, 0.24502522824298711, 0.011622592645769968, 0.1066103367084805], "standard": [0.07310732245747259, 0.096492246569587908, 0.10441444097826147, 0.030867959890296337, 0.10572890375833638, 0.042225743281704538, 0.10781058338072251, 0.088202591010059311, 0.048067409293618135, 0.15654509041134179, 0.050551082118356218, 0.095986626850242965], "standard_f": [0.070601488874731708, 0.098944914412524856, 0.1065653011564396, 0.028696228025909272, 0.10146345401708279, 0.038890755194249012, 0.10802754145676532, 0.091448424936264983, 0.046382416574551139, 0.16522115108299792, 0.048849651969138819, 0.094908672299344535], "hpss": [0.066057854844627395, 0.10118523392860028, 0.10506773036207173, 0.024128009767869288, 0.11073610496712197, 0.037241616208680613, 0.1144000499445314, 0.09003490822100442, 0.042095105529076068, 0.16406992060701597, 0.045447415667399613, 0.099536049952001257], "hpss_f": [0.066170185361333109, 0.10168528829161222, 0.10593994194542611, 0.02367820783766024, 0.10745131391790576, 0.036373183525682744, 0.11381965529523877, 0.091324128393439674, 0.04204007799963299, 0.16729292698021972, 0.045398413326254772, 0.09882667712559387]}