{"deep_f": [0.17570453846033598, 0.019494847355651285, 0.12599100339203706, 0.014463271984616338, 0.1468420836276762, 0.044841737302726163, 0.03350434538418133, 0.17691412238427662, 0.011757001221566726, 0.18053031903521205, 0.013747962979703189, 0.056208766872017049], "deep": [0.17140310226190084, 0.020232308794523989, 0.12958814699852189, 0.0149992133663503, 0.14188914849772774, 0.045793852480219416, 0.034876812990679157, 0.17412736951013105, 0.012331366935124424, 0.18439418496340707, 0.014184439638423283, 0.056180053562990884], "standard": [0.089996142800460074, 0.034316337378824453, 0.11636939881287477, 0.028035169287138739, 0.12397804780428061, 0.026955856370809824, 0.040868984040382583, 0.15433986938681324, 0.062694988817613914, 0.22137039701407243, 0.026364520724177713, 0.074710287562551464], "standard_f": [0.091370198046761664, 0.033156096405576638, 0.11233713589684677, 0.025610445160489465, 0.11969892026235186, 0.023821600799617735, 0.037689522081408466, 0.15791928736083674, 0.060730235595337044, 0.23562219574122559, 0.02527623669176074, 0.076768125957787148], "hpss": [0.09030063339897311, 0.029685742411090048, 0.1197463271064438, 0.021047364533563775, 0.13139538436832937, 0.020095189763889281, 0.033529159510232456, 0.16480349705514985, 0.058750518443312104, 0.23721066201711316, 0.018765090616629589, 0.074670430775273494], "hpss_f": [0.090541084469045935, 0.029227415239023741, 0.11796287512989559, 0.020518666518950464, 0.12801702134013454, 0.018995296112548968, 0.032555869751726543, 0.16578523678920404, 0.058362671162243321, 0.24366677632558625, 0.018869586066392777, 0.075497501095247929]}