{"deep_f": [0.047486804603462524, 0.034372425548642366, 0.16954395808362258, 0.011920168372477332, 0.15678339138481315, 0.016937458770854921, 0.10123479655813369, 0.13979957333854107, 0.018453351780049008, 0.17229422796082178, 0.010249039973451453, 0.12092480362513028], "deep": [0.049054151351084041, 0.036005485336416787, 0.16057517450783226, 0.013085376203432737, 0.16408352092606546, 0.017976841372194415, 0.092053905184952003, 0.14629435783398362, 0.020099535920344691, 0.16558231445311097, 0.011373822039638002, 0.123815514870945], "standard": [0.053383565703430551, 0.049340475808788392, 0.10648503791333332, 0.027260547681565335, 0.1257234676881796, 0.054811032938480844, 0.090503448181136148, 0.13685930791982012, 0.06846239652174578, 0.14110423444737097, 0.04515745863288359, 0.10090902656326532], "standard_f": [0.051625306242043249, 0.047624482212527325, 0.10685648404898465, 0.025372984360275394, 0.12410846764235357, 0.050740176279481526, 0.085575211523302622, 0.14189863019201837, 0.068532193505213612, 0.14804316340821203, 0.04455533398609051, 0.10506756659949724], "hpss": [0.047396251654550213, 0.047201315804100391, 0.10797534845188966, 0.020189972524604704, 0.13268031973462022, 0.05223690003541144, 0.090679371086890934, 0.14515870452100296, 0.066247229269682045, 0.14436826637746178, 0.040656977591600404, 0.10520934294818506], "hpss_f": [0.046890274221411836, 0.045695059491402137, 0.10833554409401155, 0.019996036788481636, 0.1313004175333638, 0.050230052368018155, 0.08708380792882893, 0.14742690195427596, 0.06710297992402689, 0.148203493244948, 0.040625923360032921, 0.10710950909119817]}