{"deep_f": [0.039748227502862755, 0.037024101932459072, 0.20374049137693001, 0.016344883544137764, 0.097160083769751368, 0.02792930052099811, 0.12287206495034891, 0.076295661744240434, 0.017356555017187393, 0.22704537484164414, 0.010915055756636134, 0.12356819904280399], "deep": [0.042309666194892938, 0.038778952950785303, 0.19332332442586919, 0.01793626963860246, 0.10013108178378484, 0.028437942229701526, 0.11960154159532377, 0.078620881031303741, 0.018606685906488746, 0.2250491285938078, 0.011772720111772597, 0.12543180553766711], "standard": [0.078597038897263077, 0.065599611545559142, 0.11544016411531627, 0.025443411242556616, 0.079162587271115289, 0.050931093465755563, 0.10593724555741149, 0.054048978875773292, 0.046597321451459471, 0.20081140958872293, 0.067086927751595235, 0.11034421023747173], "standard_f": [0.076070741919133045, 0.063589761033304867, 0.12467590680787136, 0.023561552278583722, 0.078330881963165094, 0.043734495435819136, 0.09658074621971291, 0.050467428820869999, 0.044702148680661871, 0.21430406135835703, 0.068055197256383482, 0.11592707822613751], "hpss": [0.075409530424705717, 0.065479484082457684, 0.11736314393271753, 0.019026389896501135, 0.078294431459396352, 0.048265672206035691, 0.11025910552428139, 0.048709852002571247, 0.040620730925748381, 0.21502680171153851, 0.065978483731809381, 0.11556637410223704], "hpss_f": [0.075155788564121265, 0.064090304031408682, 0.12395520510004371, 0.018346978851689174, 0.077257379391774864, 0.042292118595130518, 0.10243342756019308, 0.046252721606030965, 0.040358649899549293, 0.2230641712739958, 0.067070534694007575, 0.11972272043205513]}