{"deep_f": [0.11378587035646906, 0.03095396601237892, 0.098229792721104797, 0.014819789103956175, 0.18130468548553214, 0.026144351326118802, 0.034203391615304127, 0.19529433353768536, 0.014194247260048764, 0.17103307152678496, 0.011788432593562942, 0.10824806846105403], "deep": [0.10948746352256558, 0.03181757951732643, 0.10024976042071315, 0.015614914660313763, 0.17816957326940025, 0.02664879762191608, 0.035805802682813616, 0.19470515030550695, 0.015141854299014334, 0.17085908879872183, 0.012466642704394187, 0.10903337219731382], "standard": [0.074258508106834514, 0.032895051458218028, 0.082362074814679012, 0.025774915413714367, 0.11191774589889704, 0.038684565230800903, 0.076715590891672666, 0.1480386522262831, 0.0546479376848878, 0.19300668794179371, 0.04432165993575559, 0.11737661039646335], "standard_f": [0.073631286517245292, 0.031756271083873015, 0.080849330788827223, 0.024217565738677609, 0.10953167992988463, 0.035220982017297821, 0.073183568700629226, 0.14930313709935003, 0.051776008148448641, 0.20659362747795743, 0.042779042311575373, 0.12115750018623371], "hpss": [0.071128271033343876, 0.027890749698157757, 0.081167761687140003, 0.019367429084674342, 0.11911571354809079, 0.033614683665165214, 0.074750777545780023, 0.16002822986488374, 0.049358453412594559, 0.20396174184298985, 0.037104992137871398, 0.12251119647930864], "hpss_f": [0.071074488322594984, 0.02753135573531456, 0.081033492020879963, 0.019098467239040573, 0.11733239478002812, 0.031906770319141478, 0.072367585459297418, 0.16005155964792589, 0.048553199824190825, 0.21045876962706117, 0.036815979300062578, 0.12377593772446228]}