{"deep_f": [0.087858106647853332, 0.040544729900085424, 0.16747209892787121, 0.025491516973207975, 0.10200497993519193, 0.051648755784207488, 0.072812471452044003, 0.15902565865516169, 0.028685394385777989, 0.16102001642910893, 0.0311072693685523, 0.072329001540937757], "deep": [0.08761282538312902, 0.047745632571418554, 0.15706423149167126, 0.030797216809416963, 0.10495574838668222, 0.054644071606200724, 0.079276208295200365, 0.13060697501992485, 0.036463191124999975, 0.16274959019089652, 0.034375880419834359, 0.073708428700625203], "standard": [0.087394913817922443, 0.13432571474482505, 0.12264922259563459, 0.020415925926083701, 0.092601621008613605, 0.015065967854299131, 0.068915281949423465, 0.086475275018538258, 0.049134419657143609, 0.14718577718692832, 0.040080472744748574, 0.13575540749583925], "standard_f": [0.089530028037658596, 0.14057894581194286, 0.12758952385707042, 0.018718215412128491, 0.08850917450537199, 0.013282025045150086, 0.065276020256268566, 0.083744410733937999, 0.047316993289248439, 0.14781087819380404, 0.038482257451027263, 0.13916152740639112], "hpss": [0.075692160345292622, 0.14776426178058974, 0.13196751269933138, 0.010234320588476148, 0.10086611360353052, 0.0051071161277807297, 0.070145747673953485, 0.090236034423628056, 0.039875463761268146, 0.15934246927824508, 0.026616242145899499, 0.14215255757200451], "hpss_f": [0.076641705366560481, 0.14942563954400143, 0.13331900962307461, 0.0099313345642162709, 0.098933050760846533, 0.0049389497686211986, 0.068673188605969646, 0.089083535393134849, 0.039814312479447486, 0.1594847871376377, 0.026613426624581805, 0.143141060131908]}