{"deep_f": [0.10050807143944462, 0.030745065297996338, 0.18621948133374222, 0.024550601728606836, 0.0969357643582337, 0.047876875861747242, 0.060864404206297094, 0.182151272021638, 0.025077427644058379, 0.13881621446454598, 0.027995902146092627, 0.078258919497596835], "deep": [0.098880137669796142, 0.03425755023618611, 0.1795802397754693, 0.026714264548637175, 0.098110697736847899, 0.050711221220597701, 0.064183043866421291, 0.17022312459994723, 0.028322904768915032, 0.14085463722587749, 0.030382883469617351, 0.077779294881687291], "standard": [0.065030288055404048, 0.045427048771877102, 0.15855776407600689, 0.021178201360635595, 0.076038543085215959, 0.018231464503016645, 0.11853564683673629, 0.14833401282102679, 0.047617095096600857, 0.14038703990590828, 0.02740052176365235, 0.13326237372391919], "standard_f": [0.06653324547866489, 0.045132772460527985, 0.16333607211777357, 0.020331004917621142, 0.077597393167930975, 0.016977505057263326, 0.11645619061808427, 0.14438768223492032, 0.044238041916069504, 0.14091020973248708, 0.025577114475085178, 0.1385227678235719], "hpss": [0.053444514201860222, 0.035255163016373936, 0.17391090896984229, 0.011357491391115915, 0.082069584613142468, 0.0099114766191529743, 0.12734182475939373, 0.16752215786170893, 0.037102646159520157, 0.15146410472412208, 0.009092258468139363, 0.14152786921562799], "hpss_f": [0.054121575729774864, 0.03517825318703198, 0.17522671416555471, 0.011223909485622229, 0.082405800913340696, 0.0096742865714318071, 0.12634830965107161, 0.1651824426651915, 0.03638158557917371, 0.15197744303986735, 0.0089141058965447346, 0.14336557311539483]}