{"deep_f": [0.1220030658064082, 0.022573742259771979, 0.20859789771442422, 0.022878985130700292, 0.080073159014617701, 0.058570333328248111, 0.050583744144331158, 0.18824053660040951, 0.021968752732390701, 0.12281348844145239, 0.030034467608533774, 0.071661827218711893], "deep": [0.12912143300462689, 0.024105775599540327, 0.19616904105451632, 0.024886803463934414, 0.082210704742477547, 0.060369802043877256, 0.05105202548644678, 0.18263154472029058, 0.023894465069970065, 0.12545732999565454, 0.031027605335746489, 0.069073469482918801], "standard": [0.12266284639592145, 0.031205583586255053, 0.12700777296173657, 0.016963281456209046, 0.067489304779600842, 0.015424102502556403, 0.054312399084965095, 0.099033259801701731, 0.032352826177987175, 0.1792514724694908, 0.03687832254667104, 0.21741882823690492], "standard_f": [0.12578916874646745, 0.030440777863334954, 0.12778529702572727, 0.016057731759118465, 0.06774687919054026, 0.01421699825320458, 0.052454605740006058, 0.094583645440792868, 0.029983244715795582, 0.18265056550444334, 0.034619418787582054, 0.22367166697298718], "hpss": [0.11797719898691629, 0.021951097052236516, 0.13557634006962974, 0.0090149866846521085, 0.070683189895911866, 0.0096287860813068712, 0.055024391632471817, 0.10878744132876042, 0.025814622847641012, 0.19329747930343341, 0.017631745631157058, 0.23461272048588294], "hpss_f": [0.1192299884429472, 0.021696959544707638, 0.13542377933613228, 0.0088884403348169928, 0.070639564001315297, 0.0094073379250478803, 0.054191578679184997, 0.10683411220316452, 0.025391769254612735, 0.19417766585908947, 0.017558876791865071, 0.23655992762711589]}