{"deep_f": [0.091600833991645175, 0.025977060171359586, 0.22506757445073242, 0.021541859858295445, 0.083059261688970307, 0.066003673206962599, 0.048935743641084058, 0.17731658408797149, 0.023435775959789122, 0.13168850371615617, 0.031986992857205333, 0.073386136369828325], "deep": [0.093123990869858189, 0.027684273843570133, 0.21928819837670505, 0.022901196458394748, 0.084742498821752582, 0.066267825172567393, 0.05119891926293519, 0.17080257469116128, 0.025316887509277471, 0.13271774128118621, 0.032867167742789999, 0.073088725969801746], "standard": [0.10130366783668217, 0.049379825383896403, 0.19781436816670078, 0.020617300279675961, 0.05538346440899395, 0.012185674842624507, 0.051434781996348072, 0.081261987986432055, 0.033639589045518156, 0.16310207886130892, 0.031619277836754348, 0.20225798335506467], "standard_f": [0.10306833806835651, 0.049626512303232194, 0.20096153296306285, 0.019623192278111438, 0.055779366233130706, 0.011102294697905019, 0.050251613000539756, 0.077186812808116845, 0.031517793317881161, 0.1642619063644262, 0.029718954322854964, 0.20690168364238234], "hpss": [0.094830870846243268, 0.046230698940061779, 0.2204706336614487, 0.010679034369153222, 0.054761293077780535, 0.0038698117354407559, 0.047782060455012584, 0.084259047213157967, 0.025586869107811709, 0.17843356221165169, 0.013513153888499696, 0.21958296449373788], "hpss_f": [0.095424648178209892, 0.046282088344348084, 0.22104556536359074, 0.010621578480475983, 0.054878211795233459, 0.0037769092049703026, 0.047465584297309051, 0.082674778769623425, 0.025233786240439995, 0.17835115905094198, 0.013456734129862678, 0.22078895614499447]}