{"deep_f": [0.023170288311329727, 0.052522790371010888, 0.22357662260874367, 0.0083004444804864359, 0.091017222450458887, 0.015217610482893846, 0.17474553199900716, 0.044581091796182186, 0.011628514838177435, 0.27181678491150674, 0.0074392193097078309, 0.075983878440495117], "deep": [0.024292523348990069, 0.056027648510815972, 0.21407928852180058, 0.0094276123061290979, 0.097000777307779548, 0.016364467745090393, 0.16504365064895446, 0.047555625784553468, 0.013083150651244447, 0.26909729470103305, 0.0083039020180567264, 0.079724058455552166], "standard": [0.079671311393885669, 0.10532425981042745, 0.17159865337939456, 0.031027965655328185, 0.082543838911377065, 0.047179961960601348, 0.11916080184022747, 0.055456565865495772, 0.03951664778241816, 0.16747619475608966, 0.037651367528715167, 0.063392431116039372], "standard_f": [0.077961713696179769, 0.1073392156146241, 0.17683668412336254, 0.029747804466893936, 0.080847551604863774, 0.044812587089725554, 0.11935146867906654, 0.055133899722130321, 0.03799285512919226, 0.17253772694406391, 0.036093060054800376, 0.06134543287509709], "hpss": [0.075907163860949936, 0.11043549979697356, 0.18000847608253198, 0.024492183470370597, 0.081871538808630906, 0.043514108780151481, 0.12572420030890999, 0.052155325504939641, 0.033189135167263455, 0.17653023943793189, 0.033687197959066051, 0.062484930822280536], "hpss_f": [0.075089098298184193, 0.11050062996704994, 0.18316102625470568, 0.024551431786703416, 0.081257905431121158, 0.042747600676296224, 0.12478956412262855, 0.052068379967424382, 0.033329049564466473, 0.17850378068718337, 0.033239488811397669, 0.060762044432838995]}