{"deep_f": [0.018938859244728226, 0.040513125882596139, 0.19202918262736271, 0.010484753137439675, 0.1373315353335037, 0.0091334128562906066, 0.16050336089768708, 0.060556462093360415, 0.021580877612742275, 0.19448617844987837, 0.0062072414207032488, 0.14823501044370757], "deep": [0.019785158054919622, 0.042054407453091233, 0.18324452564213545, 0.011414765052322973, 0.14578844892489448, 0.009719005396085471, 0.15186445342804497, 0.063019835828568779, 0.023428618585211024, 0.18875773968347695, 0.0067819713549863384, 0.15414107059626272], "standard": [0.064617843366999134, 0.073052431259253009, 0.10265262535954024, 0.027421952927581539, 0.11807403266494747, 0.073134934600395551, 0.1554803633712491, 0.049486686595643398, 0.031491632382425222, 0.13282976149231485, 0.056311076755337856, 0.11544665922431269], "standard_f": [0.063471823281505663, 0.072677429198597085, 0.10401309171867938, 0.025787763380442426, 0.11681599788315103, 0.06912564977637943, 0.15556980212847218, 0.046850117688147792, 0.029368168924402475, 0.14099353483470642, 0.055974732412804803, 0.11935188877271126], "hpss": [0.057492060040685987, 0.073375324549067714, 0.10259812846483829, 0.020337144265830349, 0.1231204590447406, 0.073344440643675138, 0.16834448986116707, 0.043871042053115691, 0.024491295758463018, 0.13628588884307893, 0.054023353255930787, 0.12271637321940659], "hpss_f": [0.057951546868043616, 0.071985079503637778, 0.10420450744206231, 0.020368479593366452, 0.1224598202586169, 0.071199830789560214, 0.16484847002238587, 0.042645634274920109, 0.024429256650211627, 0.14107824113913522, 0.054034207729988626, 0.12479492572807126]}