{"deep_f": [0.026585739414444649, 0.085281153364386589, 0.17008212316117852, 0.012076389544129294, 0.12699645584938177, 0.015962260659676313, 0.14175309258115387, 0.053392118911232925, 0.018483344889584898, 0.23994555279412136, 0.0086750840965423362, 0.10076668473416747], "deep": [0.028405342572336581, 0.086422403836674128, 0.16422374226239345, 0.012740591700268979, 0.13121373878217316, 0.0167596665708694, 0.13518043804457469, 0.056086876945387505, 0.019299704180914208, 0.23806981297928892, 0.0092426190695993355, 0.10235506305551964], "standard": [0.092067263207792432, 0.1014818388269277, 0.13906004725800181, 0.034192546412474899, 0.089140140367326343, 0.068105714973142384, 0.1295512659073518, 0.038896058630409257, 0.036969479564569051, 0.12762928541159366, 0.045468126863566889, 0.097438232576843795], "standard_f": [0.092161925298215777, 0.10428929795687518, 0.14462154539812003, 0.032764683206855327, 0.084996590234242414, 0.064407440914861905, 0.12780751916713398, 0.037403905068479605, 0.03533967946118996, 0.1321135484998214, 0.044752399549462446, 0.099341465244741856], "hpss": [0.088531804636100081, 0.10570824948861984, 0.14439281020148281, 0.027935996785309513, 0.088867202501621001, 0.066632981991361112, 0.1382869237246811, 0.032477019276579498, 0.030511692411883173, 0.13306727195152018, 0.042667960410329511, 0.1009200866205122], "hpss_f": [0.089946589191032489, 0.10703582545838301, 0.14857504904813831, 0.027856805365716605, 0.08633935877879434, 0.063980587631951802, 0.13465161713403145, 0.031756399155488661, 0.030493115327567023, 0.13506847862505841, 0.042565176397783969, 0.10173099788605391]}