{"deep_f": [0.11339455372316307, 0.020403819736283607, 0.19060405324898672, 0.0085327337580300526, 0.12329604389384861, 0.037443954329279168, 0.062908616306223644, 0.13862629007115609, 0.0089731458254137565, 0.216789599564577, 0.0094468665048916354, 0.06958032303814668], "deep": [0.1153814688391754, 0.020921844401237313, 0.18674263185807832, 0.0088121023104447728, 0.12485275651386719, 0.037797410463436133, 0.061271704252431357, 0.13842885234329838, 0.0091707173070225689, 0.21865329281088777, 0.0096115474735462107, 0.068355671426574588], "standard": [0.067185736511637437, 0.058388996893389139, 0.16504340343686991, 0.0253860558882818, 0.096644091360389636, 0.039589297495190044, 0.056658248219785011, 0.084067413948053421, 0.053833999219589902, 0.25142587283692364, 0.04322928232884659, 0.058547601861043484], "standard_f": [0.067375352808667605, 0.058177011255910467, 0.16642449679807433, 0.023863412164462128, 0.091899824981411707, 0.034551518194179044, 0.05295312842486307, 0.080215951937941593, 0.051190012857161196, 0.27220713633523969, 0.044117398186723743, 0.0570247560553655], "hpss": [0.060632888829611382, 0.056036862237105606, 0.17435222347790089, 0.018325479789628493, 0.099990782609186826, 0.034331029334998701, 0.053091601623553669, 0.084810638907209204, 0.049966375536059669, 0.27263453174102453, 0.039068876652193565, 0.056758709261527485], "hpss_f": [0.060965173144774766, 0.055529273676793021, 0.17358591666247652, 0.018196933382446965, 0.096964755811850128, 0.03225057560100026, 0.051812022126968123, 0.082440048177065739, 0.049240758840086198, 0.28257363194905155, 0.040375489818193729, 0.05606542080929322]}