{"deep_f": [0.066903608925219446, 0.04283777247034852, 0.20038194780400573, 0.0081840190826483628, 0.125666511175063, 0.018711220855378588, 0.10957953868386468, 0.11954101895851439, 0.011591271346218776, 0.19831422254425662, 0.0090752046803124296, 0.089213663474169591], "deep": [0.068720304807195168, 0.042892827241057266, 0.19754704958404845, 0.008566564863126137, 0.12701014083826823, 0.019032423034512164, 0.10748086634149329, 0.12145511085138615, 0.011892038017466834, 0.19655479143274043, 0.0093835910202430071, 0.089464291968462895], "standard": [0.058706030306238964, 0.091131163362552628, 0.11690032327797256, 0.023353541733126464, 0.12477883908312525, 0.038714471348042678, 0.12873844920833685, 0.096991402340663779, 0.071187700717335822, 0.14490783900241705, 0.03149128085791239, 0.07309895876227554], "standard_f": [0.059245951397548326, 0.089852880969402818, 0.12108104367418347, 0.021175609689144715, 0.12607168694844531, 0.034203990314810175, 0.12862195511000143, 0.10274198934446313, 0.064830510777024328, 0.152507963206932, 0.028160256378779142, 0.071506162189265324], "hpss": [0.055531907454688133, 0.093870448698887374, 0.11896859894240082, 0.018918313610866534, 0.12865845914773902, 0.034459487542856063, 0.13205379886754448, 0.097788020577195989, 0.069339150055047802, 0.14963029772806019, 0.027098011814846851, 0.07368350555986683], "hpss_f": [0.056974625288688872, 0.091320884735850302, 0.12187685286614694, 0.018290026178611158, 0.1292635901038065, 0.031474504936320237, 0.12881172897902313, 0.10376686026337233, 0.064979677775397565, 0.15553518903220157, 0.02500922781410346, 0.072696832026478003]}