{"deep_f": [0.043781689395150078, 0.03518767931701109, 0.14398463292861316, 0.008188015749098311, 0.18787550055157973, 0.015176649150838384, 0.046066034051617584, 0.18348034547204828, 0.016790694464049311, 0.13510008366655807, 0.005663176371161394, 0.17870549888227455], "deep": [0.044298463793238117, 0.035809728838884072, 0.14264420173511627, 0.0083627392500850509, 0.18813768957899632, 0.015400671613084624, 0.046522997342293371, 0.18144034692025846, 0.016720151257264056, 0.13825474419476017, 0.0057295944511690936, 0.17667867102485041], "standard": [0.037672305040213551, 0.062253310945234688, 0.081752062197397904, 0.044204237059276355, 0.1442868487227168, 0.033147925623658259, 0.11594795161233394, 0.091982929275925274, 0.063654003617880484, 0.14611525777456635, 0.032898863595474427, 0.14608430453532198], "standard_f": [0.030117910273990568, 0.062899353189857274, 0.080891164631796936, 0.04425369728303051, 0.15139387510308874, 0.027978242071259214, 0.11651598998772833, 0.094160652276315066, 0.060987707926136954, 0.15242519189323583, 0.026636973155908288, 0.15173924220765217], "hpss": [0.030631669889610733, 0.062164010102938858, 0.079999865754242117, 0.042786782086973639, 0.15118048415058916, 0.027687146732606926, 0.11930553496189711, 0.092531093952137572, 0.061058443615738943, 0.15053233170016708, 0.027750141868089037, 0.15437249518500873], "hpss_f": [0.026619649558877415, 0.062196602440494089, 0.08071268569669629, 0.043123102784633112, 0.15414048228167515, 0.025474594127377643, 0.11863481813262045, 0.094752077564428425, 0.060079114339609836, 0.15309251457877898, 0.024147402913247851, 0.1570269555815608]}