{"deep_f": [0.014944137716290169, 0.029077001896743393, 0.25366430764665959, 0.0062733060498540169, 0.07620286947612101, 0.0091085630941871946, 0.18998257266882657, 0.07166689575468195, 0.0096253558333589378, 0.1987500437562503, 0.0049617923900572205, 0.13574315371696982], "deep": [0.015422018125774969, 0.029656291857775848, 0.25198055037504308, 0.0064222552871407443, 0.078344117747602318, 0.0094653425076514208, 0.18564261043248875, 0.074598768061873558, 0.0098763858111319616, 0.19660291065561744, 0.0051899865438347894, 0.13679876259406512], "standard": [0.039551108321618358, 0.090037101178307918, 0.12301998917824239, 0.040290028241182767, 0.11000565397279444, 0.030086180047526643, 0.14999038583347121, 0.043198923244474101, 0.049345758700571167, 0.18886568699185366, 0.040829769825999902, 0.094779414463957351], "standard_f": [0.034929628379808314, 0.089153044005854429, 0.13239593770551794, 0.03959619501340219, 0.10944993619926251, 0.02543486333875691, 0.1508094231636157, 0.040927628900186766, 0.04355198619280129, 0.20192457658576832, 0.034215467254898907, 0.097611313260126745], "hpss": [0.03313449122687602, 0.093496404211994663, 0.12629417187466951, 0.036979246159214836, 0.11385640996271758, 0.024533834335755421, 0.15779537420843512, 0.037612297227378473, 0.042864002384082965, 0.19946547601676676, 0.036249003965474473, 0.09771928842663398], "hpss_f": [0.031020974547907445, 0.091450750847364204, 0.13435293124646741, 0.037537445846624468, 0.11254668382428927, 0.022024345789375545, 0.15526540965138669, 0.036882054196795536, 0.039988886961867406, 0.20769005725879039, 0.031564412686759406, 0.099676047142372187]}