{"deep_f": [0.20089167901870644, 0.018150749171129722, 0.11036239434082662, 0.011996878205122437, 0.16390443038609762, 0.039563864900497667, 0.031573996875422394, 0.15632882741494689, 0.0094419484173381557, 0.20231773988591994, 0.010253740518389853, 0.045213750865602351], "deep": [0.19955140282943096, 0.018478515378642837, 0.1118161302240349, 0.012222739727315962, 0.16160672103983892, 0.040084770498121335, 0.032252291175729579, 0.15461187421825281, 0.0097254104401556137, 0.2039491379109741, 0.010417185785756596, 0.045283820771746384], "standard": [0.13476461218881075, 0.050057907285961496, 0.13829268191348487, 0.030433736755953629, 0.13031222049491445, 0.041286492306716244, 0.044751619330714192, 0.085701955447771955, 0.057504311771757695, 0.18846626522251683, 0.034398148502483759, 0.064030048778913912], "standard_f": [0.14036598179667714, 0.049675919216743608, 0.13886926446717673, 0.028265491460517104, 0.12698616314745306, 0.036159276327205593, 0.041309409396155142, 0.08377572133461493, 0.055590998286518499, 0.20317886225276735, 0.034256509246882699, 0.061566403067288181], "hpss": [0.13735054112262055, 0.045678357193213531, 0.14404699538509022, 0.021725870895481378, 0.13764426970639082, 0.036683485520029362, 0.040128714485053459, 0.087866912949625356, 0.054957504420442414, 0.20139752381966414, 0.029217700079638319, 0.063302124422750503], "hpss_f": [0.1407431641033082, 0.045451473308868784, 0.14477742880646491, 0.021622482341226879, 0.13512969221466381, 0.03410695393192379, 0.038366464941743991, 0.085237973395267216, 0.053878673139490997, 0.20878388912764523, 0.030009288084870751, 0.061892516604525341]}