{"deep_f": [0.075794192853993789, 0.032371878447014557, 0.17282552488588773, 0.022428404236284248, 0.12645222682763207, 0.041279649946573335, 0.051423882066785401, 0.20086053675767918, 0.027720195037411147, 0.1167661602886475, 0.026690231187652697, 0.10538711746443848], "deep": [0.082540446525263933, 0.037688302994301377, 0.15955806711149156, 0.026467964763913877, 0.12714226119231331, 0.04621547221801079, 0.055450693584709325, 0.18205869722844761, 0.033006709668821334, 0.12220013805863383, 0.030404422126202788, 0.097266824527890261], "standard": [0.042471411146159592, 0.028667838869809833, 0.15598019706227803, 0.022964859126677891, 0.10745256477376401, 0.016837916982214426, 0.045402715914119839, 0.11774166420672223, 0.045104601135575531, 0.11455886048277605, 0.040815342108546961, 0.26200202819135548], "standard_f": [0.042071728007194872, 0.028122259994024811, 0.15964100196199046, 0.021776771055788496, 0.10623961879912994, 0.015231053884657394, 0.043398520099805785, 0.11162644535630904, 0.042076770250213023, 0.11662460964404134, 0.038560779961620884, 0.27463044098522388], "hpss": [0.022298371540749175, 0.017395096480166565, 0.175699400741059, 0.013743873999355167, 0.1198294109242684, 0.0059784027253679548, 0.038252145235201089, 0.13235658390634714, 0.038686590661586431, 0.11736775673616535, 0.0166816074320889, 0.30171075961764476], "hpss_f": [0.022285716970803345, 0.017304498146554517, 0.17676218821986692, 0.013539244804230287, 0.11887618111570206, 0.0058406693091934952, 0.037864867439698822, 0.12928412753786814, 0.037789726179847064, 0.11821982216586738, 0.016570272609469448, 0.30566268550089853]}