{"deep_f": [0.122087749454576, 0.020925816759139002, 0.17234193464321365, 0.011356980666224552, 0.13032872404871451, 0.049198446091042951, 0.041746340755977981, 0.1719895533480463, 0.010009040932085348, 0.18715524669082187, 0.014260884291121743, 0.068599282319036059], "deep": [0.12045303513963712, 0.021528585217337866, 0.1720371376545391, 0.011950839932516853, 0.12849350050328201, 0.050502607089250105, 0.041475047531150985, 0.17259621291729915, 0.010582790899517096, 0.18643998068950157, 0.014898437949510989, 0.069041824476457167], "standard": [0.056227117476679571, 0.048388845381515604, 0.16980791096844949, 0.033694888653214433, 0.12319263911034332, 0.05772406284253849, 0.057841993345059177, 0.12671629168847032, 0.060744731135186629, 0.1880944495731226, 0.02564785270719868, 0.051919217118221499], "standard_f": [0.055686892834424559, 0.04744620618652045, 0.17148747201351869, 0.031505745056010642, 0.11989865598966594, 0.056281325363082439, 0.054298473343691013, 0.12881563982527316, 0.059406821396934845, 0.20216636626580883, 0.023878106840241081, 0.049128294884828255], "hpss": [0.050770238180388193, 0.045033179857332524, 0.18056565519482137, 0.026418497944042673, 0.12969031203446191, 0.053572183087122284, 0.053550870574886979, 0.13467953453889742, 0.057502877484571412, 0.20122702875661241, 0.017595377621705762, 0.049394244725157195], "hpss_f": [0.051399832773879814, 0.044293356157842245, 0.18047325810844606, 0.025968123585374016, 0.12656103120634329, 0.053479336482257334, 0.051883035411972478, 0.13427648107386778, 0.057331176388565108, 0.20890337530523909, 0.017644830612559548, 0.047786162893653242]}