{"deep_f": [0.099018687772655045, 0.01059664190770891, 0.18851509864489097, 0.0073336822602550061, 0.1128067005395133, 0.024732593880335961, 0.025310477588318895, 0.26478145974849571, 0.0055956721479642462, 0.076277230900083579, 0.0072301457805200257, 0.17780160882925841], "deep": [0.10585718546724275, 0.011463745279541285, 0.17976546411661609, 0.0079558194108657557, 0.11769727236910882, 0.025480614159282596, 0.026136780672020639, 0.26041356150054246, 0.0059887089002722523, 0.083090837574107707, 0.0075929306229499159, 0.16855707992744973], "standard": [0.085652638310421816, 0.047414668662994042, 0.1007007799403383, 0.048393116825133156, 0.084975144235217695, 0.029477694893715465, 0.12982179164853452, 0.16603574512417163, 0.041896572021138521, 0.10557618532985985, 0.037068494764113058, 0.1229871682443619], "standard_f": [0.089967957280665076, 0.045999525446527238, 0.096963756817294272, 0.047463997488867156, 0.088976559004317432, 0.0240539987538144, 0.1294875713788218, 0.17724290640581744, 0.03726844579662552, 0.10579672065367268, 0.031382331185642036, 0.12539622978793499], "hpss": [0.084677756704534465, 0.045168227903939789, 0.10077304545569976, 0.046855513274521074, 0.084807231544145115, 0.022793988316880825, 0.13446909181533884, 0.17681423315059738, 0.036520462967137533, 0.10503250930273528, 0.032020687869032963, 0.13006725169543704], "hpss_f": [0.089815843184130328, 0.044316604577872558, 0.097457475804784921, 0.046180104470209593, 0.088905254216194926, 0.020141287745969811, 0.13166896654395829, 0.18201196965663693, 0.035227500902333224, 0.10550530692655739, 0.028442238698842191, 0.13032744727250981]}