{"deep_f": [0.13261133807206818, 0.02190894270774808, 0.18917388185247541, 0.022505899914193758, 0.089396840401642114, 0.058098412190613909, 0.041303020412287825, 0.20534134107433602, 0.02212310533444244, 0.11788000214534697, 0.027944152274969304, 0.071713063619875908], "deep": [0.13834436055862578, 0.023806565923584471, 0.18025639642940391, 0.024183537889015835, 0.090874215129731026, 0.061405839835877149, 0.043111874654176013, 0.19221109009349549, 0.024477055511770405, 0.12346814920037238, 0.028757117266927163, 0.069103797507020337], "standard": [0.15128600212980964, 0.03110476055518931, 0.11463695306028715, 0.018692308020643363, 0.073514236898514787, 0.014102299140279452, 0.034124870589606136, 0.12657607245159957, 0.040964299900749825, 0.18285646069278261, 0.02981890181737715, 0.18232283474316105], "standard_f": [0.15516373361226224, 0.030577093419107217, 0.11604217373154624, 0.017679063505401736, 0.072572642836600518, 0.012565496247827757, 0.032407141403394471, 0.12399455750632919, 0.038411061638578721, 0.18587361875036953, 0.02757443512538767, 0.18713898222319486], "hpss": [0.154786840755507, 0.024592547127158644, 0.12038099647072359, 0.010875457604271985, 0.075983342835297077, 0.0069093580191183605, 0.029249961523156086, 0.13954247894938598, 0.031733143191701785, 0.19677916543344157, 0.012601421687018588, 0.1965652864032193], "hpss_f": [0.15559179046283536, 0.02448349971928223, 0.12034679547216651, 0.010783865007776033, 0.075467420491020676, 0.0067430591222159674, 0.029006517410228833, 0.13826450820277439, 0.031501362359096181, 0.19750882403270986, 0.012580937302107041, 0.19772142041778673]}