{"deep_f": [0.16542213479131279, 0.019731281967803056, 0.10002165505581698, 0.076595010885324374, 0.052785922197069464, 0.10559793085877632, 0.019340700990574722, 0.21650927176526905, 0.016862465663949416, 0.11476706055760467, 0.082332046383409602, 0.030034518883089587], "deep": [0.16226700390213647, 0.021053100093224343, 0.099887698804791064, 0.077258631920076523, 0.054979191568494158, 0.097142745006881415, 0.020900708019006398, 0.22221628448961733, 0.017048454855919413, 0.11551278108680747, 0.080395259118599377, 0.031338141134446024], "standard": [0.064074924434315256, 0.031488037955022911, 0.09896315271812095, 0.023503730025842037, 0.05562780769265184, 0.06312067665679133, 0.066583710013994657, 0.18536603433935928, 0.078159243062844205, 0.21022889570116277, 0.081653308021404886, 0.041230479378490073], "standard_f": [0.063534251356564847, 0.030122260434123815, 0.095461322785847402, 0.021615743162124217, 0.055046814537376726, 0.061229891824949922, 0.063393158308125377, 0.18845819042771744, 0.07620493292833086, 0.21973606881576455, 0.084274315815934892, 0.040923049603139958], "hpss": [0.0604536289122466, 0.025933798427450621, 0.099129860674386741, 0.015995234873493865, 0.050180364668970641, 0.062522657194882966, 0.064310544691275603, 0.19966134379704917, 0.077356395636700201, 0.22312725629788033, 0.082974514123498044, 0.038354400702165198], "hpss_f": [0.060676185061959743, 0.025499238575927695, 0.097705097924691842, 0.015525691980404188, 0.05011924041460307, 0.061190894159659975, 0.062533449097412194, 0.19982390682533896, 0.076588782272157069, 0.22802128673607316, 0.083875871864816612, 0.038440355086955341]}