{"deep_f": [0.09649548224305822, 0.022912789843195329, 0.17266284383652919, 0.016447599220976359, 0.097533111585594259, 0.0534198449644121, 0.050376793528850619, 0.21204098794991519, 0.014218757555538324, 0.14246723448882437, 0.016664752651997908, 0.10475980213110811], "deep": [0.098744296166295167, 0.023689328445321668, 0.16882969980334508, 0.017352479554969481, 0.098454133599273824, 0.052464997515394469, 0.049921395853224582, 0.21238253507675292, 0.014564224382286326, 0.14528687884267785, 0.017194000492544416, 0.10111603026791421], "standard": [0.066189618710821393, 0.047988101271696101, 0.089681344969759436, 0.020658057464103364, 0.058776352016970505, 0.059370564879518528, 0.1220384899418096, 0.18635578063008304, 0.06204655220762452, 0.14009031205453223, 0.041482825394979411, 0.10532200045810186], "standard_f": [0.065042784786973187, 0.046297331821103918, 0.087371275726693176, 0.019085290213973108, 0.057479021322672165, 0.056418733453566142, 0.11985404880213406, 0.19274525160118816, 0.059821957354597298, 0.14545271245355526, 0.040027805571230403, 0.11040378689231332], "hpss": [0.061704334140381602, 0.045429908541282031, 0.089931636765007261, 0.013240728542033528, 0.054967688224999159, 0.058364531276439334, 0.1291838119365451, 0.20300051388314627, 0.057962333942536991, 0.14171689353412914, 0.03547131808697801, 0.10902630112652159], "hpss_f": [0.061347574483623109, 0.044209755532796755, 0.089302517389951777, 0.012994488366105108, 0.054515410956254319, 0.055998838403374822, 0.12626208661627084, 0.2054518254021204, 0.057390020485623298, 0.14580190020004918, 0.035136037003270351, 0.11158954516055998]}