{"deep_f": [0.084560542944777717, 0.029743561330635618, 0.19176696425002931, 0.011141369263581882, 0.10852869950685566, 0.026227122381858821, 0.094325129886223491, 0.13045780231942189, 0.0089188288822756902, 0.23730315640571559, 0.0093152147846202668, 0.067711608044003974], "deep": [0.087442031827577635, 0.030659165407014369, 0.18520733319775171, 0.011747925049036221, 0.11142750054006048, 0.026990793028495306, 0.089477336574409219, 0.13352335935354792, 0.0092597833032450668, 0.23756024239738918, 0.0097012444637665368, 0.067003284857706374], "standard": [0.07730814540723259, 0.064930145082480933, 0.16393403375868329, 0.026352615396452363, 0.081816580978741407, 0.042107754889912627, 0.092227311726232816, 0.10732530310424079, 0.062279411395694748, 0.19566912473731177, 0.035599913870201338, 0.050449659652815435], "standard_f": [0.078083364713917636, 0.064372062359533716, 0.17056094777727412, 0.024958096244219283, 0.082617416622183124, 0.038399667365198807, 0.086166527623086478, 0.103268297447008, 0.059292611586089047, 0.2075149227703004, 0.0346568712487791, 0.050109214242410202], "hpss": [0.073534472323774344, 0.063610772464128232, 0.1712345672592325, 0.01803931999272303, 0.080608291338446644, 0.038584082946227054, 0.095024329709901961, 0.11238315322386568, 0.059611076388918743, 0.20789900630543312, 0.031448343994014853, 0.048022584053333622], "hpss_f": [0.074887807041090992, 0.062913981425668605, 0.17550125247141149, 0.018131349304084485, 0.081452314227164146, 0.03622092283331671, 0.090014845792732792, 0.10828980216317592, 0.058412367167792786, 0.21450569745748488, 0.031442702848403635, 0.048226957267673502]}