{"deep_f": [0.026553202298588201, 0.040456457452157639, 0.21644567663281475, 0.0091576268735102419, 0.10811668806177158, 0.013099847417693176, 0.17248214250648938, 0.059100409239820344, 0.014950031405004871, 0.2239432608451136, 0.0073250066801445191, 0.10836965058689178], "deep": [0.028244054373944744, 0.041720443326849682, 0.21077528801412077, 0.0099895054370104965, 0.11185138171536103, 0.014173384873896662, 0.16533803822207679, 0.062566841129323439, 0.015909034606939217, 0.22159779837374044, 0.0080795039542895693, 0.10975472597244716], "standard": [0.056246159405088578, 0.074318283247590253, 0.13007541546364212, 0.028854261256304733, 0.10416475187989536, 0.065261128287898887, 0.13214965006898508, 0.044091352070071275, 0.036215427082539872, 0.17913257294563489, 0.042262294165439446, 0.10722870412690944], "standard_f": [0.055407304198611888, 0.073472126270887991, 0.1314942112464676, 0.026862117031735383, 0.10094737524055743, 0.059571428868914138, 0.12741197323268477, 0.040540339292587962, 0.033746348642353319, 0.19342429650286064, 0.041413897709579067, 0.11570858176275974], "hpss": [0.047057039135258945, 0.074573298568014104, 0.13510532264975322, 0.022049103076583393, 0.10868461327251289, 0.064923584940764861, 0.14242450485031047, 0.037658881059065036, 0.028484380357847061, 0.19155952309093396, 0.035580051279179327, 0.11189969771977674], "hpss_f": [0.047325437506257458, 0.073251577376795524, 0.13735416207116011, 0.021906541558569449, 0.10599256775661212, 0.060789093838901249, 0.13690159203137511, 0.036342540021471921, 0.028325296101674041, 0.20001200860464571, 0.035500983358259748, 0.11629819977427747]}