{"deep_f": [0.074772699133690557, 0.020198343550603785, 0.20171930310642494, 0.012782525108632706, 0.093194699303955672, 0.03912046291005386, 0.062484773175874642, 0.21530507388896136, 0.0093521458735127683, 0.14352605826179815, 0.016072459009335887, 0.11147145667715583], "deep": [0.075836060053608115, 0.021183357544062614, 0.19660715684972577, 0.013653203486400659, 0.095013985710195301, 0.040654159421495091, 0.059470649651187292, 0.21491251670416778, 0.010144775410974249, 0.14480677892684951, 0.016654978403206667, 0.11106237783812693], "standard": [0.080374993134008435, 0.048298811058221057, 0.12128808368140702, 0.029679718818376846, 0.057435859904322165, 0.057565611025152202, 0.1097676454925615, 0.1685258837299709, 0.062156914571634851, 0.12275788019128282, 0.041860452046061432, 0.1002881463470008], "standard_f": [0.079511468005319039, 0.045450972764779426, 0.12042957691644572, 0.028305611132769939, 0.056394212277321859, 0.055274472559866394, 0.10548452874825641, 0.17610159276903428, 0.061644855400263508, 0.12601745621072052, 0.040534151148033548, 0.10485110206718938], "hpss": [0.076656570243375063, 0.044642846410790971, 0.12455202106384755, 0.022291655404506904, 0.053308288047479647, 0.055952071575618136, 0.11544706213850056, 0.18306978658821157, 0.059258298033407167, 0.12406871808482509, 0.036918002317996017, 0.10383468009144146], "hpss_f": [0.077258174987274428, 0.042365112295462783, 0.12429490248381739, 0.022393152476234864, 0.053506195702409741, 0.053938087071748235, 0.10970056363589832, 0.18571561085260777, 0.059663167962235253, 0.12671510324667384, 0.037012133521482228, 0.1074377957641552]}