{"deep_f": [0.14341135289265539, 0.021017762518081001, 0.15747835789386042, 0.011328667857148009, 0.14278750389738482, 0.032922010627810368, 0.071481979450677829, 0.13298007367993334, 0.01188624062342644, 0.20484904386045924, 0.010787866484940433, 0.05906914021362266], "deep": [0.14185079753280277, 0.02207786680155574, 0.1556996144112047, 0.012051562999098188, 0.14117992220876163, 0.033682096067240812, 0.070201942363521549, 0.13141424975103716, 0.012420908393387432, 0.20895261515120458, 0.011171645397890268, 0.059296778922295131], "standard": [0.10055473158702187, 0.05515099443733245, 0.12419089215211411, 0.028609892145451836, 0.13846277056619546, 0.062818239472316503, 0.077637544452604942, 0.082665137438049874, 0.050510102886253898, 0.17572089448711128, 0.03993067930401456, 0.063748121071533076], "standard_f": [0.10343775665884938, 0.053703352924438133, 0.12166635319088313, 0.026443387714946125, 0.13880309249631051, 0.059319527267196664, 0.072017259736884706, 0.081486570208917725, 0.048802350089330378, 0.19021646059126207, 0.040037856362873069, 0.06406603275810803], "hpss": [0.099730721396368155, 0.052628059747226105, 0.12864444310596915, 0.020809739997952187, 0.1469637447829284, 0.060625885578342691, 0.076855571863965327, 0.082587605013865972, 0.046291124373467274, 0.18770854192014699, 0.034530515277171478, 0.062624046942596392], "hpss_f": [0.1018071511350839, 0.051162710161059451, 0.12670072707458391, 0.020756786178642087, 0.14654266352034018, 0.058621614359809109, 0.072505184482900109, 0.081632590383058118, 0.046100027457596185, 0.19584669767165055, 0.035332029453522151, 0.062991818121754112]}