{"deep_f": [0.077850202444179645, 0.011879000460319653, 0.20836941969016076, 0.0069233001963473813, 0.10846955898880277, 0.030913283285608422, 0.031737922599535257, 0.24719890408151468, 0.0068401872924582878, 0.082451595277759526, 0.0081709581705863444, 0.17919566751272717], "deep": [0.080789263781392825, 0.013052808191747371, 0.20224803868445645, 0.0078027728657081904, 0.11218471405614533, 0.030940480589967092, 0.033982745420570025, 0.24228681862489113, 0.0075403799278661136, 0.087846312425443593, 0.0086531162050081569, 0.1726725492268037], "standard": [0.059073330819797119, 0.053021145976223344, 0.11772351098279658, 0.037131056294174451, 0.090545937603753804, 0.036735213749143743, 0.16477674321741353, 0.14836123163095133, 0.048249260225227408, 0.096023015365469061, 0.032357370673147777, 0.11600218346190203], "standard_f": [0.058171777397009412, 0.052219004969056494, 0.11856143971447872, 0.036017917572134545, 0.094763023064900156, 0.033218650166073532, 0.16471905180301979, 0.15426229621054444, 0.046160464888821647, 0.095609146755160218, 0.028973640438821783, 0.11732358701997919], "hpss": [0.055949973942676673, 0.051930212461305053, 0.11947816541897881, 0.034273232869035893, 0.090618752681705592, 0.030593251387548943, 0.17242224205535389, 0.15533491127119878, 0.044524463208634006, 0.095449344719179291, 0.027770511821826122, 0.12165493816255686], "hpss_f": [0.057206506789613087, 0.051192686268340316, 0.11952931279149438, 0.034598514350900743, 0.0923911194914427, 0.029212042813558957, 0.17088156802575485, 0.15842747229912751, 0.043493778487026666, 0.094941492049860424, 0.026203157975912938, 0.12192234865696744]}