{"deep_f": [0.16119796833431643, 0.027922805019973948, 0.12563692321602463, 0.027868332131016006, 0.14228717952647979, 0.045716883959366177, 0.039690815781896281, 0.19743654959671753, 0.032501207875882891, 0.095813288260519019, 0.028105412701785761, 0.075822633596021552], "deep": [0.15152658696572543, 0.033591997853564523, 0.12219490534117709, 0.031166683805813038, 0.13536569619145888, 0.049197801773270156, 0.046189366949959239, 0.17999654549489816, 0.036524710544793636, 0.10960246062347211, 0.030531300948668644, 0.074111943507199088], "standard": [0.13546592264371046, 0.027489567195053237, 0.055322880010981054, 0.029327894194110086, 0.089736385708973118, 0.031694193760256666, 0.033873303367661471, 0.11396261250667553, 0.043539195954356631, 0.19486663353286338, 0.048647596048026265, 0.19607381507733218], "standard_f": [0.13864809941105427, 0.0269277800208262, 0.053336721772756272, 0.028616191789499205, 0.08837212111567333, 0.029983707716230108, 0.032954760038808317, 0.11271075881378327, 0.041110601889242607, 0.1974565908752848, 0.046546876184177112, 0.20333579037266442], "hpss": [0.14415260166604341, 0.02395742669159362, 0.051663942442572282, 0.024025095991651799, 0.092603400591789731, 0.026280652213111929, 0.029078211322904036, 0.12412655850227843, 0.036587034563970826, 0.20834633637018024, 0.033505000089225127, 0.20567373955467863], "hpss_f": [0.1444249556836337, 0.023777837285654246, 0.050623379764537402, 0.023852397570198417, 0.091673217403127491, 0.025883375371756466, 0.029088678899902892, 0.12381467410024101, 0.036407464646679169, 0.20855425558491839, 0.033440869172223858, 0.2084588945171271]}