{"deep_f": [0.061420929421416873, 0.030205935283558246, 0.21517977194651183, 0.018596630523980338, 0.094825580159080117, 0.042809493032671161, 0.059384060875551252, 0.18265620209758204, 0.021726381362054337, 0.14349466372856259, 0.023687405638725227, 0.10601294593030601], "deep": [0.064673322587253543, 0.033070641588836908, 0.20771425075414485, 0.020135738234751024, 0.096706249562494045, 0.044602972198974654, 0.062741401879558623, 0.16917024574549619, 0.02386078647484375, 0.15200338141171421, 0.02481922748741253, 0.10050178207451969], "standard": [0.034084835548587503, 0.029661603334477798, 0.12332592258213662, 0.023129194857712958, 0.10776044946826356, 0.014789343575571091, 0.090715144178942941, 0.12117526425721617, 0.04582332775182478, 0.19201543043109451, 0.034739682885618857, 0.18277980112855322], "standard_f": [0.03272361764994082, 0.02931008445509499, 0.1232349800385258, 0.022289768709634342, 0.10761485284171335, 0.0139031741241245, 0.091675007735831732, 0.12205852204674524, 0.044797458235091826, 0.19563638740305112, 0.032358624494394847, 0.18439752226585138], "hpss": [0.01790011224292816, 0.018566348894308464, 0.13257715873976492, 0.013314226208385046, 0.11785589112807997, 0.0064283541781173749, 0.094177117314074951, 0.13151379153686188, 0.035720528869642665, 0.21135871839577972, 0.017909435335415325, 0.20267831715664147], "hpss_f": [0.017819329610321257, 0.01848534117766951, 0.13202790605637738, 0.013237501768740313, 0.11721526096832803, 0.0062993074580578309, 0.0943297125517812, 0.13131134881502896, 0.035589672679153916, 0.21221553013096975, 0.017840298369662711, 0.2036287904139093]}