{"deep_f": [0.2100717759041669, 0.021602092497540373, 0.11514310613727663, 0.033945309032664135, 0.0597111913426581, 0.16903263353885012, 0.025283730028194916, 0.14885622766311168, 0.031884029327830396, 0.10441909986340797, 0.040466318758922468, 0.039584485905376256], "deep": [0.19359042215389075, 0.026785038182825828, 0.1164066559619631, 0.037530852107156121, 0.06635454207141335, 0.15274909853197097, 0.033605130304789059, 0.13993339147856068, 0.038885109874782373, 0.10352659175051687, 0.042271936336601361, 0.048361231245529539], "standard": [0.1078500025589644, 0.028423179968532507, 0.09837876166118141, 0.063035450839116949, 0.058761932071772785, 0.10923766434078921, 0.09981313919686173, 0.1353496136108055, 0.10125855141982727, 0.11378532817453997, 0.040106800443780295, 0.043999575713828037], "standard_f": [0.1106405261341139, 0.027597352667913997, 0.099080477649993018, 0.062825792858177604, 0.058628465800747723, 0.10708969594414937, 0.097527503738005727, 0.13774058949049939, 0.10100765073738784, 0.1147444155456202, 0.038669088063684229, 0.044448441369707194], "hpss": [0.11542621932225604, 0.021274982254605914, 0.096768463716005407, 0.060770245086636518, 0.051742556414738426, 0.11844360608850384, 0.10491669975518766, 0.14643079701349737, 0.1014520789998148, 0.11715467288698377, 0.028882985575394874, 0.036736692886375398], "hpss_f": [0.11530517319927117, 0.021054873494020167, 0.096635744910184923, 0.060696235584186346, 0.051938612314747862, 0.11740086901276642, 0.10389242498536917, 0.14701909262326796, 0.10152736163228077, 0.11839565755379639, 0.028954081650522507, 0.037179873039586323]}