{"deep_f": [0.14768491373942927, 0.026273223965406579, 0.15377144532105749, 0.024162516501105881, 0.10479278350323147, 0.05258446220773827, 0.047621122595754239, 0.18638698894015085, 0.024499527737222245, 0.13389842831298598, 0.026381995530032142, 0.071942591645885484], "deep": [0.14320745432670631, 0.03032775612173284, 0.14921335665778568, 0.026625055352433011, 0.10640381808479978, 0.053902191203713236, 0.053098888232810636, 0.16826212688566439, 0.027702114835385521, 0.1431256190394895, 0.027578625591733505, 0.070552993667745575], "standard": [0.10616216857002932, 0.041569767705870592, 0.12434423472083334, 0.015415029643951538, 0.094321181875089241, 0.014013583290103659, 0.086616979975669472, 0.16892672082855426, 0.045598960073519733, 0.13535573348285351, 0.026727589595368764, 0.14094805023815662], "standard_f": [0.10708417119059317, 0.041057553967073501, 0.12612744965150804, 0.014786649166025513, 0.094128282141694081, 0.013024591165228278, 0.087099924365001524, 0.16890331038175252, 0.044458930905471802, 0.13582191169835403, 0.025249291462282358, 0.14225793390501495], "hpss": [0.1027579042182843, 0.030797667302789707, 0.13518975745604853, 0.0063974626403947013, 0.10404239072680535, 0.0041884330354629252, 0.086296767422834403, 0.18918000678550378, 0.036377848386246386, 0.14382344420758289, 0.0081926543156519201, 0.15275566350239522], "hpss_f": [0.10313741861274536, 0.03077664300075806, 0.13576809760941941, 0.0063065412396437403, 0.10372972147165946, 0.0040859634084333806, 0.086441543974131188, 0.18869097012445188, 0.03618366142790868, 0.1437901129452234, 0.0080669497240017356, 0.1530223764616235]}