{"deep_f": [0.089624433216845101, 0.028673640921637652, 0.18294491384819297, 0.021925946147507931, 0.11792842027824012, 0.044083577109363101, 0.04637144170012901, 0.21338683589648075, 0.024987841595506374, 0.11471737085973725, 0.028366898461160372, 0.086988679965199323], "deep": [0.092380165683356219, 0.030387440094056566, 0.17805452456860479, 0.023127342183305769, 0.11998498119955422, 0.045189402841525943, 0.048498794491222172, 0.20297109770770502, 0.027043746249738029, 0.1177408568231578, 0.029012658586715392, 0.085608989571058072], "standard": [0.039030758005280372, 0.029257942161774585, 0.14442920796034042, 0.019856011313006055, 0.13573655570983179, 0.0189789359347582, 0.075663732878058096, 0.11228494193318263, 0.030343092200129675, 0.15293170049562294, 0.036342631479969204, 0.20514448992804588], "standard_f": [0.037945546752729979, 0.028839095999801972, 0.14652730167493064, 0.019031114019366378, 0.13727361316975425, 0.017716530541774387, 0.074827304019692412, 0.11019687000698555, 0.028764565803113738, 0.15484020356029288, 0.034581595322726137, 0.20945625912883167], "hpss": [0.02123590529489694, 0.021790808930479685, 0.15655758930854896, 0.009951893727375245, 0.14910318709034648, 0.008853274406345181, 0.073582420359249293, 0.12383487462753567, 0.023165688989126475, 0.16510479374656145, 0.020987817361316566, 0.22583174615821794], "hpss_f": [0.021207877377266374, 0.02170137439588038, 0.15673459403032661, 0.0098420539261299209, 0.14880987577940089, 0.0086687283467654832, 0.073404128677870564, 0.12284953327490226, 0.023014938170510733, 0.16562116843637592, 0.021000245357653019, 0.22714548222691777]}