{"deep_f": [0.049696140310316363, 0.029699683894580556, 0.26413673844166285, 0.015677889790104725, 0.077592446851929717, 0.03628371195020063, 0.11918503917787573, 0.10594160982976146, 0.021750159265077514, 0.1692165447712411, 0.02020041172767072, 0.090619623989578749], "deep": [0.05631458720183502, 0.034133314255939878, 0.24378689387232202, 0.0184663569321382, 0.082861822516272457, 0.038758912024701851, 0.11362885246588718, 0.10849721954771736, 0.024652855114935875, 0.16896119513145513, 0.022581431711520619, 0.087356559225274411], "standard": [0.035323166544614495, 0.088814514171151202, 0.18991238359408744, 0.024701308980783279, 0.11354469891423496, 0.03706439051330028, 0.15538369553051071, 0.097755275106041331, 0.038017927500409367, 0.13894505339311605, 0.02107983302270218, 0.059457752729048692], "standard_f": [0.033634818368099194, 0.089640157978741725, 0.19518210571947911, 0.024011334691156693, 0.11653185338373133, 0.035473278043269281, 0.15335738689676309, 0.096843910331724375, 0.036118652458233966, 0.13953175963550291, 0.019554086293760164, 0.060120656199538089], "hpss": [0.018740476283854401, 0.092172003050873849, 0.20649848521296849, 0.014068714760180201, 0.1204067965650716, 0.029978462539159551, 0.17307703084195286, 0.10280607633272397, 0.028355442971081422, 0.14952182503043759, 0.0093458469840913914, 0.055028839427604587], "hpss_f": [0.018725659420138471, 0.092378449126100964, 0.20761589348733275, 0.014017968983682341, 0.12094934556215305, 0.029787323547077259, 0.17167161891082283, 0.10202693088242287, 0.028181456762222334, 0.1499708067430591, 0.0092287775988470645, 0.055445768976141091]}