{"deep_f": [0.078896393762357853, 0.037385319676068049, 0.17334815375704493, 0.021751006653104497, 0.11871156658148108, 0.043318855771773954, 0.06134276560712585, 0.16238747914218737, 0.027283538127415494, 0.16383513543344383, 0.024857808251585043, 0.086881977236412194], "deep": [0.082240656376320082, 0.042819900876511545, 0.16195795880533229, 0.024620687455621192, 0.120369138289254, 0.046947936605222056, 0.066135353465133107, 0.13827771250105794, 0.032236153870980132, 0.17528632726157284, 0.026618439997427475, 0.08248973449556736], "standard": [0.052888719056492922, 0.049049834335745626, 0.1193441067345317, 0.019435758800224339, 0.13626208155089387, 0.015259352362706174, 0.030700565553359482, 0.068838882359774339, 0.034804393380292169, 0.23872090123052594, 0.037053776468793556, 0.19764162816665989], "standard_f": [0.051987725258156078, 0.04958100136205524, 0.12066721118711785, 0.018181601837963458, 0.13638858932529641, 0.013511654007602699, 0.029304461154797807, 0.064193810163732559, 0.031525927767932393, 0.24528397589226117, 0.034131544377359706, 0.20524249766572472], "hpss": [0.027933646432224575, 0.041690194695453535, 0.12948406870078663, 0.0086928589674393833, 0.15254414688107248, 0.0063894121603759527, 0.024857500338631319, 0.073039176380212262, 0.024494800075180928, 0.27473315499301287, 0.017835014915485486, 0.21830602546012451], "hpss_f": [0.027895149319276374, 0.041753133648572797, 0.12923752792824447, 0.0084917844775429501, 0.15215926006518887, 0.0061675585386153902, 0.024692254236811356, 0.070917357709037385, 0.023803936820164222, 0.27680972640807905, 0.017490068340388146, 0.2205822425080789]}