{"deep_f": [0.12427169540719725, 0.031555518009431661, 0.19586503875029368, 0.021224919639173657, 0.096642454179723003, 0.068599406228267379, 0.061761155319256418, 0.10472251501540619, 0.026637617890659649, 0.18133164879084776, 0.025250894117858268, 0.062137136651884979], "deep": [0.12193500374320398, 0.035532464803459972, 0.18274209618214038, 0.02305042685530111, 0.10206772098993844, 0.064463130874163985, 0.066191665842507727, 0.10142545965753449, 0.029404265605907458, 0.1831956792861866, 0.025628405213438166, 0.064363680946217694], "standard": [0.052772587153406096, 0.091316649921203516, 0.19943113084808681, 0.021328781294488848, 0.14319233934339848, 0.017098150438685913, 0.063380458282118954, 0.075963280284885124, 0.038806383941630759, 0.18401017693648225, 0.022006808166577813, 0.090693253389035541], "standard_f": [0.051289621992972996, 0.092660027228650813, 0.20388907635455755, 0.020470059152354784, 0.14534668280869542, 0.015535200576150489, 0.061423907159084329, 0.073915733385892385, 0.036811298289290167, 0.18693821050825363, 0.020473138128104307, 0.091247044415993087], "hpss": [0.034420339202630337, 0.09740022939717044, 0.22364987400551817, 0.0096887028207947989, 0.15692838572896198, 0.0060527929406283343, 0.063465010098099073, 0.079231062333929361, 0.027824479904049033, 0.20335589355949521, 0.0079021134783716258, 0.090081116530351682], "hpss_f": [0.034500047680816229, 0.097522697869776354, 0.2244640281897585, 0.0095925232383486849, 0.15687272882583239, 0.0058985377320236124, 0.063117436113036093, 0.078267553977137125, 0.027625523274246486, 0.20412557497544689, 0.0078163696248555788, 0.090196978498722033]}