{"deep_f": [0.069009146172914815, 0.026849686838843933, 0.20347554274090718, 0.018911380980318339, 0.11955938545114303, 0.037524629374112349, 0.053743543056572189, 0.19118354401907467, 0.025917159387706057, 0.10162997077648127, 0.022200421724864947, 0.12999558947706122], "deep": [0.074836955009282405, 0.029668506220003759, 0.19150684029493639, 0.021550940980969185, 0.12078899295646063, 0.039514738872731471, 0.056717675258550336, 0.18220272599080756, 0.028454445279354618, 0.10746737341605112, 0.023829970244160548, 0.12346083547669198], "standard": [0.039222860825241963, 0.0228331998613816, 0.1515094504658685, 0.024918302357848653, 0.12228908505016728, 0.01796458349224438, 0.086502717595810324, 0.12270384420961787, 0.035788024393246999, 0.089574441123680154, 0.029114242873144548, 0.25757924775174779], "standard_f": [0.038583289443180527, 0.022243405994939094, 0.15092264284456297, 0.023462341590145801, 0.12307623804225182, 0.016605264870971647, 0.086717624511129243, 0.12287479582926616, 0.034905427901628483, 0.089616015318360123, 0.02713877544389702, 0.26385417820966717], "hpss": [0.025921095153362526, 0.013861607489832149, 0.16665341327265967, 0.011692508251757451, 0.13216870209192744, 0.0051734150490447108, 0.083669749026708373, 0.13327597382394918, 0.027447054837791432, 0.089187095692674412, 0.01254919438002512, 0.29840019093026759], "hpss_f": [0.025926751290288232, 0.013721069207496533, 0.16610226778537224, 0.011625310363605033, 0.13202024627133035, 0.0051003268223038661, 0.083697450732229603, 0.13278158252979202, 0.027257231472445242, 0.0893373352692515, 0.012474330122689784, 0.29995609813319557]}