{"deep_f": [0.13922222519147615, 0.033775153770175148, 0.097999201648148265, 0.02476225508548353, 0.12801229266605674, 0.051746916757980689, 0.040213291861082141, 0.13191018676331401, 0.015884285392778717, 0.24682143976861007, 0.014482974400755922, 0.075169776694138629], "deep": [0.13673903838014131, 0.034716083718720467, 0.098880440001898523, 0.025534439494242812, 0.12694743485455834, 0.051521164024831902, 0.042058540348748626, 0.13064413531873018, 0.016986685808673997, 0.24625439997514276, 0.015348688527433941, 0.074368949546877144], "standard": [0.081090357170938307, 0.03226626285408396, 0.070848257986015281, 0.030838389102739089, 0.11951975296679465, 0.042253212336976952, 0.069051815189106192, 0.13038755091164464, 0.055010684215499282, 0.24091053912977645, 0.044002685075357484, 0.083820493061067688], "standard_f": [0.078785712647097952, 0.031433345996811246, 0.068562860753800831, 0.028606753861553195, 0.11740083171786272, 0.038986664042969098, 0.067079590163077199, 0.13345483356124871, 0.053914555045243819, 0.25702487139752006, 0.04241714924560825, 0.082332831567206943], "hpss": [0.078141373948781706, 0.026739320833068625, 0.067637738504962325, 0.024543257523424844, 0.12706712162633463, 0.036754447289280665, 0.064889560525270965, 0.13806996240400918, 0.049318273817406257, 0.26242623083304556, 0.039186743988703344, 0.085225968705711905], "hpss_f": [0.077357653331377466, 0.026704308148281532, 0.067204942497560108, 0.023960089641233084, 0.1246756523446876, 0.034734447457821511, 0.063736237149930805, 0.13822595481632344, 0.049321485689114673, 0.27041055736236008, 0.03921276872216331, 0.084455902839146377]}