{"deep_f": [0.088298056682089038, 0.050386408029683714, 0.1426954858951047, 0.023858788795569803, 0.11944155804837892, 0.049884357570638201, 0.082610639298521901, 0.08726976113211378, 0.031277763384942849, 0.23173842954022522, 0.023682581496087183, 0.068856170126644897], "deep": [0.086167393483643023, 0.053968342190679211, 0.14268663292393113, 0.028033803988123079, 0.11840493932871224, 0.052741973284693322, 0.081001015916517247, 0.092633734668612397, 0.036956729879652817, 0.20542965713692515, 0.028720231880145681, 0.073255545318364687], "standard": [0.04327072181671815, 0.10374379233024381, 0.12864951556807794, 0.020148945149875828, 0.12226080398424187, 0.015647801575560078, 0.084979226553132087, 0.10019262839376331, 0.046622009195781224, 0.19356461876577513, 0.028431275613191895, 0.11248866105363867], "standard_f": [0.041550373251445685, 0.1040545338603715, 0.12898685997757156, 0.01911999553215793, 0.12243131896693468, 0.014405335488724481, 0.086027267175047481, 0.10039446616815885, 0.045598517821534679, 0.19743273061286362, 0.027224938318850516, 0.1127736628263392], "hpss": [0.021990882719837575, 0.11549930559227083, 0.14051692456199857, 0.0098510781932096125, 0.13752143959850108, 0.0060803970484823965, 0.085296862447734018, 0.10494344286890604, 0.035996187352651511, 0.21391946845956672, 0.01243899762869625, 0.11594501352814547], "hpss_f": [0.02182094763310579, 0.11549774259513218, 0.1404511504711547, 0.009762027645413611, 0.13695957355364002, 0.0059719827614208836, 0.085652088286504599, 0.10473356573079448, 0.03584013729990472, 0.21479545513462117, 0.012345746335582355, 0.11616958255272535]}