{"deep_f": [0.11882261329946357, 0.02248766480286778, 0.17280782577105006, 0.01655345138542804, 0.17525398863880939, 0.038524845200428516, 0.04209207102857368, 0.1755432866722621, 0.026996682639772975, 0.10170517162105407, 0.021859529365532752, 0.0873528695747572], "deep": [0.12581705294228943, 0.024774674757155786, 0.16558707227122346, 0.019107807870089581, 0.16750903017113744, 0.04275605780476073, 0.044572233850137602, 0.16496463305716541, 0.029453083023004582, 0.10908184664034257, 0.023500712798150449, 0.082875794814542977], "standard": [0.13921295259399327, 0.03778411457681128, 0.20182570146530832, 0.035846622625015166, 0.14874895254870366, 0.033623654611643301, 0.022081644141733574, 0.072645544271540907, 0.029765231323199817, 0.14956830339832572, 0.03067938341213507, 0.098217895031589939], "standard_f": [0.1450211274711444, 0.037643598846482385, 0.20950462545542065, 0.035473066950227297, 0.14809531068260684, 0.030780913689973297, 0.018675592751420344, 0.068580185833807011, 0.026981778142918165, 0.15289033295948334, 0.028413983493545035, 0.09793948372297126], "hpss": [0.14144650490057709, 0.032552469199360973, 0.22615586524731315, 0.028900414287448547, 0.16438909798043227, 0.028201117123296138, 0.0096744420706016757, 0.076425505178120717, 0.023724703179811971, 0.16323756202355386, 0.014411637477030831, 0.090880681332452778], "hpss_f": [0.14333645592426308, 0.03270094154135262, 0.22675853464614931, 0.028949582145062672, 0.16300228775393494, 0.027885723310224587, 0.0095156550637864254, 0.075360868956875771, 0.023386455466603038, 0.16398378503687691, 0.014312122109557637, 0.090807588045313137]}