{"deep_f": [0.053285212131314603, 0.042821555646505707, 0.24534823389243224, 0.019928861743883881, 0.084962545136020293, 0.042528370307599032, 0.090893166307425874, 0.11647541926376334, 0.024959063404725035, 0.16491438097970165, 0.026273196930737343, 0.087609994255890847], "deep": [0.061631388162875847, 0.054580543130125038, 0.20733635934109035, 0.025154420479575338, 0.092658150648038132, 0.046561756859172861, 0.08859600034036666, 0.11251682556937857, 0.03047400334142954, 0.16794026241399038, 0.030274582841459275, 0.082275706872498022], "standard": [0.042818742028260644, 0.11355899957476774, 0.16713675074096015, 0.016814340764305047, 0.069983154606379772, 0.01602415517170435, 0.13569648533359205, 0.11874826348523783, 0.054331355551027451, 0.14877188073466838, 0.022625537459085531, 0.093490334550011087], "standard_f": [0.041633323745054254, 0.11562163193747467, 0.17075613947960619, 0.016235789906117681, 0.070489196369043189, 0.014854701875782752, 0.13562206062999571, 0.11818096380164372, 0.052786266798322184, 0.14791715783242351, 0.021229702977663484, 0.094673064646872626], "hpss": [0.026941714125042194, 0.117390003746664, 0.18048584641113263, 0.0091412478421871168, 0.074011995983151641, 0.0076526372771948273, 0.14816270378271038, 0.12498083672905427, 0.043309257782999266, 0.15980773509177129, 0.010781364940683998, 0.097334656287408394], "hpss_f": [0.026879085505054821, 0.1179104596418411, 0.18116778319012017, 0.0090842833698855947, 0.074072059413088531, 0.0075039148899978571, 0.14782789414898337, 0.12449572025148693, 0.043101144990328966, 0.15977209391896571, 0.010655451090914239, 0.0975301095893326]}