{"deep_f": [0.17755017400119422, 0.022781264336621376, 0.10765537725417688, 0.016711019495434288, 0.16378177332760163, 0.039918387600415418, 0.030731429907505547, 0.18854785527704193, 0.013335192986424162, 0.17084863042465287, 0.015450208279491184, 0.052688687109440413], "deep": [0.16886589885662362, 0.024520842067731422, 0.11305973636895773, 0.018244332596225449, 0.15438054571010626, 0.042217185275271678, 0.033965878293134834, 0.18375379528746691, 0.014920301166546249, 0.17414751379421431, 0.016778906208936545, 0.055145064374784968], "standard": [0.071274099165016952, 0.03753189374786748, 0.12507069542966584, 0.032516389625040276, 0.12092792741610005, 0.041408411642900537, 0.073699428642284889, 0.14283122381782995, 0.0581479854162395, 0.18011606959837712, 0.032628864252834261, 0.083847011245842873], "standard_f": [0.068416264242914776, 0.036873510457767059, 0.12597068174148759, 0.029718301560852596, 0.11751694487046366, 0.038010445570504071, 0.072295336592342135, 0.1454865724801214, 0.055657910960291997, 0.1947061731116643, 0.030669539266165408, 0.084678319145425077], "hpss": [0.068331269759632204, 0.032681650452377704, 0.12950607090490404, 0.024743762448090793, 0.12909741265989433, 0.03509053339402321, 0.07229996147847885, 0.15328237214515897, 0.053026012879074276, 0.1926648449673628, 0.02387327503309964, 0.085402833877903261], "hpss_f": [0.06706773212975993, 0.032645817613966274, 0.12977238007427572, 0.0239983789650919, 0.12516500174094111, 0.034036630110001569, 0.072130188632351544, 0.15314904412617025, 0.052428822393997467, 0.20021380108312789, 0.023808685087251712, 0.085583518043064688]}