{"deep_f": [0.27082828010592169, 0.017255025654098002, 0.11073692490657505, 0.025114920870279531, 0.10194900328207786, 0.081458295590992644, 0.036829235687369406, 0.10638873403554468, 0.023945649697104856, 0.16917635498285005, 0.021251589900321208, 0.035065985286865053], "deep": [0.23599085662019087, 0.025612976960933755, 0.11166079605882907, 0.029329030419797654, 0.10553639751015143, 0.078449428125589998, 0.045098760197327101, 0.10466855788404658, 0.031517491021757611, 0.16260998436680479, 0.025591183414191639, 0.043934537420379498], "standard": [0.11668323852747023, 0.020464207476227587, 0.091781914692323774, 0.020961702713202777, 0.16819850139543818, 0.014109965939608348, 0.019369309798900062, 0.13843203517448469, 0.070866992124630449, 0.24090824883683953, 0.040258943564162188, 0.057964939756711964], "standard_f": [0.11734355747323603, 0.019610584189258273, 0.092468442607458734, 0.020393424055026324, 0.16901515228096953, 0.013158762738578241, 0.017893286191656147, 0.13777818123757421, 0.069223447825339415, 0.24608113263427667, 0.039284980511731973, 0.057749048254894256], "hpss": [0.12776373839306185, 0.015218341724753412, 0.098751961409906386, 0.0098830982655626707, 0.19567425232002639, 0.0052789815939750309, 0.0073564006573297539, 0.15298505477824537, 0.05935545511739599, 0.26940355107305419, 0.014555292859072767, 0.043773871807616258], "hpss_f": [0.12790132122210818, 0.015095825578372952, 0.098711873757564933, 0.009804923361003734, 0.19546370042369154, 0.0052208717844979364, 0.0072731711832371287, 0.15251997713656923, 0.059072750149537265, 0.27069962146771565, 0.014464800139516489, 0.04377116379618487]}