{"deep_f": [0.10279631628812423, 0.02212617595017222, 0.23148437429348109, 0.017670612453913583, 0.096615997089756572, 0.064599853149124545, 0.050077929773624942, 0.1480967896727996, 0.021510563638490132, 0.14393413507039818, 0.024655510121095466, 0.0764317424990196], "deep": [0.10876874209585324, 0.02328424283720365, 0.22327100859827884, 0.019146282027984188, 0.094761286369342404, 0.067375938331922194, 0.050119217399034292, 0.14551604385275177, 0.022739046371379912, 0.14597468029254804, 0.025866493321009067, 0.073177018502692398], "standard": [0.16003689395613604, 0.025504837907411967, 0.11460638643234028, 0.0184449631400215, 0.076260579945318138, 0.01169291393176162, 0.020012503608906815, 0.055171009534574475, 0.035858225338482888, 0.25933656935205557, 0.033688794565439883, 0.18938632228755084], "standard_f": [0.16494375787011478, 0.024847917757113248, 0.11452565189698574, 0.017329415210379673, 0.074026498599394086, 0.010544415074530333, 0.018861665268359966, 0.052471215978234224, 0.0342439167874342, 0.2640269773217751, 0.032231766055952689, 0.19194680217972596], "hpss": [0.15906568001249746, 0.016918317719427797, 0.12160785205208896, 0.011735627655521426, 0.079959971384241407, 0.0067797436133485425, 0.014568413405520255, 0.056193757868343935, 0.029640608771098389, 0.28690260659320593, 0.018648445760689351, 0.19797897516401661], "hpss_f": [0.16065715310397288, 0.016834867550454873, 0.12123157966528582, 0.011546347769515485, 0.078607221164404772, 0.0065630055981986107, 0.014408387744091327, 0.0550738415416821, 0.029513124228940084, 0.28815270730751408, 0.018675465404984059, 0.19873629892095601]}