{"deep_f": [0.050059808558948107, 0.050598472074932399, 0.18404086846332193, 0.020401937421286563, 0.15692570232340436, 0.033785025380293994, 0.08510263020734031, 0.098286254955455676, 0.038519573362033398, 0.1406132830672748, 0.022809026731632855, 0.11885741745407546], "deep": [0.054527583941015423, 0.053352667729060305, 0.17405410396528548, 0.022459481737511729, 0.15775303126837115, 0.035966102858370846, 0.086986747836554412, 0.094236756401243835, 0.04124882048736863, 0.1427325908630841, 0.024643023481448274, 0.11203908943068581], "standard": [0.098426592347639355, 0.15703115265547307, 0.12969760710427367, 0.026909931646727777, 0.13560917735007474, 0.027072498364039247, 0.078432744688771081, 0.015971903142561764, 0.027213842870429689, 0.07831357948204512, 0.032447097430563274, 0.19287387291740141], "standard_f": [0.10050140611309299, 0.16466924815227277, 0.13315487885132721, 0.025209562243121625, 0.13117359119737607, 0.024161096975284718, 0.071770812381756227, 0.013816412605516809, 0.026228421464048777, 0.07797695751014562, 0.031383707952984695, 0.19995390455307258], "hpss": [0.074539033906010035, 0.16822642831489912, 0.13844910243580538, 0.018285885135914278, 0.15158626019420754, 0.019552085987990929, 0.081520919795410401, 0.0067927034834554239, 0.022274512354267997, 0.081664075243096573, 0.02360420655360115, 0.213504786595341], "hpss_f": [0.075468686702275953, 0.17035454816689066, 0.13966436229908941, 0.017936694456209708, 0.14855497262590814, 0.019118839487957562, 0.079028020563792614, 0.0065579690162599026, 0.022306053527427035, 0.081978128736399342, 0.02362365988342784, 0.21540806453436195]}