{"deep_f": [0.1183189586004964, 0.034738889607947181, 0.15776438931350961, 0.026117239533432039, 0.11472972731236682, 0.059411735570287269, 0.05816516585365468, 0.13829760774281333, 0.032484136411398128, 0.15551491691923869, 0.027503039170028613, 0.076954193964827111], "deep": [0.11477881275439417, 0.039245987100271003, 0.15080717151853046, 0.028793122479837622, 0.11591320276039177, 0.06121684886195123, 0.06301038182146676, 0.12607867617956817, 0.036943144910851662, 0.15674805267356989, 0.029468959925022454, 0.076995639014144801], "standard": [0.093525994001355361, 0.027106679249307916, 0.087335693969521858, 0.02040902076041921, 0.11597287517360136, 0.016555886563953643, 0.063086457045822233, 0.073447637940936283, 0.034581151599889573, 0.19380596933720773, 0.040102096526220023, 0.23407053783176493], "standard_f": [0.096449224380913037, 0.025692003329533405, 0.087660167763842403, 0.019421526933034436, 0.11588398943203036, 0.014846127500644466, 0.060283522365921188, 0.068522997521591397, 0.032083324646981548, 0.19723559663562487, 0.03873249407726629, 0.24318902541261644], "hpss": [0.083733023733584155, 0.014366703487172536, 0.088441446880188734, 0.011092563272137621, 0.12906219198125155, 0.0059045709184242356, 0.062431391831917239, 0.076677675089200051, 0.024124875690099665, 0.21665836326783058, 0.026018298665581328, 0.26148889518261231], "hpss_f": [0.084800364227788555, 0.014056421937844701, 0.088383167945915414, 0.010948335535206348, 0.12855375094838672, 0.0057304728779048924, 0.061431937501171367, 0.074638601415381686, 0.023738916657016322, 0.21746667988071589, 0.026061398577469565, 0.26418995249519861]}