{"deep_f": [0.051123005016825547, 0.031754803668416508, 0.25251282830910232, 0.016665743338014273, 0.1041844072764358, 0.035323481386422953, 0.10366562802690828, 0.088825596602145521, 0.028761811306234189, 0.15748299438906971, 0.018659271122189992, 0.11104042955823494], "deep": [0.057672465642365972, 0.034111401079554307, 0.23507279559873975, 0.019028295545521844, 0.10938907727134239, 0.037186445964918588, 0.10072809883520023, 0.090259740655600607, 0.031985936151169653, 0.15440028172202708, 0.02023431517586299, 0.10993114635769657], "standard": [0.029276650971712243, 0.050020035435416159, 0.22795350480292967, 0.031525794796364505, 0.12486866871442771, 0.033083119713776907, 0.1328781660464971, 0.030506203371902837, 0.029043097783368714, 0.13849908195739427, 0.025126117572154574, 0.1472195588340553], "standard_f": [0.028264775184858527, 0.04926612520073588, 0.2375236833751859, 0.030535071758861474, 0.12385696617231241, 0.030832452186627494, 0.12916489843980092, 0.027807821715609655, 0.0267796493176665, 0.14001346979972537, 0.023971135550826837, 0.15198395129778897], "hpss": [0.012210897752918951, 0.043660114512217033, 0.25234155437304606, 0.018665618574858846, 0.13285837625629091, 0.025023535561014519, 0.14580629961838362, 0.020526837793204248, 0.018338646554918351, 0.15155875204792318, 0.015548176321135728, 0.1634611906340887], "hpss_f": [0.012157694621077155, 0.043439191785875665, 0.25445855475514323, 0.018620488825362273, 0.13183311730453723, 0.024673604213791764, 0.14400033476860402, 0.020122939319928076, 0.018268356052464584, 0.15213886940487434, 0.015531780519475933, 0.16475506842886564]}