{"deep_f": [0.062820186835052069, 0.046713518540582005, 0.18546296151545699, 0.022605762603791015, 0.12602323302417723, 0.052255775540869694, 0.081121890903258595, 0.070697378860597251, 0.040949185800153026, 0.18984845253589211, 0.024975097341878798, 0.096526556498291186], "deep": [0.062051412025741798, 0.061087880328642583, 0.15721006748035313, 0.03028728150455328, 0.13061596947097748, 0.052767633748978152, 0.084804964065215913, 0.073396226720421343, 0.05216291728018365, 0.16708663981568278, 0.03168298448193814, 0.096846023077311758], "standard": [0.036069738942294281, 0.035551473443026324, 0.092749937189956139, 0.016247579382364846, 0.10460697199443889, 0.021605862133338399, 0.03749887789258536, 0.018361537743532306, 0.13968482697219781, 0.28262566181752397, 0.068701467156104923, 0.14629606533263667], "standard_f": [0.034787876766111225, 0.035399969597684017, 0.091974915424999928, 0.015528320415548979, 0.1036381296915542, 0.020749166135229521, 0.037201881149388466, 0.017650074625306936, 0.141309215431969, 0.28650539259103208, 0.068588424291929087, 0.14666663387924644], "hpss": [0.021201169123095685, 0.0335893868863128, 0.10127266887032373, 0.0093890354176914201, 0.11919242835409513, 0.017153503612284605, 0.03586502889235333, 0.010681262817988198, 0.14596740184543924, 0.31239871362090021, 0.049062023465802039, 0.1442273770937138], "hpss_f": [0.021065812623616561, 0.033645336970038013, 0.10118965591715466, 0.0092890071148305255, 0.11882985556672451, 0.017042543995711881, 0.035772431406589901, 0.010593397761574969, 0.14644188098645455, 0.31281350223078574, 0.049017792904292666, 0.14429878252222597]}