{"deep_f": [0.080830820083165736, 0.026582187938308056, 0.26337501155624127, 0.017531897619489947, 0.086495994458873598, 0.050366596305112227, 0.07390647308359248, 0.10952549152794452, 0.023615919589075079, 0.16718153461802976, 0.023452401384770203, 0.077135671835397171], "deep": [0.088483456852209277, 0.029907257156743871, 0.2394146313820375, 0.021234307221992332, 0.08894878108078548, 0.05296088714926038, 0.073699748711802376, 0.11132091884165238, 0.026850793512138451, 0.16548749424614498, 0.026329963370102294, 0.075361760475130657], "standard": [0.087911455617901105, 0.061607865749318376, 0.13833737971973037, 0.025270553040602058, 0.090105133011945435, 0.026398104818328792, 0.087787256347147111, 0.11132029960237647, 0.046551118948703535, 0.23530855514889334, 0.026861866479035303, 0.062540411516018121], "standard_f": [0.091174070134253021, 0.062309551780319543, 0.13979800131226644, 0.02411946236002032, 0.089498353906788841, 0.02361662288200244, 0.08447127920132011, 0.10894784016595599, 0.043681751943061412, 0.24486611192852309, 0.025082313582787626, 0.062434640802701107], "hpss": [0.083328325478908727, 0.06104255346103199, 0.1493540911720258, 0.01822899689997512, 0.092796284165887991, 0.019844357394386405, 0.092160815019336095, 0.1195370081321192, 0.038086308724011163, 0.26045216876037214, 0.012273654291881929, 0.052895436500063529], "hpss_f": [0.084409288217395573, 0.061099865402648307, 0.14923437529102707, 0.01814305234584216, 0.09246443042694899, 0.019542532354255859, 0.090619781238932065, 0.11822176444608073, 0.037786513772584407, 0.26314724282664459, 0.012227368723921756, 0.053103784953718487]}