{"deep_f": [0.050483554840905893, 0.028025494159025471, 0.2290604919243448, 0.01707872399982659, 0.098453934266254137, 0.032120992939815733, 0.071346298667012475, 0.18844298822712541, 0.020894099627839308, 0.12075937313380407, 0.019833088070681806, 0.12350096014336426], "deep": [0.053289156107457332, 0.030525150963550407, 0.21741813594816706, 0.018669317773723541, 0.10355549086746424, 0.033080315480034678, 0.070974646847666634, 0.18477387674731116, 0.023053557634735839, 0.12185815738367603, 0.021023703751132543, 0.12177849049508055], "standard": [0.026880228624024113, 0.03048068050340445, 0.12095406176367797, 0.019687188922557587, 0.078094927521384222, 0.027016416391753149, 0.1280926130050227, 0.12628249581843723, 0.046024925269455695, 0.1373303187263066, 0.033520841253181326, 0.22563530220079489], "standard_f": [0.026185289582087577, 0.029977690650948668, 0.12067194041833594, 0.018650997113401905, 0.077384930296776469, 0.02493541576742948, 0.12769285477661532, 0.12515881302286716, 0.044685053434533717, 0.13974447822826697, 0.031829723819835225, 0.23308281288890148], "hpss": [0.01394757207094556, 0.024408932548144305, 0.12832703606105345, 0.010308472079527212, 0.079671754341990586, 0.020359439738888034, 0.13900729226819408, 0.13885938936265788, 0.038635727336656114, 0.14036993840059386, 0.014043352745280973, 0.25206109304606794], "hpss_f": [0.013912623480680333, 0.024235746486825915, 0.12800168763036518, 0.010210971357152524, 0.079099543222394667, 0.020109253808474323, 0.13847476507639947, 0.13830133377910928, 0.038467744746572982, 0.14116146135147425, 0.013986810599886507, 0.25403805846066452]}