{"deep_f": [0.068721884319409524, 0.03696268303948505, 0.23580892647763821, 0.019349638275802054, 0.084117565664329111, 0.039554106606667666, 0.1172886961353698, 0.072286279468108894, 0.025481065887893051, 0.19011082441280613, 0.020485560765809936, 0.089832768946680422], "deep": [0.078621701918525619, 0.043342985157774391, 0.19856432336483296, 0.025190161394893679, 0.093206543864252131, 0.044686578808365969, 0.10693489447595361, 0.08068664650544416, 0.031136116777425862, 0.18826592718025109, 0.024976077903487163, 0.084388042648793349], "standard": [0.040683622733861245, 0.061206031289763783, 0.1131832225394903, 0.020796027901240976, 0.098567675996612064, 0.019296031304922051, 0.20036316384038108, 0.14212914559497397, 0.062878137450672916, 0.13893786761243776, 0.024831300587289919, 0.077127773148353895], "standard_f": [0.039175904936487302, 0.060622714830369469, 0.1125457153222388, 0.019919376791668886, 0.098273076432989423, 0.018000033747769276, 0.20434269980312514, 0.14367245113183438, 0.062660190105661137, 0.13950449842234144, 0.023931387588501496, 0.077351950887013299], "hpss": [0.031097599551011358, 0.062223690791405835, 0.1240759911790518, 0.012820508585638766, 0.10899140459319055, 0.0066624148643846855, 0.22310004160024752, 0.14776575111658327, 0.047785076199207258, 0.14444705023280432, 0.011918275076420338, 0.079112196210054275], "hpss_f": [0.030977711840722635, 0.062126705855208277, 0.12405484884588586, 0.012769793650777536, 0.10854561554644775, 0.0065663318707041641, 0.22405260943655864, 0.14766401664688414, 0.047660995575631152, 0.1446063564266637, 0.011842597055139762, 0.079132417249376391]}