{"deep_f": [0.053462807490745251, 0.013918675838557172, 0.20536065844078966, 0.0057909467694508346, 0.1241195601553, 0.021343521080446518, 0.044516509745635584, 0.23480394919024741, 0.0078158160183675329, 0.08503107522868264, 0.0059795693003007961, 0.19785691074147657], "deep": [0.055941302182901276, 0.014647147649081383, 0.20066536287361644, 0.0060929315394292966, 0.12733857592973366, 0.021571129359822909, 0.043932108821492184, 0.23318854438120709, 0.0080141359020304628, 0.088888173412493332, 0.0061697889713433519, 0.1935507989768486], "standard": [0.046349041266167047, 0.060899479789919803, 0.14221249920615736, 0.042998385487774939, 0.10089976276532822, 0.026733658344428514, 0.12850724026460864, 0.12460168324290691, 0.044544490661212355, 0.14412266492247192, 0.026932178434980681, 0.11119891561404373], "standard_f": [0.044404972119207103, 0.059780469327254858, 0.14327200570543769, 0.044065456776605311, 0.10502664516298703, 0.023037699511254572, 0.12669781403970556, 0.12990568656291229, 0.042393087373647283, 0.1451672688416252, 0.023098221559930954, 0.1131506730194321], "hpss": [0.041399948764675509, 0.060822067492330607, 0.14646747517845893, 0.041244237382151369, 0.1028751288640438, 0.020570735017031789, 0.13229904626976996, 0.12818928219667985, 0.040173042946891308, 0.1485402428912608, 0.022039183988020253, 0.1153796090086857], "hpss_f": [0.041130148743976885, 0.059669131079474025, 0.14624200237696572, 0.042857061366658671, 0.10667770717976607, 0.019251186239828796, 0.12884730883599047, 0.13132646232152842, 0.039928557743523128, 0.148211333581177, 0.020007058738413581, 0.11585204179269709]}