{"deep_f": [0.11719980949972793, 0.03713000633479057, 0.17534019044979254, 0.02537578757126021, 0.10574699768680859, 0.053399418844065821, 0.071222472143227272, 0.10959643189544102, 0.03040215076774537, 0.18441987023868253, 0.026461049712411432, 0.063705814856046566], "deep": [0.11649007197773216, 0.041595129646308585, 0.16222928932080269, 0.027743211577824209, 0.11049532463198687, 0.05458922345477539, 0.071900981927442362, 0.10715467277755394, 0.034153590906155738, 0.17955291538281343, 0.028497465960184671, 0.065598122436419951], "standard": [0.067819550383616395, 0.14260948576661289, 0.19766449946816636, 0.024260138699181037, 0.11235693319244588, 0.015341194626432096, 0.031227228605195848, 0.083747978214579244, 0.043751369596000178, 0.20049089559946021, 0.022284298506644033, 0.058446427341665677], "standard_f": [0.067725005891335802, 0.14970637357384772, 0.20353349353214581, 0.02299246194000364, 0.10962563649831281, 0.013258418937042094, 0.027865886631766167, 0.08014952911208939, 0.041759422458106508, 0.20578815354536062, 0.020676727720187395, 0.056918890159802123], "hpss": [0.053194661359034418, 0.15738097222654063, 0.21763571682006561, 0.011513769414558344, 0.12086929411002741, 0.0078771215149701784, 0.025629401293489434, 0.089810727705287016, 0.036892537609471164, 0.22286352206664978, 0.0089993156565520288, 0.047332960223354065], "hpss_f": [0.053627965727611672, 0.15928873221384565, 0.21883709142576868, 0.011392994291618911, 0.11917700126096721, 0.0075982743104095751, 0.02491483810293868, 0.088259217825363973, 0.036712247379729772, 0.22431027217381211, 0.0088859655831684883, 0.046995399704765232]}