{"deep_f": [0.079487523756309686, 0.027729580086803016, 0.16939904672025996, 0.0094634944396470508, 0.15118722880363847, 0.024332793563363549, 0.068220270960095503, 0.15361907119496096, 0.012033460583471448, 0.19375497513895718, 0.0082978467824476182, 0.10247470797004553], "deep": [0.08079398849850894, 0.028343956185162621, 0.1659028090971657, 0.0099450545189791999, 0.15310503880765533, 0.024573342466464476, 0.065120164812357162, 0.15513856396518949, 0.012246603756299828, 0.19428680065335777, 0.0085443127335000819, 0.1019993645053594], "standard": [0.055495048715975388, 0.051284710258617132, 0.13633076499685448, 0.024446414430504562, 0.1011033077864037, 0.043732234487729914, 0.080341910655820498, 0.10771006463123554, 0.060227280541647839, 0.18735783313581278, 0.04848999264390829, 0.10348043771548991], "standard_f": [0.0552369181352989, 0.049906230284278881, 0.13811514709690381, 0.022959161901945333, 0.098759562112702093, 0.039544388764590065, 0.075751415854334897, 0.10589790712378663, 0.058853011436516084, 0.19844950236640468, 0.048721446611826723, 0.10780530831141184], "hpss": [0.048010666395788319, 0.048088521396094756, 0.14093261597470147, 0.017998448411345541, 0.10401060587605385, 0.040256543921790316, 0.081358505635691469, 0.11222109664957854, 0.058026581183642748, 0.1963148579037334, 0.045180832351182469, 0.10760072430039712], "hpss_f": [0.049013655280090794, 0.046918516589409154, 0.14237882613529715, 0.017865565658156998, 0.10216165876248279, 0.037690214239589417, 0.07709931283804608, 0.1095086416305754, 0.057749736294491788, 0.20315708398243371, 0.046054151857689032, 0.1104026367317379]}