{"deep_f": [0.048894039559969286, 0.03127974542376958, 0.19967942207248826, 0.011615377463533532, 0.11106281603053998, 0.024214191481785143, 0.11488496395478406, 0.10593461676452863, 0.013695778211408957, 0.23180969410551944, 0.010332989725086603, 0.096596365206586599], "deep": [0.05182301003995448, 0.033582723917373825, 0.18809368311614819, 0.013282183503569491, 0.11718793158276504, 0.026461290512394202, 0.10241642934057255, 0.1139839907004748, 0.015438470455629296, 0.22720337293790172, 0.01188154626542169, 0.098645367627794744], "standard": [0.044943968901019246, 0.044023975971116548, 0.08984883405677907, 0.025417797882195007, 0.10417068424172184, 0.038225136138280734, 0.08146631934944977, 0.098283967558838503, 0.047158329607259991, 0.25073574076291427, 0.043611702450956809, 0.13211354307946815], "standard_f": [0.043054779301533556, 0.041959314255233061, 0.084582087774018253, 0.022840184593534704, 0.10121786193248, 0.033971327522490852, 0.075280147234726424, 0.097603486085077282, 0.044253256292629987, 0.26925652773693332, 0.042865782634565551, 0.14311524463677691], "hpss": [0.034270100159635053, 0.040054920364539816, 0.090828430304952995, 0.0178591647330976, 0.10994521873841677, 0.032484922771358331, 0.080050231652367784, 0.1003748058574581, 0.040905882334133073, 0.27456699844891114, 0.037383040908242113, 0.14127628372688741], "hpss_f": [0.033882284416122219, 0.038860341404288248, 0.088145134754831808, 0.017413027386607004, 0.10788898020337782, 0.030952392996400423, 0.076578841420947438, 0.10052215350412336, 0.04061695206238497, 0.28160159185532119, 0.037438721033611885, 0.14609957896198381]}