{"deep_f": [0.14296690998899908, 0.029459819625037874, 0.14341611522142161, 0.021641612912960358, 0.17624889857296264, 0.052679556442876502, 0.046079116857863818, 0.12228170824381204, 0.035334875578707854, 0.13691063071753751, 0.021938276793783611, 0.071042479044037155], "deep": [0.14483893059490502, 0.031634260735106702, 0.1409623901842538, 0.023736421888955472, 0.1664085709497963, 0.054281375348575286, 0.049520735903890105, 0.11866790826624264, 0.037245674154191027, 0.13900424357605151, 0.023510587988736571, 0.070188900409295554], "standard": [0.074554198350576556, 0.022108098920793497, 0.17378081938019671, 0.026760979622184381, 0.18612914911113915, 0.022097554179589519, 0.023230672586240494, 0.096014081280165572, 0.035181508647448213, 0.22451038460037126, 0.030326700084709609, 0.085305853236584961], "standard_f": [0.074882116692770326, 0.02123912343942444, 0.17951635594946624, 0.025939911054483067, 0.18837824901659928, 0.020080257868630207, 0.020828664069348427, 0.090737864487601114, 0.032453759011555089, 0.2315680858663538, 0.028244561272753134, 0.086131051271014808], "hpss": [0.066334449751328017, 0.013542984565038069, 0.19684376375908569, 0.014990677662653391, 0.21244403426891045, 0.013057639907329993, 0.014279142830917002, 0.10644092038817739, 0.023332107275795908, 0.2527452367244597, 0.0092454680386378652, 0.076743574827666375], "hpss_f": [0.066730679342225721, 0.0134915007607939, 0.19771307101849392, 0.014900599121084919, 0.21233356987351551, 0.012909271917985384, 0.014128570463064958, 0.10422900189577439, 0.022988743498596111, 0.25445434778341919, 0.0090949332410441737, 0.07702571108400165]}