{"deep_f": [0.05393562753539724, 0.05425951323462451, 0.13049760545176547, 0.015525963130213066, 0.15656464662785452, 0.027073312616600061, 0.058696880167932383, 0.097476809268055423, 0.014783280662513949, 0.28158928409103939, 0.0094296315692359387, 0.10016744564476823], "deep": [0.055967323328699164, 0.054011944712051979, 0.12920700485114631, 0.016683946051355078, 0.15378959959387881, 0.028407727444029817, 0.060118137808661133, 0.095255973348702824, 0.015877395080150864, 0.2832543141412952, 0.010366618376077589, 0.097060015263951249], "standard": [0.048585089689701731, 0.032761213537492409, 0.078977962865025661, 0.02499181783767657, 0.10084513454430469, 0.018101922904416048, 0.031532068632155456, 0.075849561368781487, 0.048764190357746824, 0.36639892383532169, 0.06166830275861733, 0.11152381166876019], "standard_f": [0.045378025856276739, 0.031548508571829309, 0.075691008317929284, 0.022822177630920058, 0.098989473284527035, 0.015556330067498965, 0.028401024328013464, 0.074927707430047494, 0.046984722481513773, 0.386174570943976, 0.060561485803007041, 0.11296496528446072], "hpss": [0.038529115052055404, 0.027870571541392903, 0.077305297030765746, 0.018501571145485229, 0.10460621810592695, 0.011016127937970724, 0.02569310501321103, 0.077139601295951946, 0.045137721518636341, 0.39954459259889269, 0.058815697479824749, 0.11584038127988637], "hpss_f": [0.037967856075848003, 0.027514543284642121, 0.075674675087828921, 0.018042464787827586, 0.10356346881824527, 0.010570321438690492, 0.024913066962269519, 0.07633050290637991, 0.044610744930536607, 0.40535040092622143, 0.058996010986129339, 0.11646594379538075]}