{"deep_f": [0.069110133251749473, 0.041802315564031307, 0.17308952267254443, 0.021044990424494196, 0.13397660097760952, 0.041096542037368081, 0.077897512128856122, 0.10045347944680333, 0.032342206722153294, 0.18976809454503674, 0.020705123748855046, 0.098713478480498662], "deep": [0.073466638305784412, 0.043915244242780919, 0.16477116272812048, 0.023399061130400262, 0.13640474151970061, 0.042203134255510782, 0.07831327378977182, 0.099579201440324824, 0.0356460023061499, 0.18285582594597652, 0.022479832693637559, 0.096965881641841889], "standard": [0.035139041249651559, 0.040213018875627976, 0.10751463340761802, 0.019358182715286793, 0.20244459396238929, 0.027551989482056539, 0.12129892916680279, 0.071242658119145361, 0.028665222081263899, 0.16596579486787902, 0.023252569240787467, 0.15735336683149148], "standard_f": [0.034051776930916856, 0.039966461508846508, 0.10955991322232092, 0.018667592849397664, 0.20562034295099124, 0.026226706474400677, 0.12193004854991867, 0.070019234864911975, 0.027173175846508798, 0.16673502435520701, 0.021648080332887724, 0.15840164211369195], "hpss": [0.019448891695567214, 0.035542018194318445, 0.11420113405566047, 0.0094739330285406147, 0.2266609134580192, 0.012717338514151688, 0.12607625560248328, 0.072693975751834464, 0.018468852666651946, 0.18044067149596876, 0.0095605430068423959, 0.17471547252996156], "hpss_f": [0.019386457231554292, 0.03553817571154004, 0.11470884324055064, 0.0093645149895252074, 0.22668067576251499, 0.012567774661529888, 0.1261597514356422, 0.072072149489628326, 0.018271984146719912, 0.18077329212463009, 0.0094532694604179957, 0.1750231117457465]}