{"deep_f": [0.059927188262308265, 0.026145255448165532, 0.27245977886843453, 0.014624414330109867, 0.084908083498588638, 0.035183165329877975, 0.1082371854444347, 0.099814320076408738, 0.02085076687635732, 0.16593808942058916, 0.018231159484014325, 0.093680592960710976], "deep": [0.074614508101371629, 0.030370675021536675, 0.24554044628959024, 0.018949817383976216, 0.08839743937836872, 0.041602855641491882, 0.098870973351805669, 0.10280451006301845, 0.024902739535546663, 0.16460240456338951, 0.022235460396781447, 0.087108170273122912], "standard": [0.1159280013736889, 0.11372832007842187, 0.14890947695718482, 0.022600606328744544, 0.072130590372832343, 0.026996931891703643, 0.11010325474872429, 0.090701783560934654, 0.037658499023036092, 0.15758297636486218, 0.023274515292216129, 0.080385044007650369], "standard_f": [0.11880992038655101, 0.11656886566552438, 0.15114887045669589, 0.021799329502162568, 0.07151648595215139, 0.024834356158099414, 0.10784429240985388, 0.08875495489485602, 0.035892114043182433, 0.15978968010614547, 0.021455094963583624, 0.081586035461193931], "hpss": [0.11195593938580409, 0.11779540507986248, 0.15920078711584171, 0.016037054494318935, 0.073185824738544847, 0.02186906242488423, 0.12031480827094448, 0.096321752338611219, 0.029965725766674688, 0.1678712411372264, 0.010203754833210949, 0.075278644414076085], "hpss_f": [0.11301178011751829, 0.11850630744490455, 0.15926901958110248, 0.015993398097892346, 0.072870104609806099, 0.021612795381971719, 0.11918893404003475, 0.09516418550081665, 0.029762806772991746, 0.16867632555921447, 0.010160308888560071, 0.075784034005186504]}