{"deep_f": [0.022483842589216783, 0.034616312964852715, 0.2198295257216426, 0.012372103637018581, 0.11746212738367823, 0.020707330256725224, 0.11032921411687278, 0.07881586797762298, 0.021591965447714186, 0.17996324028077099, 0.009948499743862721, 0.17187996988002216], "deep": [0.023172502869274605, 0.035621118667282778, 0.21696331176630279, 0.012828162668100133, 0.11797579790328079, 0.021185652887835325, 0.11133360120268428, 0.077086304424456201, 0.022182270423007321, 0.18218395257243739, 0.010417042488776437, 0.16905028212656195], "standard": [0.042190083723742916, 0.042125832181469335, 0.10592346657654136, 0.019433248488223403, 0.1063377970386707, 0.049872378515995339, 0.17799723689266095, 0.042207404250500132, 0.026152697731759982, 0.22795496188518793, 0.03662070680551674, 0.12318418590973107], "standard_f": [0.040080145350865196, 0.040649499607642497, 0.10349798871647518, 0.017810682852570314, 0.10580259448267212, 0.046806204387253011, 0.18060655861536368, 0.040718199221621391, 0.024108156159522706, 0.23920249702367044, 0.035565828957667786, 0.12515164462467565], "hpss": [0.032694274171898144, 0.038609357120312132, 0.10812520701454036, 0.012686781773577569, 0.11208090628791911, 0.045108410000441655, 0.19454194645684142, 0.035293500451810421, 0.012272587413012764, 0.24994555180711581, 0.028441809479168856, 0.13019966802336169], "hpss_f": [0.032359576224955673, 0.038544997155532966, 0.10746247209047861, 0.01252853477973101, 0.11135418568428002, 0.045070369396814934, 0.19504964239836434, 0.035391415277094836, 0.012138785060094004, 0.25221521350010878, 0.028281906284326218, 0.1296029021482184]}