{"deep_f": [0.11937122153048384, 0.015720671010066259, 0.18158374387031839, 0.010453166498190759, 0.10171348085787611, 0.050268310860696899, 0.038575487001256924, 0.20341318018532886, 0.0068664566558952044, 0.1539770455514273, 0.010501942927562886, 0.10755529305089639], "deep": [0.12041734734281245, 0.016036237970819184, 0.1805204688242191, 0.010745660623005056, 0.10202639715641684, 0.049946535956295599, 0.039608103117147409, 0.20183979777903427, 0.0070925588709725203, 0.15615994280342083, 0.010686503475774401, 0.10492044608008234], "standard": [0.061659072415547758, 0.062521934079761976, 0.083391470304825119, 0.025277747640869135, 0.10422218724147504, 0.032772679439426959, 0.11278512655586156, 0.18758069955932763, 0.039653277626821103, 0.17415674445820054, 0.026342124304500013, 0.089636936373383241], "standard_f": [0.060964956963058231, 0.063505831074027644, 0.081341981471907937, 0.023656816961269003, 0.10759284638325568, 0.029385489454554534, 0.11219137671237801, 0.19152737301337663, 0.036812553803219093, 0.18061416689637658, 0.02356493747709083, 0.08884166978948585], "hpss": [0.05950919231106553, 0.062498093845221529, 0.082192520290992582, 0.021418103081976465, 0.10557631285752929, 0.027815836290807073, 0.11448311811352879, 0.19738056503067247, 0.034980668066607434, 0.18122896507260791, 0.021407609837432149, 0.09150901520155863], "hpss_f": [0.060010087876983288, 0.062571493783699916, 0.081416934099116128, 0.021450956037847153, 0.10699640386594698, 0.026489984728766559, 0.11362735588335182, 0.19796968861436137, 0.034456183617230365, 0.18296478882890729, 0.020538713400545514, 0.091507409263243689]}