{"deep_f": [0.011292797196061608, 0.070989047387954488, 0.20764554311936995, 0.0069929519788292554, 0.095641619841425038, 0.0058073149471308807, 0.21569305333130084, 0.0300075259454382, 0.012885172739538266, 0.23580640351859819, 0.0049583432501335688, 0.10228022674421966], "deep": [0.011340059805405592, 0.07442426113538339, 0.20314753805415972, 0.0072503621413660454, 0.099236135114960947, 0.0059852214174822456, 0.21231472148873734, 0.030592446295837683, 0.013424454810693156, 0.23478845465997436, 0.0052641183239895278, 0.10223222675201001], "standard": [0.037693708173278891, 0.11550162200099617, 0.07946077842149539, 0.03370710991822834, 0.14523951313054412, 0.039873684334765437, 0.15077881382142477, 0.035227623677219655, 0.073207126868778435, 0.16431829796523675, 0.038552043829545399, 0.086439677858486635], "standard_f": [0.034805394756127137, 0.12059906899647178, 0.078623259042732527, 0.033375589499869338, 0.14977346998956123, 0.035426817872968655, 0.14407134924894974, 0.032911486315367361, 0.072097266292792436, 0.17569715043674339, 0.034127527247126865, 0.088491620301289653], "hpss": [0.030941106680494782, 0.12100341369877508, 0.077292827321917126, 0.029794784719387627, 0.15141570212770941, 0.035956353061525198, 0.15891144171925478, 0.029327151727445367, 0.070776386277860662, 0.17172939078240457, 0.034822801697980008, 0.088028640185245366], "hpss_f": [0.030806871326430622, 0.12342936122371326, 0.076706167703723668, 0.03070115428353757, 0.15428191082687612, 0.033460854793292333, 0.1488778513221396, 0.028883922243257403, 0.07124821587222667, 0.17984457972655471, 0.031746963755239922, 0.090012146923008102]}