{"deep_f": [0.015932890024801683, 0.027077585548746511, 0.22994972487296936, 0.0065994180206978585, 0.11188050013785823, 0.0079934892163274502, 0.15143109355293541, 0.10418080248180865, 0.014671847708007977, 0.15879958673022496, 0.0049381057386870923, 0.16654495596693483], "deep": [0.01606799478240915, 0.027571897811521879, 0.22721760628763446, 0.0067339254138525789, 0.11583113167557409, 0.008065459268797143, 0.14721376928612182, 0.1065606697829337, 0.015192526308325282, 0.15577291085115602, 0.0050667581502007479, 0.16870535038147313], "standard": [0.032538576888213808, 0.066191018150508762, 0.11425642020064433, 0.038711824746308902, 0.14891568441677477, 0.039465530076020022, 0.16302117765923166, 0.039090803402793944, 0.0564014570446204, 0.15278635121361464, 0.038327230308248042, 0.11029392589302077], "standard_f": [0.028736878733126758, 0.064234810247362578, 0.12243805995049781, 0.038385327514187245, 0.15461342247186297, 0.033514579069483998, 0.15671061797558816, 0.037354203430680293, 0.053488607581625248, 0.16328203971833113, 0.032869155941859927, 0.11437229736539389], "hpss": [0.02593996507782776, 0.06717823383506101, 0.11671307279588324, 0.035125662357675218, 0.15598188244303723, 0.034153017231463148, 0.17180411019848441, 0.032878900133817994, 0.05141852061597782, 0.15939597617435919, 0.034329467007764368, 0.11508119212864866], "hpss_f": [0.025180767856713662, 0.064948248775937967, 0.12253278010931858, 0.036445462909376371, 0.15779603595967784, 0.030616100858899941, 0.16308259850906545, 0.033051309526874281, 0.050423608957067524, 0.16691345057551074, 0.030714221026400122, 0.11829541493515749]}