{"deep_f": [0.045808197890434062, 0.024404698017820158, 0.19585793715819966, 0.014693714412092808, 0.099978757240652277, 0.02845525495674734, 0.048066661998967683, 0.23414894694938365, 0.013980342106308203, 0.10871317488311337, 0.014299305914824421, 0.17159300847145625], "deep": [0.048467141541058217, 0.02683856004456894, 0.19018252650352963, 0.0161925478559879, 0.1033455227354234, 0.029374962613980322, 0.050703707649467064, 0.22629490776261965, 0.015961401528105674, 0.11438468934249481, 0.015749972122241395, 0.162504060300523], "standard": [0.051964207803973698, 0.038014297925647887, 0.12628720889308725, 0.025291167180477126, 0.10743710765477234, 0.054925127827456968, 0.12588983818978691, 0.12279377679767974, 0.047371596911805473, 0.11509761359957194, 0.047919777394809751, 0.13700827982093086], "standard_f": [0.049274612254216567, 0.037112360707977694, 0.12461819768171074, 0.023432836879928431, 0.11088461331327863, 0.054133422150631758, 0.12912484365513635, 0.12289317527022926, 0.045056922418473179, 0.11505209432171769, 0.045926532899315746, 0.14249038844738376], "hpss": [0.043012600088197406, 0.032819421169922237, 0.13100146217098368, 0.01878347392565961, 0.11346602328911912, 0.049421757137797943, 0.13024280596774063, 0.13215784402019126, 0.043175737992935906, 0.11730618507926344, 0.041038525228459667, 0.14757416392972916], "hpss_f": [0.042638497573550996, 0.0328666698154629, 0.13027750672501279, 0.018649110712344204, 0.1144031992363858, 0.049902395876853203, 0.13138100364377633, 0.13121992973007462, 0.042451825525172154, 0.11654402959044521, 0.040586121191303781, 0.14907971037961798]}