{"deep_f": [0.043741976851515228, 0.093471594778273229, 0.12023697094713061, 0.021368160930880262, 0.12724206096081028, 0.029188323006582997, 0.14149089685007324, 0.042482892804208833, 0.032269314702820996, 0.25301415022562951, 0.017883828714577579, 0.077609829227497262], "deep": [0.04553610110609714, 0.092593887314445331, 0.11756731021589012, 0.023034643275632077, 0.12881990178167321, 0.030723409307471781, 0.13784649366472326, 0.045085129670337086, 0.034807805140370907, 0.24314884997771558, 0.019206527195573413, 0.081629941350070109], "standard": [0.041448146874253154, 0.12609152349428066, 0.078076820300028785, 0.022436270301112213, 0.16520543254052267, 0.028014768644126175, 0.17960331186067344, 0.025478188238097919, 0.029734891760308475, 0.18917075431134919, 0.030241603489022582, 0.084498288186224915], "standard_f": [0.039376777254041116, 0.12684340597818303, 0.078036387785032107, 0.022141343271059648, 0.16630698219750431, 0.02713010028318159, 0.18190375097963354, 0.024500144335494377, 0.028356997749952154, 0.1912950273946874, 0.02955323719970953, 0.084555845571521196], "hpss": [0.021550242042059145, 0.14135212880404763, 0.072327844777994116, 0.013825840746535723, 0.18858516206032094, 0.017522583117960167, 0.20320863832426983, 0.015093660563607015, 0.013045524453249411, 0.21061415986932638, 0.019298440303054068, 0.083575774937575481], "hpss_f": [0.021442815454279764, 0.14165734481567091, 0.072460682451546701, 0.013776843723475651, 0.18860259930062617, 0.01737120751178595, 0.20300555717683869, 0.014982522483310907, 0.012967353720734093, 0.21113858069454514, 0.019220667455744786, 0.08337382521144121]}