{"deep_f": [0.029906101835579499, 0.029763968820924778, 0.16260972555055339, 0.0075984115759084644, 0.19157574033232247, 0.0070499900908771018, 0.083521271761651361, 0.16361500427570927, 0.024129943573114609, 0.093614136241380264, 0.0057425894521216771, 0.20087311648985723], "deep": [0.030984386275695944, 0.030357385036909403, 0.16064983887510298, 0.0077304355679065784, 0.19298804369723854, 0.0071680620065276111, 0.082815135482157853, 0.16391066008049088, 0.023996028034634197, 0.094460989396323677, 0.0058777898331705139, 0.19906124571384182], "standard": [0.035752890842971251, 0.059911184971911419, 0.10587245308466452, 0.036687555728306016, 0.13873225046196686, 0.046109588928625746, 0.15140575430050643, 0.058250886053960463, 0.08721248620156323, 0.10306293702178153, 0.039537268310015763, 0.13746474409372678], "standard_f": [0.030832204873163582, 0.059491448063842288, 0.10753675797296068, 0.03760183048799056, 0.14437406634329142, 0.041230259254995662, 0.15093532583883015, 0.059863466318955144, 0.086232243942828871, 0.10725078256134919, 0.033166799362943089, 0.14148481497884924], "hpss": [0.028987296548105276, 0.059422017939105301, 0.10726922912511402, 0.034627784800637926, 0.14525785116890377, 0.041604845860336685, 0.1577748856889824, 0.054406588912158202, 0.086888430751572931, 0.10316666176952224, 0.035266149814698958, 0.14532825762086224], "hpss_f": [0.027172040236106389, 0.058362172683195011, 0.10802332024524879, 0.036685438169347197, 0.14852569532566268, 0.039128471547105977, 0.15355743001924516, 0.057576594814407529, 0.086782218028738423, 0.10573687248248473, 0.030821960980743232, 0.14762778546771488]}