{"deep_f": [0.10733172226134162, 0.029954937913676215, 0.1896732301105738, 0.026944655941530383, 0.087495614493380877, 0.057336502025610414, 0.056248597874512508, 0.18161056994019331, 0.02786661679137184, 0.12309003326199253, 0.033381113816684051, 0.079066405569132525], "deep": [0.10375915841906259, 0.033954867629154471, 0.18349547810762101, 0.028827443667541558, 0.091273676215671964, 0.057584088544303406, 0.06194931391891275, 0.16512603187758187, 0.03138665950096698, 0.12845507920238314, 0.034458488021951228, 0.079729714894849021], "standard": [0.14969839299778051, 0.054454773396896618, 0.11559322875614707, 0.018561068146724379, 0.05629053332382053, 0.014392564713515583, 0.083555727549157729, 0.096830014308420587, 0.046019288918549582, 0.13925521930068169, 0.02854914403637945, 0.19680004455192643], "standard_f": [0.15516828855200268, 0.054078347895487454, 0.11717496909105875, 0.017661571621098267, 0.055187583084105568, 0.012811010217380639, 0.081065181790917165, 0.093030500798027896, 0.042977269066825065, 0.14047534764953065, 0.026418787545346725, 0.20395114268821909], "hpss": [0.15433305006930712, 0.047363123687963138, 0.12246560172121913, 0.011728119629803505, 0.056560088502595154, 0.0065646227476466651, 0.088117277918692408, 0.10271119952035725, 0.035568717584832273, 0.14750380904560068, 0.011521757785287762, 0.21556263178669482], "hpss_f": [0.15581734483096571, 0.047170339873908021, 0.12264389406654377, 0.011692237937128844, 0.056211552087552318, 0.0063719563401189866, 0.08668824798338029, 0.10114254327264488, 0.035116680453069746, 0.14803049456600068, 0.011425391624525518, 0.21768931696416124]}