{"deep_f": [0.095873109006119742, 0.02589448327779004, 0.1691630901678885, 0.019914171566565338, 0.13667088977236266, 0.052143969315041609, 0.039387874479703981, 0.19962223119032116, 0.025178717074437675, 0.10178777831090549, 0.024414537541600088, 0.10994914829726365], "deep": [0.10279672949545178, 0.030345110492135396, 0.15854510099142033, 0.024389804936043525, 0.12675450483150941, 0.055360899706618352, 0.043096975829872507, 0.19557451971412634, 0.028141656271693027, 0.10921435275648587, 0.028386473385247177, 0.097393871589396275], "standard": [0.11683308534344931, 0.036630780972043656, 0.11525224937648132, 0.028459942241685188, 0.096816616570701161, 0.055914971312531161, 0.05434133699288117, 0.11850140878866953, 0.046086238472488321, 0.15155508851339625, 0.033386618407295961, 0.14622166300837716], "standard_f": [0.11966952209040149, 0.035604718336975892, 0.11575838900264582, 0.026776041384702413, 0.097835849812167072, 0.054600671280712415, 0.05343585745498626, 0.11758361666823383, 0.044383683815684735, 0.15128189371339784, 0.03106167089087462, 0.15200808554921766], "hpss": [0.11850522195171122, 0.0292212138155926, 0.11511160019719281, 0.02060554192164224, 0.10115898566664651, 0.054501292427356733, 0.050481470881958646, 0.12673062330571383, 0.041468624192279251, 0.16276342551502224, 0.023539256319047012, 0.15591274380583697], "hpss_f": [0.12006764120377957, 0.029220247402585588, 0.11493860917591903, 0.020496885493829629, 0.10171178100932234, 0.054307657827019608, 0.050356170676371097, 0.12516603343201577, 0.041036827128926839, 0.16137383610374767, 0.023302805865213754, 0.15802150468126902]}