{"deep_f": [0.041764216202484897, 0.068897111629021235, 0.19137348300001933, 0.0080616317748929151, 0.12546117024121356, 0.015402061495796008, 0.12959241054429466, 0.10385442006596773, 0.011366110793383934, 0.21326149374967929, 0.0077927648050840313, 0.083173125698162403], "deep": [0.045046516326203968, 0.063717854839270088, 0.1917393464377363, 0.0087658223652642472, 0.12499528850273764, 0.016683031082921126, 0.12565596990082287, 0.10866999418949623, 0.011931673115186016, 0.20879826969435272, 0.0084042987120248238, 0.085591934833983987], "standard": [0.032429408030977637, 0.079296511889013849, 0.092204182343046975, 0.022316175635151612, 0.13568212849828096, 0.044314681620262447, 0.16651083228529986, 0.091657480141857553, 0.074016886359102571, 0.15295240063660576, 0.037554488891837316, 0.071064823668563412], "standard_f": [0.027731500331733182, 0.078134651609248637, 0.094112883586886562, 0.019773288199067842, 0.13904851123165279, 0.040188423727810875, 0.17356301327073903, 0.094445073815317526, 0.068220008280277925, 0.16085372576968834, 0.033669919382961509, 0.070259000794615778], "hpss": [0.026872533702777732, 0.081949316518087845, 0.093063031393608997, 0.017743845326009425, 0.14160699225128812, 0.039703937829147114, 0.17429134079454889, 0.091161504207698932, 0.071596652503432459, 0.15776575084919617, 0.032901893843597034, 0.071343200780607241], "hpss_f": [0.024285309619199349, 0.079267916746747547, 0.094894986874058257, 0.016932413177440996, 0.14355991829108442, 0.037671677260096188, 0.17837534735448096, 0.093584381750745807, 0.067233208379474274, 0.16234639276154159, 0.030850793402106311, 0.070997654383024342]}