{"deep_f": [0.21607868046260165, 0.014676761640193195, 0.094892090604468293, 0.020647947855248688, 0.13708565266468004, 0.062109040179496519, 0.015856765803087976, 0.25848665133276039, 0.012218878021235122, 0.086143211819539517, 0.030975763196340361, 0.050828556420348295], "deep": [0.20968352803494494, 0.015794156751255808, 0.097174783397967646, 0.021510638234723083, 0.1332197370699883, 0.063964557317616008, 0.01667513602395199, 0.25733128054534982, 0.012964016593580511, 0.08742673571460205, 0.033434104280593305, 0.050821326035426537], "standard": [0.11138995657327255, 0.028077435774089662, 0.10820926182861781, 0.030171800254811545, 0.13058148459671379, 0.092987107281926121, 0.059126093697294865, 0.18721519272092357, 0.056355403050529114, 0.089743783463029206, 0.040339569349578219, 0.065802911409213544], "standard_f": [0.11161895101065521, 0.0270390132058109, 0.10811674729573971, 0.028093790142007139, 0.12726631396047075, 0.091987862706039203, 0.056959306293503702, 0.1956349074511404, 0.055203426403932825, 0.092023384111402332, 0.040938129732667541, 0.065118167686630146], "hpss": [0.11550260406543, 0.02223447984962397, 0.11026850491376156, 0.022844715193685115, 0.13737508668121975, 0.094513488522804265, 0.053709414478422646, 0.20472994535452152, 0.052348219326897337, 0.084856022465201075, 0.03522824566224101, 0.066389273486191669], "hpss_f": [0.1151196403000999, 0.022143087589596776, 0.11125847172589115, 0.02239027599528514, 0.13427261371505814, 0.09218988003206538, 0.053027957028403898, 0.20875209064316255, 0.052237218874560495, 0.086688520630920834, 0.035783458923921395, 0.066136784541034291]}