{"deep_f": [0.12035867649201924, 0.024495377462907121, 0.19220419589255169, 0.017556767744599557, 0.1235590285678974, 0.052415939143527414, 0.055438127474372378, 0.14516767980493772, 0.024509405103752539, 0.14951993926124302, 0.020390602694319946, 0.074384260357872059], "deep": [0.12263178728946271, 0.026106478940438722, 0.18570009496473391, 0.018731935336553686, 0.12476849184529339, 0.053591584452799448, 0.057519539300650992, 0.13695060072698806, 0.026510889193003252, 0.15301420896366041, 0.020986444528399192, 0.073487944458016222], "standard": [0.086456384359642174, 0.04925504189590553, 0.17789178183857443, 0.025836429444816275, 0.16722018460860644, 0.022974202894199356, 0.071855139176385155, 0.084201507792114785, 0.03577564625654138, 0.19772772125005736, 0.022202693496677181, 0.058603266986480079], "standard_f": [0.087483111349364054, 0.048888618479208105, 0.18008796753029355, 0.024120172009279402, 0.16935659935866204, 0.021007537760426118, 0.071010617388999706, 0.082013784183734867, 0.033346856870416303, 0.20292480088366899, 0.020930680102838869, 0.058829254083107956], "hpss": [0.086866013219114829, 0.04863507142584346, 0.19728485825128639, 0.012075450058564974, 0.18442646916507666, 0.012633993253137512, 0.065716673175285692, 0.086642952695426156, 0.023827344458710882, 0.22128006031920647, 0.0093920401386965481, 0.051219073839650194], "hpss_f": [0.087442970693431099, 0.04868141136220222, 0.19726821955741164, 0.011903501709208392, 0.18379433958441102, 0.012356489303636618, 0.065796651117978458, 0.085883530714158815, 0.023669000068154717, 0.22261072387970318, 0.0093343619340241404, 0.051258800075679629]}