{"deep_f": [0.063463376614805014, 0.033472324505056848, 0.15467180211677964, 0.019488209574756849, 0.12057229884461233, 0.031726796865386167, 0.055087076303484535, 0.18014550847638203, 0.019844799869272563, 0.16482662688297298, 0.016628515088011595, 0.14007266485847955], "deep": [0.067344188495899016, 0.03738734430506066, 0.14931371198794458, 0.022680462816462327, 0.12300267688329708, 0.03484119891947924, 0.059100389639128108, 0.16831934310281502, 0.02497142535593045, 0.16337363348864109, 0.01980110792736052, 0.12986451707798194], "standard": [0.048302377642809494, 0.039443407128860533, 0.107244065018315, 0.025827433365335765, 0.15324137096708146, 0.075424860243085021, 0.12761803848288514, 0.11532892629138414, 0.046981932481187622, 0.14375029617252999, 0.039557617339145493, 0.07727967486738016], "standard_f": [0.044909496993420783, 0.038673984771570462, 0.10611235433509761, 0.023995126332076278, 0.15837322078492805, 0.075566110907516637, 0.13015407400093995, 0.1158858825416955, 0.04532088193880273, 0.14659917954934432, 0.037627198753865894, 0.076782489090741715], "hpss": [0.037269834532033044, 0.034696553383006902, 0.11117510814893336, 0.019262316077479299, 0.16565316287594581, 0.074156504119141153, 0.13027395623565038, 0.12189016776612034, 0.043389474549276927, 0.15349706343272124, 0.03292226634022339, 0.075813592539468053], "hpss_f": [0.03670685800789928, 0.03475395297955533, 0.11072934871266928, 0.019136632879545871, 0.16658514179985431, 0.07470039091777271, 0.13127021973482683, 0.12174735500054004, 0.042996380448086742, 0.15345968071565863, 0.032500405889841176, 0.075413632913749737]}