{"deep_f": [0.033965674504928531, 0.028866899086561541, 0.27756118215907738, 0.013760070244653994, 0.090293854217144989, 0.029272227900560582, 0.10872584204683187, 0.097266951453292463, 0.023876364024949533, 0.15094997657628731, 0.016558104042678146, 0.12890285374303359], "deep": [0.039769241107640997, 0.032231843408220294, 0.25916219352729436, 0.016636086975719357, 0.097084405403855878, 0.031819376459781126, 0.10567534022072754, 0.097523356459765551, 0.027679803618188413, 0.14820251192924697, 0.019050918176448963, 0.12516492271311053], "standard": [0.030933259300468911, 0.056726589969013634, 0.17522122875458121, 0.02634834351209062, 0.087021385777491259, 0.036328261513888904, 0.15617448901239009, 0.054667007125255546, 0.030602012468441804, 0.1629066317536855, 0.027665650360754222, 0.15540514045193843], "standard_f": [0.030184742289472734, 0.055912918281907593, 0.17944195314424627, 0.025372520964296819, 0.086703946606682541, 0.034027270192996041, 0.15364675906336095, 0.051472923944533733, 0.027909540967379253, 0.16711385069672197, 0.026230910762543143, 0.16198266308585893], "hpss": [0.015855795041263745, 0.052583458820982171, 0.18829213669972367, 0.017752038331408513, 0.090942822355164418, 0.031116234314223581, 0.17364091277614055, 0.04789536125646645, 0.016320183297217419, 0.17858880910341243, 0.016293822823075295, 0.17071842518092167], "hpss_f": [0.015811125254014537, 0.052216209747945053, 0.18939201024230326, 0.017704433568481157, 0.090480133485438138, 0.030718912654976241, 0.17184129201904783, 0.046992061573095809, 0.016154851907288402, 0.179962595297017, 0.016193830544257944, 0.17253254370613466]}