{"deep_f": [0.074463615207976369, 0.022926945028853729, 0.26571928632112091, 0.016350808940950687, 0.072534810158779148, 0.045362658598169556, 0.086713128797041503, 0.12953799127666124, 0.019787822664457985, 0.15956526632977405, 0.021629223184585745, 0.085408443491629071], "deep": [0.084370769889862238, 0.025112974590573767, 0.24664591600464408, 0.01898225897745448, 0.076306142718282524, 0.049018566616332346, 0.080770184923919408, 0.13506112454553357, 0.021921593208352113, 0.15595024536219704, 0.024091118251987721, 0.081769104910860702], "standard": [0.094559383055591723, 0.036769775849960482, 0.11623947217682974, 0.017606518059835832, 0.055904821902839096, 0.025787953058277652, 0.10559102817797175, 0.11631960621803768, 0.042641326522214328, 0.19934782146395119, 0.030108216168168091, 0.15912407734632236], "standard_f": [0.097056939257249869, 0.036086571661114022, 0.11610440541960355, 0.01636592487281097, 0.055745384628964223, 0.02336835640617561, 0.10298069990375056, 0.11459669963356468, 0.040459462769879592, 0.20405229364829591, 0.027983216158552787, 0.1652000456400384], "hpss": [0.087805196904662625, 0.03086593217235227, 0.12609276746602777, 0.0095263055857897593, 0.055514474311258478, 0.018713652561337262, 0.11292627587114824, 0.12546793199404946, 0.032413978235957493, 0.22004080783965488, 0.011132100175157702, 0.169500576882604], "hpss_f": [0.088625075476882628, 0.03065246390187976, 0.12567816827130646, 0.0094449885263186099, 0.055546990415559855, 0.018363925388144839, 0.11190777422445176, 0.1243914709806645, 0.032221824121227129, 0.22116639270710098, 0.01100186279716403, 0.17099906318929947]}