{"deep_f": [0.01999997765948824, 0.03142304922369879, 0.21921559696936338, 0.013273046166088596, 0.092785447404169441, 0.012835400794831869, 0.16115547535340521, 0.075433896385633109, 0.016094052747633161, 0.18426137402574633, 0.007164509888058411, 0.16635817338188363], "deep": [0.021144033253771177, 0.032408238440931159, 0.21332467597787769, 0.014100885345868843, 0.09628303911255684, 0.013626457649493559, 0.15514966138858607, 0.078396696273859381, 0.017125029235712162, 0.18095653522883853, 0.0077228679841051528, 0.16976188010839946], "standard": [0.081696021454940024, 0.05969507470422112, 0.11550115043168395, 0.032687262996815583, 0.099430192402335901, 0.052815101313617392, 0.13469523947914866, 0.050213243619616661, 0.032404498587006302, 0.14485707547872467, 0.061770373883330877, 0.13423476564855902], "standard_f": [0.081153560994791263, 0.05815340832132785, 0.11816155038101048, 0.03133091493722099, 0.10059791994623196, 0.049833629451327473, 0.13205570709439732, 0.047828316799169705, 0.029813020138210012, 0.14979051709467064, 0.060768868137424846, 0.14051258670421737], "hpss": [0.077123562630491221, 0.058376839606101801, 0.11757689217505601, 0.026366090602520133, 0.10095668054122561, 0.049910409896912429, 0.14550679962282112, 0.04509888643034167, 0.024412574403920393, 0.15016762666204767, 0.060305939478282847, 0.14419769795027904], "hpss_f": [0.077527084840875865, 0.057173256812405884, 0.11996164120672097, 0.026485122130405249, 0.10166706713588333, 0.048502989491139695, 0.14162076739855378, 0.043875757836836511, 0.024315301312852242, 0.15272463828870633, 0.05978513110743932, 0.14636124243818072]}