{"deep_f": [0.10842510775592527, 0.027208968944521111, 0.13631416906922589, 0.017661783625380227, 0.13318263569130109, 0.031750325379233543, 0.032337257732665999, 0.25046378866383995, 0.013360973263228607, 0.13972480348180702, 0.018319520448998081, 0.091250665943873349], "deep": [0.10962259245741975, 0.028305250460614658, 0.13242065327080813, 0.01880458311495161, 0.13242051334874316, 0.03275893870880129, 0.033402415054032977, 0.24846576761479353, 0.014443609162926469, 0.14212763216571631, 0.019167743906263482, 0.088060300734928654], "standard": [0.045837598911100182, 0.028127274414156828, 0.082770853868381608, 0.021379508293482584, 0.075724143107240377, 0.027491370500911903, 0.051783848139518453, 0.23950099414633128, 0.072101707149586122, 0.19197861580806555, 0.038868551317677198, 0.1244355343435479], "standard_f": [0.043882876125826774, 0.026564930111663755, 0.078919172613558353, 0.019168760652443158, 0.070121228845721584, 0.023563768824233364, 0.048446969916510603, 0.2493139962783569, 0.070091594492863174, 0.2016255096350342, 0.037040520562259593, 0.13126067194152874], "hpss": [0.037845554163608533, 0.022398627623124324, 0.083323921082538291, 0.013988638653930229, 0.077594662751758692, 0.019427572960926932, 0.045013447013412484, 0.26947252281819833, 0.069364271910170111, 0.20340219397086753, 0.028418034079613644, 0.1297505529718509], "hpss_f": [0.037018208952707243, 0.021737126759985084, 0.081494493495042744, 0.01344299613674823, 0.074319618067371737, 0.018140124741253229, 0.044216846358063958, 0.27322760302471161, 0.069145410448958375, 0.20702927697871323, 0.028155955254083886, 0.13207233978236096]}