{"deep_f": [0.10999481669008587, 0.026444781378767629, 0.16340267500029226, 0.026463411469355127, 0.094933969386404221, 0.050868003173354749, 0.038600042696354316, 0.26107867910599919, 0.022133068029911183, 0.098158050248972686, 0.033866223250838275, 0.074056279569664457], "deep": [0.11053806318473058, 0.030009477197615462, 0.15781952233513297, 0.027996209292989641, 0.09765110071318589, 0.053697635925845109, 0.042985174688197778, 0.23906091766776524, 0.02559647753530412, 0.10622207493997639, 0.034451620111340314, 0.07397172640791648], "standard": [0.077046956459546831, 0.037968670254811959, 0.1229150385590224, 0.016904195999710415, 0.062578592220460652, 0.013588266930641853, 0.051864617994766098, 0.13535979830354269, 0.03778750606377939, 0.15262844807337711, 0.05009241540180083, 0.24126549373853992], "standard_f": [0.078287005032371432, 0.037786290048946992, 0.12472362907357895, 0.01593583630226315, 0.060486120440479726, 0.012013091881281876, 0.050020848415245768, 0.13014163396629008, 0.034918216977085463, 0.15571992079062844, 0.048432774415126729, 0.25153463265670128], "hpss": [0.057032881196893814, 0.026709195513974923, 0.13795031106677982, 0.0090765643033579278, 0.067446747507615784, 0.0056222256616904904, 0.052517932908239764, 0.15791358454863005, 0.023013979544700462, 0.16023675607342874, 0.030037013593662017, 0.27244280808102622], "hpss_f": [0.057475984282316157, 0.026697420562793152, 0.13807533801704516, 0.0089571541483286048, 0.066309748742990934, 0.0054871962383745828, 0.052261512083447911, 0.15578799193514928, 0.022782110726190095, 0.16111901430871955, 0.030162179212282866, 0.27488434974236203]}