{"deep_f": [0.045526614089193083, 0.022685019276742234, 0.1559965978649433, 0.0069542581133883886, 0.18153102099320878, 0.015645668983096786, 0.033460931097319201, 0.22716496161192398, 0.015284597029821238, 0.082945012486455846, 0.0057915163110965158, 0.20701380214281062], "deep": [0.046688846320037884, 0.02369552964344198, 0.1518768482133952, 0.007369140929405286, 0.18548582088427204, 0.015494404403015534, 0.035031625284678701, 0.22282636602447733, 0.015959392308630371, 0.086279124756034956, 0.0060298347986400347, 0.20326306643397068], "standard": [0.034746125762916941, 0.053999251473659866, 0.095812747472001733, 0.066138614499720333, 0.10801846565751816, 0.036732353230638566, 0.13430573407563914, 0.10484889923793497, 0.058737903067496176, 0.11615715938570609, 0.032201060686884275, 0.15830168544988377], "standard_f": [0.030469153214178295, 0.055559481249608862, 0.094617193505874844, 0.068856160652558021, 0.10857940029513274, 0.032639270811486591, 0.14026462213564136, 0.10507441268135741, 0.053456439949641596, 0.12183302190917566, 0.028288618670388999, 0.16036222492495569], "hpss": [0.027225241029292878, 0.05231777840656221, 0.095411962820423885, 0.066923802583473899, 0.11169524119118424, 0.030598960633130983, 0.14017766864393977, 0.10702118365132483, 0.055249315070580063, 0.11736583383494149, 0.026210237932649857, 0.1698027742024959], "hpss_f": [0.026704591663345746, 0.053364812903899571, 0.094371669939880887, 0.069351673240133013, 0.11044540513482844, 0.029351584263314037, 0.14331845578997668, 0.10590643073795944, 0.05283920419235151, 0.11985667866316284, 0.025274993740317279, 0.16921449973083064]}