{"deep_f": [0.11991641569297597, 0.022390148891574674, 0.17242913899881038, 0.017191404590466461, 0.095787848306460352, 0.051597987773860585, 0.043462924881192321, 0.20418114397111431, 0.010661025322615876, 0.17258984765202964, 0.019577655420635519, 0.070214458498263868], "deep": [0.11993859289269498, 0.023320062350253627, 0.1703334844807872, 0.017937869952868359, 0.096542222701190561, 0.051644180231471049, 0.04461324502417241, 0.20133104608195609, 0.011620017379591762, 0.17327411600852538, 0.020080537958504514, 0.069364624937984037], "standard": [0.056856842353556758, 0.046557205607371366, 0.1157433967670369, 0.025422403123399766, 0.073489571094486908, 0.058052178087954938, 0.10745584734799404, 0.19048356935747762, 0.071234026552609409, 0.17545908911696728, 0.032402782826591821, 0.046843087764553197], "standard_f": [0.054616575232698923, 0.045065044397122257, 0.11463159913177683, 0.023595993504332658, 0.07335058241173914, 0.055862454472385623, 0.10560107612282185, 0.19732046646305679, 0.068796769712872879, 0.18491321539471517, 0.030731016536828429, 0.045515206619649501], "hpss": [0.051449850471456164, 0.043634796103287507, 0.11922465777933881, 0.017054213251765166, 0.071559341265068271, 0.056201084882746805, 0.11184349503852505, 0.207429428882349, 0.068740172511880568, 0.18474231766847288, 0.02621303332981435, 0.04190760881529542], "hpss_f": [0.050793823752756387, 0.042762983415523863, 0.11899508675548297, 0.01693575492489777, 0.071699608015190389, 0.055013095404639001, 0.11023411737470744, 0.20914900084156973, 0.067599276637265823, 0.18959233327104089, 0.025835395326623784, 0.041389524280301876]}