{"deep_f": [0.19348393947041856, 0.020023633530371086, 0.12775690024134406, 0.019868338664509773, 0.12366075349778063, 0.052037603882863874, 0.040583381887175994, 0.15828708191919111, 0.014480734626062376, 0.18592016857059424, 0.016084698451024722, 0.047812765258663507], "deep": [0.18953766224744517, 0.022077993479492547, 0.12576750765864625, 0.02070709420386042, 0.12293289534883617, 0.053837160824051364, 0.040716267835264254, 0.1553640855365937, 0.015756812084597706, 0.18829001642031776, 0.017164798560880764, 0.047847705800013914], "standard": [0.10188202670317328, 0.048516865362028108, 0.14032701341011447, 0.034924538810690117, 0.12803092386154019, 0.060195353588218863, 0.046575275845948401, 0.11432267376349109, 0.055625382798698067, 0.17828569105803102, 0.025862051888134306, 0.065452202909932061], "standard_f": [0.10016499548946112, 0.047016182000516542, 0.13947522817567498, 0.032954801245761202, 0.12544107153655124, 0.059074741578815801, 0.044268408874663927, 0.11728316453119154, 0.054973594585915032, 0.19166769892908136, 0.024203852186094704, 0.063476260866272588], "hpss": [0.10312490775399384, 0.045005758819066446, 0.14821012812611264, 0.028014525860096472, 0.13692109467180083, 0.05853864023394275, 0.041821831891794246, 0.12162235033242343, 0.05134440137333468, 0.19127157444368431, 0.015953430695480813, 0.058171355798269528], "hpss_f": [0.10221003875130835, 0.04436711848716289, 0.1479620004357084, 0.027768254368898085, 0.13481255482356863, 0.058052299905269965, 0.040841254305763068, 0.12198454825886049, 0.051377270953839371, 0.1978539082026918, 0.015836632896747447, 0.056934118610181529]}