{"deep_f": [0.09037290325637895, 0.038168082052252236, 0.12315235407654553, 0.015927093074735325, 0.15788188661375271, 0.026571281402212432, 0.041006014071427385, 0.17493860839085915, 0.012894166188282012, 0.20558952657876023, 0.012865404752828154, 0.10063267954196582], "deep": [0.090923420335316668, 0.039031941886968992, 0.12216658776053858, 0.017032910527923037, 0.1558971992890564, 0.027927519442965194, 0.042721830368560039, 0.1723713883761028, 0.014141550767120384, 0.2072578851908668, 0.013936891867053736, 0.096590874187527348], "standard": [0.047684934028915507, 0.036475897252505281, 0.080748837031018372, 0.02704314553781138, 0.1017733002471444, 0.028296342951170436, 0.068423616730613451, 0.1513370251249665, 0.068364042449773274, 0.24250270961952938, 0.046363841854827968, 0.10098630717172392], "standard_f": [0.044389463732475036, 0.035578125647255626, 0.078356829141652595, 0.024864258946966811, 0.099765066570508334, 0.025574856837129716, 0.06665812919670358, 0.15544741129441753, 0.066427980257727767, 0.25735734940891558, 0.044466068102959361, 0.10111446086328782], "hpss": [0.037746968549160466, 0.032916524861457394, 0.080835302036095777, 0.020250744877215367, 0.1071680383115339, 0.020706902174771412, 0.066568864970419195, 0.16345426400279214, 0.065511467022544026, 0.26210338322421167, 0.039667826841861424, 0.10306971312793704], "hpss_f": [0.03698823279252017, 0.032515309402172302, 0.079614200011439068, 0.019667668042908083, 0.10490408091339049, 0.019811244094042214, 0.065899058725210916, 0.1641737514742044, 0.065047467111025312, 0.26823531812198143, 0.039753870822106657, 0.10338979848899886]}