{"deep_f": [0.048985316861304022, 0.034416086951509862, 0.22551707572325211, 0.012771426704963335, 0.089139112594979752, 0.024292140508251178, 0.12407003947595494, 0.11195934002710851, 0.01368540489698042, 0.21270341972301693, 0.012805308239981173, 0.089655328292697734], "deep": [0.051805761101085653, 0.035504215810956037, 0.21861804800240009, 0.014013979991971065, 0.092376644994198412, 0.025670011591900337, 0.11696781326852547, 0.11676509096930335, 0.014779301070712047, 0.20913492321567312, 0.013855872468127545, 0.090508337515146878], "standard": [0.045080414056262709, 0.06535893317862905, 0.10152793995767452, 0.02138295345341892, 0.060055006336278409, 0.042652582977625329, 0.13377634857874784, 0.10498448998114321, 0.053207031633696562, 0.23113466817873438, 0.041535810981813429, 0.099303820685975694], "standard_f": [0.042750469913007308, 0.063346451931055564, 0.098674266115950621, 0.019472489363367939, 0.058453482196988871, 0.039123880349893621, 0.1293321628531264, 0.10327720274869627, 0.050147491677311029, 0.24737942389308193, 0.039273771428394159, 0.10876890752912624], "hpss": [0.036226020277154464, 0.065690991097317089, 0.10467074386429022, 0.01422040292024764, 0.058280463566417633, 0.039588829428527393, 0.14401253439337539, 0.10618646583007531, 0.044527289477743572, 0.25048637236202465, 0.034137733229089161, 0.10197215355373769], "hpss_f": [0.035609859976795853, 0.064180387457565172, 0.10289359208310223, 0.013974531207080048, 0.057762659604541557, 0.038244583353003847, 0.14041317584124904, 0.10455103738086237, 0.043875209826516354, 0.25882104209287049, 0.033162376938248396, 0.1065115442381647]}