{"deep_f": [0.095443079781911716, 0.023668061869019895, 0.18983821248523575, 0.016082496340406659, 0.098995113481364846, 0.032452291663130989, 0.054757932832448321, 0.21132999171023975, 0.011839501884367548, 0.16814017305601481, 0.016763772594712689, 0.080689372301147075], "deep": [0.098301180487900278, 0.024713928218819833, 0.18501839616039581, 0.017702192349285901, 0.09899280109090576, 0.034233100488176411, 0.054079138662298534, 0.21130966248332322, 0.013526600650317966, 0.16533592889454277, 0.018424570250856375, 0.078362500263177148], "standard": [0.070738389723665487, 0.052883511768982788, 0.10441246382303644, 0.024095121700611944, 0.046657819704375936, 0.0346725689167545, 0.11168955287099219, 0.21735175865427755, 0.07440449447471692, 0.14286888671811845, 0.038571836355230031, 0.081653595289237907], "standard_f": [0.067701253640296014, 0.051089188810772401, 0.10450554666977607, 0.022440814560217705, 0.045650973655257755, 0.032642769386970624, 0.1096710509416671, 0.22727055471561342, 0.072752258367735773, 0.14681669443120399, 0.036322116831274273, 0.08313677798921501], "hpss": [0.065772580288692983, 0.050798598955097404, 0.10741169499457362, 0.016478708195654231, 0.041115050946552691, 0.030200222971624138, 0.11752362373547492, 0.23938228257224894, 0.071023866532302138, 0.14456862383369457, 0.032017532295867915, 0.083707214678216429], "hpss_f": [0.064009047088826987, 0.049317392878829851, 0.10751977280055014, 0.016156438063387877, 0.040711501413873287, 0.029257848121258184, 0.11597982574742174, 0.24355131893388329, 0.070944495457309395, 0.14673265907555574, 0.031349668723275874, 0.08447003169582773]}