{"deep_f": [0.13299027090634102, 0.020935607564725681, 0.13517618256892763, 0.01025224770202017, 0.15435219838630632, 0.047441186796072121, 0.028692381767932727, 0.17468659594911035, 0.010250886184279211, 0.17066457785801131, 0.0089641128275023824, 0.10559375148877109], "deep": [0.13307905827158933, 0.021576185430977994, 0.13474115590538421, 0.010601177036060441, 0.15281783498937518, 0.048087257424220278, 0.029501603669812887, 0.17146831570359136, 0.010494355460928298, 0.17540611588118324, 0.0091420798583230108, 0.10308486036855374], "standard": [0.077835585194438686, 0.05389311856534959, 0.070430716902506824, 0.039905396768711292, 0.12662722499079654, 0.033380339511951858, 0.11261954695127582, 0.11428575867909285, 0.041403152600035562, 0.18328515306729204, 0.033433912788394769, 0.11290009398015412], "standard_f": [0.076216838189267277, 0.054413020949497071, 0.06823650777011446, 0.038258846060441484, 0.12961817076453408, 0.028737337257727688, 0.1113968368612792, 0.11690466116408617, 0.038045492474132019, 0.20002590727231181, 0.029172179779430978, 0.10897420145717779], "hpss": [0.076643690129456113, 0.05256428407893031, 0.067177678456877818, 0.037418086783614857, 0.1311128119233288, 0.028110665114471921, 0.11476884656940441, 0.11675820367778963, 0.037137599481132627, 0.19165478992993598, 0.028919383093711733, 0.11773396076134585], "hpss_f": [0.076059256271486589, 0.052909089435598355, 0.066186863783746414, 0.037479389908697737, 0.13173523143315927, 0.026068190102154887, 0.11445018120442187, 0.11636051742185963, 0.036073855539471761, 0.20020983928778197, 0.026912573864274734, 0.11555501174734681]}