{"deep_f": [0.19596391683917774, 0.01678632770015764, 0.1161835715989788, 0.018435873388505532, 0.11518975227884932, 0.07794312640994551, 0.0249734892466431, 0.18339532914632009, 0.011568143440730387, 0.16550901262684684, 0.015202340667843536, 0.058849116656001295], "deep": [0.19240574341089517, 0.017942803494308428, 0.11620031781626933, 0.019113088678455306, 0.11245286248461087, 0.079661461694396127, 0.026100242154302986, 0.17874174523729555, 0.012676699820060002, 0.16942850541259324, 0.015653636585074359, 0.059622893211738658], "standard": [0.13436145860201099, 0.055634110008716098, 0.067314774799326682, 0.041350125545870545, 0.097072780791106678, 0.017138390879619842, 0.093800249516297132, 0.15939177880134431, 0.04318331530069254, 0.15575606282459434, 0.034289840661499725, 0.10070711226892104], "standard_f": [0.13476562045688384, 0.055458674811730592, 0.064770366796669615, 0.039419107706712704, 0.10017210019378253, 0.014504759119252197, 0.091951449207848771, 0.16154053015237133, 0.040383384141707196, 0.16637643447604136, 0.031260414659280852, 0.099397158277719014], "hpss": [0.14018410241872623, 0.054115557557795423, 0.062461576646582369, 0.038648304781721175, 0.099263446434265309, 0.010871538379464869, 0.093512972617904186, 0.16813775884399523, 0.038007467762394241, 0.16145670968991058, 0.029140798291606908, 0.10419976657563364], "hpss_f": [0.14131845920528799, 0.053871068516124755, 0.062259152148003261, 0.03789015135330729, 0.099548164676053652, 0.010163145137811552, 0.092039187587818511, 0.16909772248005328, 0.036665081458855865, 0.1649093881398376, 0.028446566599835219, 0.10379191269701118]}