{"deep_f": [0.024098148583478272, 0.040991636530913644, 0.21022149768509157, 0.010268819862698906, 0.098511771376501162, 0.010419637762326973, 0.16899224709232635, 0.088249334362752757, 0.01431100047052245, 0.17544398938817268, 0.0064744193681755017, 0.15201749751703963], "deep": [0.025064211186080453, 0.043528631590745652, 0.20391054703213887, 0.010715994170341003, 0.1030514038165541, 0.010781875587774482, 0.16306048230078563, 0.091782018900560966, 0.014934659941655385, 0.1728893924374576, 0.006872212798299436, 0.15340857023760643], "standard": [0.039897073625216752, 0.11064343092507661, 0.088768778255196371, 0.052771050719337749, 0.092575720628057925, 0.036785134750194903, 0.1755284707040333, 0.056729325030500877, 0.053743878869274765, 0.14129330115878766, 0.047635524095191721, 0.10362831123913115], "standard_f": [0.035024771970180481, 0.1132240946112943, 0.08985933499273982, 0.055551958996619584, 0.094507841765336262, 0.031384877665218566, 0.17774142562810266, 0.053840106155612549, 0.047818002224837661, 0.15171310587795109, 0.041480397315240038, 0.10785408279686695], "hpss": [0.032271234662709779, 0.11666489645726069, 0.085911591113097679, 0.050866256674070846, 0.094232811044955872, 0.031362480537821633, 0.18853425168399496, 0.052401394662072852, 0.048093326833545863, 0.14670461134557808, 0.044593956882473362, 0.10836318810241825], "hpss_f": [0.031587187876527791, 0.11593309715998833, 0.088444969838964174, 0.054235368647057018, 0.094506858519893128, 0.028495903005467161, 0.18412877316210619, 0.051645786263474561, 0.04553315240377246, 0.15295396492864974, 0.040436861660298501, 0.11209807653380113]}