{"deep_f": [0.026037378872977079, 0.030455944114703919, 0.17881324086988615, 0.0088627288356496001, 0.16584447631786106, 0.009342457812579856, 0.10664411642621047, 0.11809668303496398, 0.036796586330570494, 0.13055111690268556, 0.0061913407762269317, 0.18236392970568496], "deep": [0.028717230518338903, 0.031243947586649095, 0.17659733998587787, 0.0091887507804793312, 0.16720277771478864, 0.010004172979395534, 0.10280804432426292, 0.12245294030081944, 0.035443381218848338, 0.13149067741792261, 0.0066113130211984741, 0.17823942415141886], "standard": [0.036015954831948818, 0.069314781619102081, 0.088356781497704054, 0.039310314415410115, 0.14733162502684968, 0.044658434029381709, 0.1479567813089317, 0.064076455744796493, 0.070338762862044421, 0.11917703421833357, 0.042385272439820702, 0.13107780200567676], "standard_f": [0.028498540489553567, 0.070537590014679255, 0.090540913877405982, 0.034515564697351127, 0.15175732902179129, 0.039792530736436821, 0.15002930193659367, 0.068293556346690695, 0.067608126165526999, 0.12897129533757112, 0.034823867485394108, 0.13463138389100546], "hpss": [0.027563759883163969, 0.069650550618418891, 0.087570630862128768, 0.0370286167174032, 0.15595979277866098, 0.040195460951855562, 0.15582319095493483, 0.059474003858150208, 0.068074634710367704, 0.12158649313677895, 0.037427120664545017, 0.13964574486359188], "hpss_f": [0.02369421158392895, 0.069854560684307065, 0.090183609033681639, 0.033408993241133791, 0.15970118021979535, 0.037791144878051165, 0.1521911902736717, 0.064055128567274897, 0.067865936175097452, 0.12913317531313637, 0.031487511577113679, 0.14063335845280797]}