{"deep_f": [0.020833090444299804, 0.036251182179313626, 0.22166762953354532, 0.01220759490863429, 0.079513113258265183, 0.0138924099753263, 0.18997934019938087, 0.054848834125926435, 0.015431819401567751, 0.21174999515625506, 0.0079570001890801861, 0.13566799062840487], "deep": [0.021604254626390582, 0.037971164118657363, 0.21290259830181085, 0.013616243384190594, 0.083379406368280631, 0.014766339612466773, 0.18479790138347796, 0.056070240557791536, 0.01726542005901088, 0.20740464872599282, 0.0087569390504573068, 0.14146484381147273], "standard": [0.067414719192826822, 0.068225339455252942, 0.093753612586250382, 0.026757704219796407, 0.079348430393549343, 0.048389177200004865, 0.16293769138930198, 0.033745499522932529, 0.030008157634510368, 0.19376317844736671, 0.053768934426033095, 0.14188755553217453], "standard_f": [0.067730361196847638, 0.06573578969399925, 0.093301104180427988, 0.024803065531151112, 0.077425669790372881, 0.044461260256826791, 0.16027242783767828, 0.029010073896475756, 0.026641261972447646, 0.20251379512707962, 0.052469590897168697, 0.15563559961952428], "hpss": [0.061079849269851438, 0.069110832341110248, 0.094465793571108431, 0.019009420668431719, 0.079282753356077915, 0.044594869845696883, 0.17982132989983632, 0.022521230133312729, 0.018435133965739054, 0.21026406489402522, 0.050177357103063369, 0.151237364951747], "hpss_f": [0.061396383477078098, 0.067097106713993521, 0.09464747319198881, 0.018897636617627982, 0.078621112571414992, 0.043679897375408699, 0.1772945661549874, 0.020936622071897365, 0.017951723846404415, 0.21338828129998358, 0.049358294150939688, 0.15673090252827557]}