{"deep_f": [0.040601387409942957, 0.034552237756382616, 0.16664134756606355, 0.017256669944958229, 0.14360493373626423, 0.021138501196136507, 0.078568587219553995, 0.14901499375378241, 0.021709923445525525, 0.1424555172571568, 0.012181882392316828, 0.17227401832191627], "deep": [0.042930646089537387, 0.036124949974405372, 0.16279674989998624, 0.018316426798288796, 0.14363171212414894, 0.02227290842421345, 0.077885194333846247, 0.1495004962885933, 0.022633549221155198, 0.14487360934225915, 0.013441225373209114, 0.16559253213035685], "standard": [0.064587089898149305, 0.053591378350275345, 0.1088872258944909, 0.033462664207744033, 0.11096520048156594, 0.057126208027207796, 0.13244105722623978, 0.11395971708607328, 0.057355238709529799, 0.11577873800815966, 0.041618273327509378, 0.11022720878305463], "standard_f": [0.061997714693632355, 0.052236727193680846, 0.11040227618565084, 0.031392126407847096, 0.10868794577654856, 0.052780254989348976, 0.13163054871340199, 0.11955653475705685, 0.057405366976319011, 0.12027954569934986, 0.040047161967722116, 0.11358379663944132], "hpss": [0.058247677904160577, 0.051244679055042604, 0.1111215762607352, 0.025925137000312005, 0.11586684577103368, 0.055158534868862644, 0.14189949448871647, 0.11695653273782637, 0.052261360022481419, 0.11653206465182801, 0.036966182748715791, 0.11781991449028527], "hpss_f": [0.057197109140701446, 0.050118608751390938, 0.11271609622713337, 0.025778676870738749, 0.11454886793194707, 0.052902847859677971, 0.13947022361051706, 0.11935277662238761, 0.052751705909844147, 0.11944444882279545, 0.036472161136598701, 0.11924647711626761]}