{"deep_f": [0.077974472150230942, 0.045010601625860416, 0.15904215113123885, 0.012856508390861977, 0.12418364660697621, 0.022502511037221552, 0.079103009292113349, 0.16682154682452421, 0.0098037160254163605, 0.20883052452147607, 0.011535504153508782, 0.08233580824057142], "deep": [0.079130935220210627, 0.045834048449366699, 0.15409122378557924, 0.013526520859214946, 0.12653593130912799, 0.022945235626633472, 0.075942903348365967, 0.16909872472328813, 0.010372171867644714, 0.20794755363566692, 0.011984948740878435, 0.082589802434022863], "standard": [0.064166188902817861, 0.072605068820051133, 0.11312182912464758, 0.021160035098894362, 0.076822005923184805, 0.052810921335985701, 0.11886111543280388, 0.12594881622175325, 0.075115731556332402, 0.17045553409776523, 0.043532979645622923, 0.065399773840140868], "standard_f": [0.06206232275942046, 0.073161796973584381, 0.11686837448760823, 0.020039398856327485, 0.07775765774041167, 0.049708296646880472, 0.11515371352887271, 0.12483612986582236, 0.073304197300058729, 0.17961943097318386, 0.042263861051850857, 0.065224819815978788], "hpss": [0.053661993549287079, 0.072991920100079308, 0.11572231594187797, 0.013337308459064272, 0.076268649468587496, 0.050607192584616358, 0.12615885614698807, 0.13365861094551731, 0.074655994314397012, 0.17918620152764966, 0.040117785996194803, 0.063633170965740754], "hpss_f": [0.054330584842818372, 0.073324008586347328, 0.11814159138408886, 0.013418353346301405, 0.077126158933561201, 0.048281945952489198, 0.12094514041836947, 0.13096716505343256, 0.074194115157064464, 0.18490351281198025, 0.040179079074120251, 0.064188344439426823]}