{"deep_f": [0.17868142315869651, 0.02256197080584477, 0.1052077636445328, 0.017611243948785847, 0.15589056306603957, 0.035060178739316661, 0.034124746423948936, 0.20621968960115411, 0.013581492707156473, 0.15585307079285932, 0.015773384848693065, 0.059434472262971917], "deep": [0.16927348057802991, 0.025123981296164125, 0.10906123384351621, 0.019149080433755964, 0.14961113799410156, 0.036983863338971454, 0.037335760592998896, 0.19750272355797738, 0.015624077993668564, 0.16277998917332973, 0.01704949615496253, 0.060505175042523701], "standard": [0.077115412103276409, 0.03729281052147139, 0.093031935878198219, 0.027999361968284162, 0.11339634328575481, 0.040991081254752655, 0.077708000649440653, 0.1627174556037583, 0.061640066570914143, 0.19492086604909181, 0.033938177905570091, 0.079248488209487364], "standard_f": [0.075889658735439722, 0.036074727955144534, 0.088308358137387868, 0.025600097155062035, 0.1114354955570826, 0.038173295278844943, 0.075478223159625213, 0.16690189866958857, 0.060204714216137885, 0.21097720702537698, 0.032285603613890192, 0.078670720496419419], "hpss": [0.075047223984376882, 0.033185275238659211, 0.094259312245396507, 0.020779630768127524, 0.11892981308421302, 0.035002717716494172, 0.077807364334869802, 0.17708276259368247, 0.056434447981785277, 0.20885541649324629, 0.024525595080858265, 0.078090440478290349], "hpss_f": [0.074276133243575876, 0.032661294812802395, 0.09202566494648895, 0.02029790452493067, 0.11716271022004174, 0.034184697786770864, 0.076569663826259168, 0.17799817651168881, 0.056266407435600505, 0.21641670152898215, 0.024515541814571072, 0.077625103348287636]}