{"deep_f": [0.11590841778017001, 0.012699750451294827, 0.16518122850152017, 0.0077246833685298754, 0.13645956979413454, 0.028998841294566348, 0.032488243339227729, 0.24633949528870738, 0.0072539292315602112, 0.084265619494295035, 0.0074937284359768127, 0.15518649302001719], "deep": [0.11722951708253844, 0.013056236121524142, 0.16366601132952979, 0.0079092089984396929, 0.1372582809320593, 0.029086741204551639, 0.033392060275412194, 0.24438083912868411, 0.0073821181541111327, 0.087319865169628641, 0.007646839038935138, 0.15167228256458581], "standard": [0.065589578154009023, 0.05358729928705535, 0.091666482161914198, 0.038603326398615724, 0.086183062903728139, 0.039654244740659109, 0.14072718941326651, 0.15175328854248921, 0.051810966971862729, 0.10112185256742486, 0.044334315748455061, 0.13496839311052036], "standard_f": [0.061849833909410651, 0.050427276462719682, 0.090115712788721644, 0.040543322164547667, 0.087535243926793155, 0.034703413959601047, 0.13936335343461476, 0.16060079631525151, 0.047656802983462865, 0.10535825533913341, 0.038157436148863057, 0.14368855256688062], "hpss": [0.062319384013212922, 0.052088262335310262, 0.091070857476482747, 0.036211736455442622, 0.086594885454806064, 0.034036898187975291, 0.14670278053632718, 0.15980748577820522, 0.047677714433245512, 0.10047453665786746, 0.040218030242142135, 0.14279742842898255], "hpss_f": [0.059973982761809604, 0.048852846591188923, 0.089955394463776359, 0.038922817802214627, 0.087601816150578327, 0.03149662273763288, 0.14340687927742565, 0.16600281512365803, 0.046720161484085906, 0.10248670864310749, 0.035748907151970613, 0.14883104781255146]}