{"deep_f": [0.042424843945858381, 0.023844733637707633, 0.24700339614904918, 0.0088951071083463087, 0.076055885291751238, 0.016111756599211099, 0.16511877708896655, 0.10988065195517274, 0.010385390605468347, 0.19712491173517627, 0.008973824250745813, 0.094180721632546524], "deep": [0.049232091391376673, 0.025501626052218049, 0.23622984002247477, 0.01057263568816723, 0.081794203778364272, 0.018353527033392159, 0.15228664253708379, 0.11903922442866026, 0.011866565157020224, 0.19204385130863202, 0.010524162096104756, 0.092555630506505809], "standard": [0.024663190863713401, 0.059264123060380321, 0.10066504124189347, 0.022195342958316343, 0.06201058294288038, 0.068363053930369802, 0.18996424699859443, 0.19322360084012019, 0.067302490150242714, 0.13721896273021994, 0.036772610383896759, 0.038356753899372181], "standard_f": [0.022288841035448193, 0.056989998800238813, 0.098949439166576045, 0.020321408807456292, 0.059371674377635714, 0.063666994971153967, 0.18664872659953666, 0.2063500143356071, 0.066876353728352156, 0.14473911790374214, 0.034866623951472574, 0.038930806322780412], "hpss": [0.015497313900605292, 0.059498521510064038, 0.10181898739544845, 0.013050943241356151, 0.058234664994184823, 0.067604044373875058, 0.20823547350362964, 0.20900726534402586, 0.061132464825249352, 0.14146151887313665, 0.030636666083388817, 0.033822135955035783], "hpss_f": [0.014714251062274553, 0.057607540662584771, 0.10080213756273412, 0.012777274388082563, 0.056828393738321409, 0.065148755981583054, 0.20394277749247158, 0.21500927959909835, 0.061919794495641452, 0.14680905291749463, 0.029895510622713308, 0.034545231477000352]}