{"deep_f": [0.016467753222955243, 0.098141077977214317, 0.18150289002102515, 0.0064346208877442456, 0.12640632791286285, 0.0089791570566526563, 0.14843612278090376, 0.07745379327375132, 0.012460557223104589, 0.21332695073495864, 0.0062881168840765835, 0.10410263202475067], "deep": [0.017143045064918521, 0.097224251005087886, 0.17959771709967567, 0.0066612880839320987, 0.12830263097960964, 0.0092132998830396808, 0.14517125430573596, 0.081172914055976167, 0.012734285638576008, 0.21014234448396749, 0.0065294852119724646, 0.1061074841875084], "standard": [0.047830624583197964, 0.1167398840131131, 0.097923277585210536, 0.041693312320340348, 0.1026663821440495, 0.048951874010525136, 0.13736349896093422, 0.063338452112655902, 0.087712861834559411, 0.13182251194790057, 0.039636618820836987, 0.084320701666676157], "standard_f": [0.043069282451520731, 0.11866401107912571, 0.10150694796761087, 0.040665368727070335, 0.10590236679535034, 0.041968412491023545, 0.14187387749214553, 0.06460532553417582, 0.080751193666845383, 0.14145438146831463, 0.033594924440731325, 0.085943907886085913], "hpss": [0.042495408336733376, 0.12311420636003502, 0.097898347676159334, 0.038566696728146943, 0.10470338446710198, 0.045159023630348592, 0.14294549011260166, 0.060157900110900164, 0.087808507462056762, 0.13618617845530956, 0.035221367553566744, 0.085743489107039758], "hpss_f": [0.040066142409624493, 0.12249671350826224, 0.10124790315175952, 0.038863032474216588, 0.10737686731124826, 0.039595023792557367, 0.14411131731807691, 0.062308158384685272, 0.081391798340773994, 0.14387895733229117, 0.031017405087411031, 0.087646680889093151]}