{"deep_f": [0.082725572385958443, 0.029102650753704912, 0.20816741058531488, 0.020831610926319983, 0.087768623014924704, 0.053864632952295585, 0.052735601943919075, 0.17910965096392362, 0.021901168581312087, 0.15349723965152839, 0.026571093034690203, 0.08372474520610805], "deep": [0.088344732538832946, 0.040128382704454651, 0.17725871454761732, 0.030005614190914978, 0.092631106242531153, 0.062764926535924193, 0.06141144568552008, 0.14848573599796361, 0.034643530626103175, 0.14883601864465568, 0.03467439600515148, 0.080815396280330742], "standard": [0.024672421387664078, 0.012887464675919334, 0.067188177908756683, 0.013289521911191229, 0.063794965851915283, 0.010392515821131387, 0.03909715773763011, 0.19147886403110984, 0.096134038667086127, 0.29664008144493315, 0.043792296079798697, 0.14063249448286413], "standard_f": [0.023797608227246338, 0.012459577818000967, 0.066301833314652725, 0.012624030215703136, 0.062882207499023859, 0.0094385746164442758, 0.038055060533685549, 0.19154842999787558, 0.095433107409681098, 0.30354271684958045, 0.042544796336244903, 0.14137205718186127], "hpss": [0.0084605880865106786, 0.0066315121384594453, 0.075116688211556273, 0.0070656073015138102, 0.072686624630460314, 0.0035149261911017688, 0.031673001050797643, 0.22090621389938475, 0.080894511029187918, 0.33762880178653459, 0.010796908244292948, 0.14462461743020003], "hpss_f": [0.0084026241534954048, 0.006568564619416504, 0.074729394432858753, 0.0069941779377765551, 0.072199606738174354, 0.0034372334128637189, 0.031687681884271117, 0.22022614770287732, 0.080754799845826966, 0.3391989620398832, 0.01073955748319529, 0.14506124974936088]}