{"deep_f": [0.096515800172012778, 0.026690004787999322, 0.12865772774382511, 0.018285599837174996, 0.13554098758410071, 0.02812534167288944, 0.029676006577425099, 0.28500606598531653, 0.011022602421517185, 0.12545774175657648, 0.019824731430754187, 0.095197390030408113], "deep": [0.096297170369960508, 0.027570932150182272, 0.12625504318502459, 0.019382210840536727, 0.13373527412784486, 0.028890574525271589, 0.03048612480658534, 0.28506303793497129, 0.011866137239495542, 0.12643319991106289, 0.020562175659918382, 0.093458119249146029], "standard": [0.039796637046153834, 0.033399800630187923, 0.088964166332335143, 0.026901189158099904, 0.067954796285061972, 0.033552232876117249, 0.080223614517506897, 0.20863007701147893, 0.06437970981012095, 0.15482388583232762, 0.038180047790574878, 0.16319384271003445], "standard_f": [0.037173883795929272, 0.032110029590014279, 0.085881827456268461, 0.02473834676694521, 0.063725439479468265, 0.029650521974833484, 0.07744986022804419, 0.21239835680131422, 0.06101312240495621, 0.1626845352695642, 0.03513738615446052, 0.17803669007820175], "hpss": [0.029408198035391155, 0.028439252678018171, 0.090721763358765736, 0.01976019560103158, 0.067781628480232795, 0.027188238620836944, 0.080337246149949582, 0.23468474374396914, 0.059200523615823453, 0.16162943135101379, 0.024337070483936542, 0.17651170788103099], "hpss_f": [0.028736843098184889, 0.027668080778484556, 0.089274514800732355, 0.019202989388692287, 0.065080582793511185, 0.025116159075270601, 0.078233442533776593, 0.23501258866765068, 0.058206693519625423, 0.16562448298376914, 0.023944106032665294, 0.18389951632763701]}