{"deep_f": [0.017806124526120518, 0.027631803680997637, 0.20438939015343857, 0.0094090882118650649, 0.12922298577821489, 0.0078042818401306401, 0.14149918312618734, 0.11612689445590908, 0.016676727718351478, 0.13507656449422287, 0.005797551747156844, 0.188559404267405], "deep": [0.019018490245172728, 0.028115165650910382, 0.2005000416104053, 0.0097298953717987208, 0.13386293710380581, 0.0081055417485757075, 0.13694067242848768, 0.11908359440574147, 0.017235420389807805, 0.13290930998379502, 0.0061030288128800141, 0.18839590224861935], "standard": [0.033303388602181502, 0.073850197430848447, 0.09910251642197912, 0.044296459406827131, 0.12161881923025519, 0.041245734298558809, 0.19667611809461799, 0.049480553780680461, 0.053597832062184277, 0.12835582816291174, 0.042735482029104217, 0.11573707047985105], "standard_f": [0.027387692089080398, 0.07451324433368145, 0.10522064169971744, 0.043009889115276388, 0.1247959548765824, 0.036769322527102341, 0.20235078428508854, 0.048208396412040042, 0.050157596969536852, 0.1330964812099816, 0.037766309204466698, 0.11672368727744575], "hpss": [0.02595551355593502, 0.075004289944138727, 0.09921926198830229, 0.042350837470807617, 0.12667249486851931, 0.03579874244137865, 0.21159525990449252, 0.044122614008698206, 0.047377929987225634, 0.13051005824695119, 0.038776056974614483, 0.12261694060893623], "hpss_f": [0.023360934864827047, 0.074416651178731696, 0.10488689266730121, 0.042415679657656781, 0.12737212207341911, 0.033555981657558763, 0.21216265023708708, 0.044031679967785051, 0.046444265626336557, 0.1331504870706669, 0.035461922808189418, 0.1227407321904405]}