{"deep_f": [0.1375213291055529, 0.024395268355692751, 0.19692479803530272, 0.023680203580132311, 0.084393212132636758, 0.060076060592919305, 0.058619562241241957, 0.15631181559933038, 0.023908417625609021, 0.14537984915057978, 0.02768382947054094, 0.061105654110461219], "deep": [0.13214263454480807, 0.02817313476464053, 0.18970189714298608, 0.025758030630085874, 0.086831780741068509, 0.05953926039365922, 0.064119208921504703, 0.1454606768834755, 0.02691969136022155, 0.14917595193928529, 0.02884176963054284, 0.063335963047721808], "standard": [0.090624612562571399, 0.042236018054777738, 0.15369952926609906, 0.021184630091316235, 0.089365008292559917, 0.020052712121470685, 0.13949601336038997, 0.1430806571485761, 0.055799384974508044, 0.16008497015735296, 0.021976954486713298, 0.062399509483664614], "standard_f": [0.091356075126466429, 0.04161149228515678, 0.15630348319949269, 0.020160954540910409, 0.089489830009587212, 0.018445268373951409, 0.14166333856473898, 0.14259836082663108, 0.053685228298098658, 0.16207194725513793, 0.02036558034702388, 0.062248441172804654], "hpss": [0.095078990021817925, 0.038778589811113158, 0.16968542101856782, 0.0078694163531292001, 0.094027868970214576, 0.010178637594691922, 0.15290300286010255, 0.15406150967432522, 0.039507062147392059, 0.17191814277417558, 0.0078238598418910212, 0.058167498932578783], "hpss_f": [0.095621584802579179, 0.038744011260997011, 0.17006257834003435, 0.0078115404311517086, 0.09373306813649647, 0.010062799441408549, 0.15313093512748471, 0.15321337097540255, 0.039267955689004638, 0.17221149497672014, 0.0077228094390424263, 0.058417851379678296]}