{"deep_f": [0.09126074795657918, 0.027081427763172489, 0.15767913760714164, 0.014321862292999504, 0.13260606723897528, 0.032300436096715839, 0.04014982049201736, 0.20230756271731179, 0.012726825796737595, 0.165140679127219, 0.014088271342161545, 0.11033716156896875], "deep": [0.091460537653091784, 0.027795894816515333, 0.15638734919874978, 0.014958976476156512, 0.13218849033251084, 0.033177535250027396, 0.040845931790250881, 0.20101814234565443, 0.01343075864526558, 0.1665767252769427, 0.014750775950527439, 0.10740888226430734], "standard": [0.069696488378509516, 0.036380366556201749, 0.09498534044093114, 0.026594085589483472, 0.093589427940403272, 0.031144829457582443, 0.053297403440913826, 0.13783658418352185, 0.056843489991394061, 0.22330751248703171, 0.045236869647206156, 0.13108760188682081], "standard_f": [0.066963305176001395, 0.035065974340114756, 0.092290430201121723, 0.024431759387031661, 0.090301449235837411, 0.028397343544582867, 0.051185157286804742, 0.14026322923448939, 0.054134669313035559, 0.23718431640334248, 0.043091453715359315, 0.13669091216227863], "hpss": [0.06324400063577279, 0.03217019616845361, 0.097293718401722601, 0.020460920805317858, 0.098769250466374039, 0.025472214425682954, 0.049500274890043723, 0.14945273459774677, 0.050937332738325215, 0.24033375078087627, 0.035365695818402126, 0.13699991027128217], "hpss_f": [0.061710660100762718, 0.03159668457646525, 0.096187469788185972, 0.019985249011887706, 0.096715985520770514, 0.024407094599731963, 0.048456769864359032, 0.15013140145082371, 0.050206755342899541, 0.24664395964980279, 0.034957532943101916, 0.13900043715120874]}