{"deep_f": [0.047858631418864192, 0.031120960543248841, 0.26658937520758319, 0.015732899817015311, 0.097066576919569145, 0.03648372296409539, 0.09907533737425582, 0.099013458474136215, 0.024409398854601069, 0.16305163993368724, 0.020271960391537683, 0.099326038101405834], "deep": [0.057563869034051154, 0.036746378701289134, 0.23492376977146731, 0.020436701292849045, 0.099852519642438894, 0.041018194308079098, 0.095295594854598625, 0.10054296289728375, 0.028237487983537028, 0.16820134848669621, 0.023807257478045067, 0.093373915549664677], "standard": [0.021288112617884197, 0.073325293184966472, 0.13261602623216201, 0.022356891677708823, 0.10041306124352095, 0.033969636064650213, 0.19476498066624087, 0.13861318564177116, 0.070049082423619652, 0.15622019322269035, 0.020878138152656833, 0.035505398872128419], "standard_f": [0.020104002728840584, 0.075167043515409315, 0.1325326182139876, 0.02059154132501221, 0.096534597474955727, 0.031055211267841294, 0.20009402492734096, 0.1401602542302528, 0.069746399896950612, 0.16006744554447128, 0.019414576790609157, 0.034532284084328665], "hpss": [0.010370299638719091, 0.080301711339803558, 0.14707339165232158, 0.012371445198555316, 0.10858502672631873, 0.020197632529341279, 0.21621050011313359, 0.14430233193383823, 0.053306113681590474, 0.16479295084012013, 0.010766086230344122, 0.031722510115913774], "hpss_f": [0.010276293405826281, 0.080861244766080101, 0.14669614667584321, 0.012193308938252516, 0.106159818438315, 0.019849309912677984, 0.2178013961199014, 0.14444920464399988, 0.053336529942752536, 0.1662342277906951, 0.010682712108949088, 0.031459807256706732]}