{"deep_f": [0.038840847247120586, 0.026502154392088514, 0.28331052858314559, 0.013081970143386848, 0.088427195273045184, 0.030289191094977828, 0.11164637520500557, 0.087510513193762338, 0.022029627345022566, 0.16450879455915329, 0.01543182040007012, 0.11842098256322169], "deep": [0.049585471189508956, 0.031946515799774658, 0.25206846131491678, 0.017654406514883376, 0.097631071197929478, 0.034823380044168642, 0.10636361110888908, 0.088279716964692501, 0.028183615928659315, 0.16171227787501702, 0.018896022208531524, 0.11285544985302869], "standard": [0.020550444655962993, 0.04187232298962127, 0.17638568892487128, 0.028160294621027135, 0.13514302565825703, 0.027866772745095365, 0.21052026589292641, 0.070994989251408736, 0.04565753638764139, 0.158216715911978, 0.016806292163935369, 0.06782565079727515], "standard_f": [0.019106210392018368, 0.040870029244861703, 0.17848994206706326, 0.026887648959006191, 0.13648184291945845, 0.025999581000315766, 0.21486099816439327, 0.070991103692951779, 0.043952889359233374, 0.15998629098168407, 0.015496853557106491, 0.066876609661907463], "hpss": [0.0094501276623866221, 0.039459767398230032, 0.20721201048591364, 0.013334069563318042, 0.15058483662045072, 0.0098832701460995452, 0.24109206670880776, 0.057044858416050517, 0.018128630935491028, 0.17649399673670282, 0.0061439266052467651, 0.071172438721302633], "hpss_f": [0.0093207672381502415, 0.03922136716285924, 0.20732689623199471, 0.013261290400833924, 0.15024100958280903, 0.0097455413944633543, 0.24186313924430569, 0.057169313842907757, 0.017943144360584858, 0.17675571569889714, 0.0060799470323261813, 0.071071867809867961]}