{"deep_f": [0.031426935054609424, 0.041059135956302686, 0.19022054762162197, 0.01902143387329723, 0.1520308045820247, 0.024697646880610633, 0.11881267841402939, 0.067981292352820133, 0.047075656455158751, 0.11740784824097585, 0.016602226798020803, 0.17366379377052832], "deep": [0.036144846116128178, 0.04202279156010931, 0.18531343659422925, 0.020403529416014615, 0.15072678191999028, 0.026274932367229983, 0.11576091063218032, 0.070248255762444339, 0.047268669607455384, 0.12002876607146724, 0.017641385815837796, 0.16816569413691332], "standard": [0.026429612380231754, 0.042682147438944926, 0.10532169045686882, 0.024676130772597352, 0.1612002586392606, 0.052577863343836261, 0.21134978966842077, 0.049159094033562403, 0.029091837208827243, 0.11275324379211543, 0.024468242914293507, 0.16029008935104094], "standard_f": [0.025442659165206785, 0.042535985560053426, 0.10620162798585624, 0.023744152695834977, 0.16407769427815502, 0.050721196750825426, 0.21314827668783662, 0.047781047122807251, 0.02700264943323907, 0.11310799133886081, 0.023148527847419057, 0.16308819113390546], "hpss": [0.012854680535390852, 0.04211643565601346, 0.11292614273148351, 0.013856808862939357, 0.17796714459338792, 0.044847023297696749, 0.23507848885709856, 0.037760890807445879, 0.010694374380063872, 0.11885710339575881, 0.011906036257467632, 0.18113487062525341], "hpss_f": [0.012800392042717075, 0.041989403817328241, 0.11291123071496391, 0.013794040340330254, 0.17793568626394246, 0.044494896728701036, 0.23457275126639018, 0.037749415442550033, 0.010640209747584981, 0.119015988001968, 0.011869594564601653, 0.18222639106892224]}