{"deep_f": [0.17509432237860742, 0.028949983493706033, 0.10220650737508262, 0.019867706742183144, 0.13612455569196583, 0.044907353178504826, 0.039601597098647322, 0.13439361379179424, 0.014661535861879215, 0.24017605775099421, 0.013668699433841644, 0.050348067202793487], "deep": [0.17199709084693329, 0.029414744578860095, 0.10308438249892507, 0.020761578991178056, 0.13258921924770081, 0.045414618241035987, 0.040393409864737814, 0.13852926495073031, 0.015450243600979846, 0.23658530925149485, 0.014562284069731224, 0.051217853857692647], "standard": [0.10479389675545973, 0.035130519897297575, 0.083765189830691894, 0.024356198712251236, 0.098470481236278357, 0.02547119479582392, 0.048409011261855137, 0.12484886777334947, 0.053916452417190279, 0.25574495467247099, 0.043517199891749604, 0.10157603275558177], "standard_f": [0.10400147078099911, 0.033933117285252362, 0.08086292767181226, 0.02200947505134121, 0.096443012525004979, 0.022658338193526733, 0.045429693248189074, 0.12517864515044633, 0.050618675046896842, 0.27161073237566546, 0.04219149212587632, 0.10506242054498943], "hpss": [0.10518267844929802, 0.031279368720366782, 0.083179985177040644, 0.017011488994042853, 0.10204422477564801, 0.019194247318676014, 0.043912747535819502, 0.13222485120109567, 0.046677154299322586, 0.27819726416510132, 0.037374335055129715, 0.10372165430845889], "hpss_f": [0.10388034639366928, 0.030685962728670683, 0.082333892159011351, 0.016614004026314442, 0.10057619515578912, 0.018067748058177801, 0.042309707400973388, 0.13206180019755542, 0.046159371931268664, 0.2849718300249523, 0.037338841486643841, 0.10500030043697371]}