{"deep_f": [0.033613388626218536, 0.028739587479334826, 0.2848226212880326, 0.013038095183244211, 0.082324315099218642, 0.028934290331315483, 0.1400777316618399, 0.066767870814309085, 0.023366728886074984, 0.16324728761920981, 0.01545693081672884, 0.11961115219447313], "deep": [0.04035905307727386, 0.030874562370527776, 0.26980179500965656, 0.015144915289973903, 0.089272290708919386, 0.031151635001326915, 0.13349899433854634, 0.069267870279917196, 0.026634292375883398, 0.16038692592195583, 0.017165512560116062, 0.11644215306590282], "standard": [0.033969856018824768, 0.059250235005455142, 0.14412541833184814, 0.025231740619254865, 0.119995172819086, 0.030874444485608478, 0.19600971094670183, 0.021774279098608549, 0.032217232505216707, 0.17601483293349807, 0.028726143937789911, 0.13181093329810745], "standard_f": [0.032419907091636856, 0.058447756222595099, 0.14395063153053908, 0.024199129186088686, 0.12221288631471532, 0.02929175161094897, 0.19886809602127667, 0.020337022726665599, 0.030206102016318102, 0.17814283977406581, 0.027492265045183855, 0.13443161245996599], "hpss": [0.01875025538579831, 0.057896246862968299, 0.15793019036735706, 0.011852011078876712, 0.13297745522020937, 0.021712752776402076, 0.22470522934720125, 0.0087116721153173253, 0.01669970908234716, 0.19013269759965473, 0.014107001160708236, 0.14452477900315963], "hpss_f": [0.018659936381600361, 0.057713549180135125, 0.15753825664384302, 0.011753025356923975, 0.13292284399903787, 0.02154251823515457, 0.22509849142520871, 0.0086781867116896318, 0.01659774702834289, 0.19054906413757722, 0.014022673134199113, 0.14492370776628749]}