{"deep_f": [0.11795751890948557, 0.010890947426703731, 0.1899191894437591, 0.011237537139464262, 0.064012648355273538, 0.13221531700503902, 0.017173635591637218, 0.20103446284719528, 0.0072047259057691345, 0.13065808692689798, 0.020719092059142161, 0.096976838389632836], "deep": [0.11659768317697508, 0.011138875646488468, 0.19164715490191137, 0.011258066379268416, 0.064234592477673685, 0.13113352268074874, 0.017517479328139848, 0.20115834725237774, 0.0073431999095928732, 0.13152475784899287, 0.020837758714175442, 0.095608561683655474], "standard": [0.098965007220757725, 0.040755567227148452, 0.11049418867562089, 0.037762065378204715, 0.07769643134499124, 0.069309931132343336, 0.10665633376343306, 0.17205913856023339, 0.041673917986293052, 0.10564894005029171, 0.026229075131415029, 0.11274940352926752], "standard_f": [0.098863346259930929, 0.038356435105318124, 0.11213000282561959, 0.037037325494464993, 0.07637684332114171, 0.061471317135578352, 0.10528897535452786, 0.18551746006036696, 0.037269501711215257, 0.10761145450388988, 0.023088125563142554, 0.11698921266480379], "hpss": [0.10067615321495636, 0.036704917759092674, 0.11357638415693135, 0.035619201091517914, 0.07788762023487586, 0.067667004387226892, 0.10591082322640502, 0.18360368761668555, 0.035081706322122833, 0.10541915550017919, 0.019246337614290419, 0.11860700887571614], "hpss_f": [0.1003250151089234, 0.035716966437480485, 0.11501527244091872, 0.035513461250958146, 0.077289437505426425, 0.060785622231970586, 0.10498995331839005, 0.19049101832849388, 0.034272117370043272, 0.10588151490421352, 0.01857302940372604, 0.12114659169945542]}