{"deep_f": [0.18955493881827351, 0.018750398705924282, 0.12776911389390094, 0.018314014008976517, 0.11363177795620981, 0.069131489940271365, 0.030286620407008674, 0.16231897949267199, 0.012329156181322637, 0.19696287170549923, 0.016686172162016281, 0.044264466727924862], "deep": [0.18570512884623813, 0.019679258060118953, 0.12787629374245818, 0.018722434712773788, 0.11305159873586747, 0.06819906974134142, 0.031147299333253407, 0.16291599419630509, 0.012842529046464508, 0.19754603810575261, 0.017020598635343737, 0.045293756844082718], "standard": [0.13205569312528664, 0.039167165990021367, 0.10829676046565706, 0.029157838210760515, 0.11646172694863575, 0.041323972347649521, 0.04642825928998711, 0.1188494312953689, 0.051483754671614451, 0.19497204168816498, 0.035099755210494625, 0.086703600756359106], "standard_f": [0.13188062074549642, 0.038116961494568592, 0.10517070543501794, 0.026934544768413986, 0.11431836843101888, 0.038303430022950946, 0.044036300141023138, 0.1221782658612789, 0.04985615711439708, 0.20835525478012318, 0.034375077524036277, 0.086474313681674797], "hpss": [0.13830782167736391, 0.03530655296922669, 0.11124192094261588, 0.021909817078201325, 0.12291010452560477, 0.035302123227914747, 0.040720946680982979, 0.12647165852418932, 0.045406382603670553, 0.20903462499133188, 0.027562019189629427, 0.085826027589268342], "hpss_f": [0.13723912495145218, 0.034895422240896319, 0.10932005015975316, 0.021561809273762313, 0.12133928033342438, 0.033553098298316819, 0.039759419971101481, 0.12742452604870283, 0.04545720394417211, 0.21584296299068575, 0.027978028851869244, 0.085629072935863318]}