{"deep_f": [0.10212492520400522, 0.0068727872289865216, 0.21540521840107518, 0.007329097870988361, 0.061122397682754161, 0.11128417967040558, 0.017961398868443206, 0.22207647610596387, 0.0052975843037336616, 0.091670052414601993, 0.015096913030663598, 0.14375896921837858], "deep": [0.10434246613090277, 0.0070518098739169527, 0.21375882662927329, 0.0074535997665445457, 0.062459260725162564, 0.1103764380652533, 0.018546834781466823, 0.22107656444545276, 0.0053947566450900271, 0.093686452200016659, 0.015056148005594547, 0.14079684273132576], "standard": [0.10869576423970245, 0.042712539046559084, 0.10491730756591405, 0.042480371479615552, 0.060550708564592652, 0.075966003987937472, 0.11837619046410673, 0.15457239623695468, 0.03811810774772368, 0.10515112802546259, 0.034114770888434391, 0.1143447117529966], "standard_f": [0.11237173679640182, 0.040525355733147264, 0.1073935447314618, 0.043068665710777415, 0.059493473185582624, 0.069726136238457997, 0.11628143993212278, 0.16020553291580547, 0.034445071796773086, 0.10591186036589248, 0.031021294766353812, 0.11955588782722337], "hpss": [0.11007812473629347, 0.039944554114838368, 0.10583776581504317, 0.040518178020629583, 0.05856118171796057, 0.075862522506736918, 0.12160375887470468, 0.1617803893243526, 0.032072198287215262, 0.10533849357855798, 0.029725787593860693, 0.1186770454298068], "hpss_f": [0.11302028567941061, 0.038238793274762012, 0.10771905521900728, 0.041214522898128908, 0.058335011165723989, 0.069827898255253901, 0.11835221543997135, 0.16583344998139482, 0.031408283191495204, 0.10504983231138888, 0.028154322646532781, 0.12284632993693033]}