{"deep_f": [0.16842810152082247, 0.013974399838074128, 0.13946238412912315, 0.0074771547352375251, 0.17217095702366467, 0.064412716538148965, 0.02552261715439727, 0.17032639126732288, 0.010879691046235332, 0.15288964885877598, 0.013024996519460791, 0.061430941368737113], "deep": [0.16599708356720114, 0.014172140407723029, 0.14153451831242522, 0.0075440420545914806, 0.17090189403529296, 0.064679553923504524, 0.025872151545940178, 0.170051766488824, 0.010971272523868201, 0.1532434867761972, 0.01326600934156716, 0.061766081022864898], "standard": [0.099703000599655853, 0.044837529745122728, 0.15129805257415577, 0.018321665780055157, 0.14860553133077084, 0.050890530885558186, 0.071679090603629689, 0.095579083796734243, 0.061601832705799602, 0.1319507817909949, 0.024205153374402929, 0.10132774681312022], "standard_f": [0.10451082215958446, 0.04362154825303094, 0.15760458325151164, 0.015999356361483474, 0.14902317575511162, 0.04819982869950884, 0.069470142750534369, 0.099160004652175601, 0.055847583171388028, 0.13966238359731115, 0.02143183279342353, 0.095468738554936289], "hpss": [0.10014207633344316, 0.042262750463893724, 0.15846319392568309, 0.014194197139473742, 0.15663028571293436, 0.047448318410418071, 0.068367214972811147, 0.095966666174714166, 0.058507884980442473, 0.13579466854073996, 0.017609292883936811, 0.10461345046150949], "hpss_f": [0.10413946413476387, 0.04187958710010338, 0.16054768244484552, 0.013578966323476448, 0.15514941933128548, 0.046872502288289104, 0.066828333553990968, 0.099095817459263907, 0.055618080405545271, 0.13877667574545624, 0.017353756779630362, 0.10015971443334949]}