{"deep_f": [0.022205176998475275, 0.038029053418888376, 0.21709451916499212, 0.011560258916701354, 0.10051734475725393, 0.016244047324005934, 0.16964110441444322, 0.05681745297016591, 0.015424212082590946, 0.21668764979361127, 0.0074624582165926318, 0.12831672194227917], "deep": [0.023283748430105729, 0.038878441371356834, 0.21187742351813116, 0.012303472712046968, 0.10422788967648652, 0.017407524012127272, 0.1625952754393368, 0.059329435337494588, 0.016298387640775049, 0.21450700046521257, 0.0079689442256282734, 0.13132245717129826], "standard": [0.071146035139587893, 0.061216120605814203, 0.11532782098595076, 0.030019680986436811, 0.09981056461273656, 0.05715610631307292, 0.15536166395811996, 0.053633632398014122, 0.034995978625479512, 0.16783706696734538, 0.053585083152858703, 0.099910246254582918], "standard_f": [0.068673610548361921, 0.059696043472866139, 0.11827214573793521, 0.028382123829398431, 0.098820626664826286, 0.053434456939747348, 0.15622388386704991, 0.051911368389773858, 0.033034982709436798, 0.17791176454041607, 0.05278946370127631, 0.10084952959891177], "hpss": [0.066475992311829352, 0.060656272063823527, 0.11844567326012141, 0.023525800374414391, 0.10203895649207054, 0.054409167655276612, 0.16712701311589057, 0.047633633462491623, 0.026136908533418497, 0.17707292004733657, 0.051733417653731677, 0.10474424502959512], "hpss_f": [0.06549696634398848, 0.059004589375808131, 0.12127689340233762, 0.023586169863932183, 0.10147938372030048, 0.052608926118778564, 0.16566886811677953, 0.046731447003137437, 0.026105318811857747, 0.18173725825392203, 0.051528534043895791, 0.10477564494526208]}