{"deep_f": [0.06917752762826597, 0.030135734583059397, 0.16658545389166654, 0.013053993295918808, 0.12343212942593132, 0.028535574742440468, 0.046021248242892478, 0.19048876632202835, 0.011298980316756765, 0.17397500561298904, 0.011063859920028975, 0.13623172601802189], "deep": [0.071102125219072818, 0.031404402682526047, 0.16231049507203896, 0.014040480881986291, 0.125039478646087, 0.029116037807134974, 0.047747595275598874, 0.18558437394756069, 0.012329146273705986, 0.17886914613298313, 0.011870637479177772, 0.13058608058212745], "standard": [0.082522132231215434, 0.04009556274119809, 0.087512221416542746, 0.024624018362579679, 0.074322249844271299, 0.03239982223738655, 0.073894976752430966, 0.1379974672208602, 0.060582490045778731, 0.20775606075884726, 0.058468333856470697, 0.11982466453241822], "standard_f": [0.079800850790311864, 0.038813893149898901, 0.083966313369835496, 0.0229598565587752, 0.074280604009488951, 0.030239229307449645, 0.071863466024658845, 0.14258603678409754, 0.058905492408404231, 0.21854340300781092, 0.057719618800541814, 0.1203212357887266], "hpss": [0.07765219293173839, 0.035864702829065162, 0.088149887057769383, 0.018199430424476144, 0.07398048821488426, 0.025844575564454023, 0.073037352089505472, 0.14753087464601961, 0.056448480424532287, 0.22115953469575325, 0.055046649551303541, 0.1270858315704986], "hpss_f": [0.076818502768087521, 0.035478876825474272, 0.087025045819682109, 0.017964912401432463, 0.073893281743036526, 0.025131880280620869, 0.071994023332013823, 0.14849775675145233, 0.055956558584530906, 0.2257203512562975, 0.055130639169359813, 0.12638817106801181]}