{"deep_f": [0.040871708910712796, 0.03683286740984619, 0.21200526870462549, 0.01046919941034994, 0.10193485838232333, 0.0207256703736537, 0.13438069119747909, 0.094757741017852004, 0.011702339445873042, 0.23952177397459046, 0.0093915524186354345, 0.087406328754058488], "deep": [0.045608662391305774, 0.039030612762339212, 0.20119861521046398, 0.012605048774710416, 0.10709807578045173, 0.023155592566104527, 0.12342730631165413, 0.1005432142641012, 0.014176830642114507, 0.2343907511358545, 0.011388742816165634, 0.087376547344734379], "standard": [0.049417680487621678, 0.071421907908117782, 0.1285500786105129, 0.027649045325315244, 0.090110743559540671, 0.059579642550988493, 0.13855055979032846, 0.10837765139712091, 0.051942237039508059, 0.17828322786397888, 0.040229835953203827, 0.055887389513763118], "standard_f": [0.045945978502061599, 0.070445887617562916, 0.13290842466497516, 0.025751859369307659, 0.088682737188815072, 0.05683927862665461, 0.13839895297034685, 0.11316237780584532, 0.049931710916522286, 0.18559868344457459, 0.03821630909398599, 0.054117799799347999], "hpss": [0.040743697103412871, 0.072520726651778306, 0.13392548745865931, 0.019398933601053776, 0.090393834432200518, 0.056845332991965092, 0.14888900993354542, 0.11120727026245274, 0.04556401644200362, 0.18984308676280653, 0.036273952434075184, 0.054394651926046832], "hpss_f": [0.03968848053679163, 0.071063585385988226, 0.13684189829226742, 0.019277480113365386, 0.090009775412392662, 0.054864021651824385, 0.14559205564071925, 0.1132745670278944, 0.04553768683550484, 0.19411748766766809, 0.035698362770417401, 0.054034598665166349]}