{"deep_f": [0.021198470854420216, 0.12951296820613478, 0.130156033464285, 0.012344947698519496, 0.16955722242190352, 0.017707598272488679, 0.10171471225861305, 0.037896953929634755, 0.023815420377179576, 0.26733720040299064, 0.01066995211156432, 0.078088520002265863], "deep": [0.022886962272190794, 0.12254474992273698, 0.13507869147295698, 0.013197600190776981, 0.16590045173219892, 0.019131265843521181, 0.10316369144399223, 0.040430020050634501, 0.025475603066159931, 0.26037985963702465, 0.011859531585036463, 0.07995157278277043], "standard": [0.085064981148265384, 0.094177350546228222, 0.1103878163089535, 0.032550133539639522, 0.11073419940685925, 0.088539219740739139, 0.152368684700523, 0.025160411655960273, 0.040143500200324457, 0.13903574264414675, 0.039194735282825105, 0.082643224825535391], "standard_f": [0.081848813620077371, 0.094940275193733117, 0.11411904361034576, 0.030248947928806245, 0.10810629678804101, 0.088974753136642201, 0.15889077253812617, 0.02207068076241837, 0.037665497974679454, 0.14296870568530778, 0.037935968882130064, 0.082230243879692563], "hpss": [0.079458399115905395, 0.098549528930765323, 0.11125746228279929, 0.024013521156794036, 0.11510210652822699, 0.08868270215450462, 0.16741442017218452, 0.013741839206440966, 0.032808818882729497, 0.15035688293582064, 0.03536372808088023, 0.083250590552948575], "hpss_f": [0.078316738923269152, 0.09805935047570763, 0.11405176508057041, 0.023518592096191972, 0.1137375890548455, 0.089295607460103579, 0.16949164043676507, 0.012884089194922458, 0.032423231576192042, 0.15084926114370462, 0.034942302319950623, 0.082429832237776918]}