{"deep_f": [0.035048638927160057, 0.024398597499227456, 0.19747757436301852, 0.0098598244053892982, 0.12906272491575588, 0.015682728292812427, 0.087585665710963476, 0.1721444879718966, 0.014458777322508182, 0.11940925349210253, 0.0070733861480917542, 0.18779834095107387], "deep": [0.036939880112053555, 0.025081709977200443, 0.19286767107982122, 0.010446060948852504, 0.13200366308019684, 0.016091898880447417, 0.085863536941882909, 0.17187026218495538, 0.015044164921992021, 0.12007250458798509, 0.0074418803329032966, 0.1862767669517093], "standard": [0.036747364200912881, 0.075307152682097658, 0.094052909229002557, 0.043866955094301725, 0.10008381220557265, 0.03510749417066332, 0.17937858297052886, 0.091894474535747422, 0.047887234626068045, 0.13390121519884529, 0.036388325603339919, 0.12538447948291975], "standard_f": [0.029890433413565308, 0.075753815299259813, 0.095265451727198927, 0.043448360631151761, 0.10067528527692561, 0.030372301180819152, 0.18584729543083275, 0.095877859643000649, 0.04356709538280628, 0.14071581986067158, 0.030595535026755001, 0.12799074712701314], "hpss": [0.028796889815237699, 0.076393821532992692, 0.093816857805021969, 0.042240104818915249, 0.10266846592440058, 0.028541394834347016, 0.19161217990254337, 0.092246966653352747, 0.041428055084597619, 0.13837803747121147, 0.030659533036157528, 0.13321769312122206], "hpss_f": [0.025850224661565818, 0.076021282942317372, 0.096147651298154266, 0.042700417815559444, 0.10129989456036474, 0.026608083035316147, 0.19395396770974732, 0.095391711150706673, 0.039909322201747074, 0.14138985896697487, 0.027131471100583799, 0.1335961145569626]}