{"deep_f": [0.1519764786902435, 0.027476078198080935, 0.11308949265836736, 0.017139279377335268, 0.15298273326726608, 0.036080900150882465, 0.037724031211404198, 0.17553418320376762, 0.01429805887190962, 0.18966490609991632, 0.013930521524921665, 0.070103336745905048], "deep": [0.1436185955507418, 0.031212280982133616, 0.11313930076184686, 0.019092250496807871, 0.1498500061128582, 0.037522473868885263, 0.041055487405549276, 0.16911519236350939, 0.017126486343805643, 0.19140250118401297, 0.015865941330916917, 0.070999483598932156], "standard": [0.092299228011876858, 0.032986111770390646, 0.095902889689227416, 0.026821303946917622, 0.10311648944208922, 0.037617598306201379, 0.041565821878416398, 0.13559583903709846, 0.073490745976207028, 0.23488247693127662, 0.053378685501710606, 0.072342809508587791], "standard_f": [0.091160139083134348, 0.032205486916765544, 0.094138818570075097, 0.025060188978231833, 0.10180007800160916, 0.034457049842689685, 0.038838639746032882, 0.13722195455321434, 0.071167346824755492, 0.25029837620686757, 0.053653785137298501, 0.06999813613932554], "hpss": [0.092851718499949915, 0.02904037591983864, 0.097559495422843756, 0.020414183491442129, 0.10795461598922775, 0.032137439136450466, 0.033432567500287412, 0.14414114525640565, 0.069475670939427858, 0.25297930506624711, 0.049504346080923897, 0.070509136696955396], "hpss_f": [0.09161036276122414, 0.028718790564554595, 0.096215300233159495, 0.020077828125284559, 0.10683382930290476, 0.031121778094795167, 0.032862152641440309, 0.14483225960253762, 0.069012608149446944, 0.25968547224035449, 0.050071345250566904, 0.068958273033731032]}