{"deep_f": [0.025497331646007388, 0.032232239611996519, 0.22842303649800266, 0.010235160869804472, 0.095372177022199217, 0.017021534084996424, 0.1434846797972667, 0.073807040478718777, 0.014444097708484897, 0.21042627908446906, 0.0074529185775732906, 0.14160350462048074], "deep": [0.026213044346924199, 0.033422296636800873, 0.22247151784052777, 0.011055410951508677, 0.099448071495979423, 0.017659537512417372, 0.13768728834515223, 0.076989013434010281, 0.015591092270666006, 0.2065598207627885, 0.0080736371503428665, 0.14482926925288178], "standard": [0.10702283702606619, 0.064177244043448767, 0.10752573147049904, 0.025919015727749833, 0.085223274859210107, 0.045402222346159385, 0.10823908343322235, 0.043040887215122135, 0.032569422057243023, 0.17357162931883113, 0.054898897161986281, 0.15240975534046175], "standard_f": [0.10744943701588351, 0.063031518469351761, 0.10582568670977995, 0.02449392518683996, 0.082554169568472724, 0.04207022895344463, 0.10559927324583485, 0.042365724672089697, 0.031140380625169245, 0.18114476620481537, 0.054644400322541462, 0.15968048902577678], "hpss": [0.10494961735826741, 0.064092929060067014, 0.10993741879660751, 0.020355997323489448, 0.086871682343619513, 0.042132773803237052, 0.11345880801938379, 0.036229432774451162, 0.025161527427934333, 0.18398175417842655, 0.051109644426345011, 0.16171841448817106], "hpss_f": [0.10472331696540656, 0.062871557525360111, 0.10919024293743471, 0.020150254425956936, 0.085934788894908451, 0.041095067390923834, 0.11210817794805818, 0.036448582367833091, 0.025144829298200361, 0.18714689416395636, 0.051162396337734097, 0.16402389174422727]}