{"deep_f": [0.02694306833946724, 0.030758375269148111, 0.27214048988485834, 0.0098698998056355753, 0.097131144074812964, 0.031898209187298444, 0.093487339801352029, 0.088219686909693354, 0.019072010753968464, 0.19530068732027178, 0.012925367923365058, 0.12225372073012859], "deep": [0.03218948087198352, 0.039045680414366367, 0.24500709450200159, 0.014431226404111652, 0.10961865058274164, 0.034276923443277922, 0.094094149102272595, 0.084845455069151976, 0.026883318299563176, 0.18545673337611393, 0.017693841020872694, 0.11645744691354294], "standard": [0.03632326393465346, 0.067486420192748073, 0.15521599974590519, 0.025922429842513708, 0.087155997221625731, 0.04394200960610431, 0.2061273605785208, 0.098435024969182452, 0.084950555255519339, 0.10981587923208264, 0.022901182530909444, 0.061723876890234931], "standard_f": [0.033382552527230228, 0.067410540077768408, 0.15600719978415573, 0.023911525170562421, 0.087318771176688487, 0.040567478208006637, 0.21329021382176755, 0.099374775828117975, 0.085141880812930004, 0.11112135476575223, 0.021391176558369026, 0.061082531268651236], "hpss": [0.024763351854134322, 0.070032807494922064, 0.16984438756114023, 0.016619033782631274, 0.087584558037252278, 0.031997885907988716, 0.23179971797480003, 0.1000465335611822, 0.076320574369649841, 0.11576719016123613, 0.015203991722101979, 0.060019967572960888], "hpss_f": [0.024375060146244732, 0.069846229788851827, 0.16927267898760898, 0.016495486686595978, 0.087775743473657908, 0.032141741861574952, 0.23304854101963571, 0.10054168481077479, 0.076231630021936461, 0.11588679342515427, 0.015016919777961135, 0.059367490000003104]}