{"deep_f": [0.25079418657408925, 0.0200254031128267, 0.11614598437935354, 0.03035068255405134, 0.097541907454181703, 0.08956549878969973, 0.033049381211942119, 0.1471432982405825, 0.030708281347020954, 0.11157435227815805, 0.028474991678281575, 0.044626032379812587], "deep": [0.23083248761471031, 0.02389142860259753, 0.12066251389376922, 0.032700173274487841, 0.094925603088192173, 0.091622132373954779, 0.038664696661865783, 0.13560118282986214, 0.034984272988074556, 0.11662886945820462, 0.030841566862027898, 0.048645072352253141], "standard": [0.14292947520379506, 0.028066341147896492, 0.13354174840564781, 0.053243213403723066, 0.12889839545452444, 0.069609247094459731, 0.053111263537563048, 0.083295356676527377, 0.035617581564151859, 0.16098934468390089, 0.037875916490917955, 0.072822116336892312], "standard_f": [0.14965951083362927, 0.026745577318079236, 0.13632459230021721, 0.053284541263603179, 0.13000310404630722, 0.067158997788989205, 0.050682933470663175, 0.080034773684605223, 0.032288129952734584, 0.16394686782760934, 0.036242355275225735, 0.07362861623833665], "hpss": [0.1585005235795732, 0.018063587057780498, 0.13843315081745725, 0.046057166694176067, 0.13522662398482968, 0.069303646591634821, 0.050303004686321241, 0.089092052281466355, 0.02488876657938574, 0.17564235700980657, 0.026376531007282857, 0.06811258971028579], "hpss_f": [0.16041261465259699, 0.017973156387275924, 0.13832349963026772, 0.046296676823198178, 0.13516007305612657, 0.068200964526651212, 0.049584682377743515, 0.087390656525742613, 0.024482045124529225, 0.17704635757226733, 0.026500332346372585, 0.068628940977228284]}