{"deep_f": [0.023783234885453093, 0.071251125345387134, 0.11644933124656996, 0.016981924587617644, 0.20458703660877736, 0.013835251354652701, 0.099393798238491926, 0.070245469178185915, 0.036852593193490601, 0.16241302003149441, 0.010322330469038826, 0.17388488486084036], "deep": [0.026407941569685293, 0.068971927258941926, 0.11613435685571857, 0.018154922693601271, 0.20268770150554363, 0.015729125802357195, 0.096906916976235838, 0.072435234722824066, 0.037821187881568789, 0.16053666521186824, 0.011585973652201197, 0.17262804586945399], "standard": [0.094932144874880844, 0.05298483127766427, 0.089326821011442126, 0.039162831724181509, 0.15175605872952139, 0.066847015283407862, 0.12580625107349597, 0.038541813881596221, 0.030539601834578441, 0.10687162372307198, 0.047023776887027698, 0.15620722969913167], "standard_f": [0.093618626874660341, 0.052629878840012044, 0.091200016872606954, 0.037435452690569894, 0.15261639381037848, 0.064344611001820373, 0.12725587274116948, 0.035186346291706493, 0.027623955703017192, 0.11134161944808084, 0.045206137662089481, 0.16154108806388845], "hpss": [0.093047334419778666, 0.050101830420642313, 0.087970189886929798, 0.032779506710909248, 0.16563413852012696, 0.065957824730393591, 0.13404585065129024, 0.028473412978507799, 0.020647460234138049, 0.10861072409149418, 0.042913536650407112, 0.16981819070538215], "hpss_f": [0.091141377110403682, 0.049995350309516663, 0.089981516538490583, 0.03250831215293256, 0.16557305258320817, 0.06555159520188264, 0.13455314673808483, 0.027723808504883828, 0.020336828460767772, 0.11132901234188125, 0.042152508765016451, 0.16915349129293158]}