{"deep_f": [0.021856542516238267, 0.037309136604934227, 0.19779496894991885, 0.011686851902183116, 0.13170270392328579, 0.0098591093395171501, 0.17167089596167484, 0.057702882097399946, 0.023589714388286505, 0.18322855293091972, 0.0073922276205556315, 0.14620641376508578], "deep": [0.022812911373841532, 0.038590391404781724, 0.18956464970027315, 0.012548535724337336, 0.1395914250257472, 0.010194992794248322, 0.16489784773357125, 0.060068700605655126, 0.025473490359073842, 0.17740235170804131, 0.007869547826338863, 0.15098515574409035], "standard": [0.05576556824072075, 0.071144681054873454, 0.097324378896361113, 0.034448586315570323, 0.16026235398770033, 0.086648946260843129, 0.16954612207692416, 0.042514689567527061, 0.042489746294953563, 0.10622450043293655, 0.044551975306222395, 0.089078451565367395], "standard_f": [0.054517212739453529, 0.070576553274653037, 0.09591606107537172, 0.032325297287110047, 0.16417880006726834, 0.084030085397554188, 0.1725093624174471, 0.038290091675717675, 0.040758816372956017, 0.11001859399978176, 0.043987075971825412, 0.092892049720861194], "hpss": [0.048705228333663635, 0.072442011625563421, 0.096419427269062843, 0.027159343861724486, 0.17330275059844305, 0.087515791712393917, 0.18524044661308123, 0.032948323183628836, 0.034510238805857955, 0.10696360707286426, 0.040921452667182688, 0.093871378256533702], "hpss_f": [0.048726865382004714, 0.07094930796265296, 0.096725203963363163, 0.027434716826960963, 0.17520188958485244, 0.085455973580197825, 0.18376799239166799, 0.030840364941103256, 0.034510751081098349, 0.10897959091543578, 0.041009487160226898, 0.096397856210435548]}