{"deep_f": [0.05257094881000314, 0.01781558932526929, 0.20050496110181598, 0.011582385728995242, 0.098604656236231283, 0.028735335199786206, 0.031617424743453311, 0.27872633287075371, 0.0092559390096068547, 0.083567908976835442, 0.013016440375933335, 0.17400207762131614], "deep": [0.058535611148133909, 0.019706489139026766, 0.18879031160874224, 0.013299764328590966, 0.10328628395729261, 0.029506021067055067, 0.032200842994830739, 0.279159047836473, 0.010499730932327174, 0.089436311206728597, 0.014619923916300138, 0.16095966186449878], "standard": [0.045992016212403695, 0.027034757666396025, 0.11846563852709228, 0.024047746112108751, 0.074832314126345126, 0.023274563861785072, 0.056040202437275033, 0.20668594645054725, 0.059084982103486505, 0.16563429896054929, 0.038672828670296922, 0.16023470487171407], "standard_f": [0.0429024449437466, 0.024995127395135899, 0.1159267875797806, 0.022021350602727526, 0.070343013403647209, 0.020101955152303893, 0.05337278760927941, 0.21433303210825883, 0.056098358870365905, 0.17505454398712872, 0.035982504696704463, 0.16886809365092093], "hpss": [0.03872035399867859, 0.022303726737956182, 0.12616963081657809, 0.017122485996285488, 0.076185902738795983, 0.014349342699947049, 0.052325691090754856, 0.23179133392914889, 0.052906112427981357, 0.1705152067880705, 0.025424188739520282, 0.172186024036283], "hpss_f": [0.037546024350244886, 0.021230449168276343, 0.12362283735814847, 0.016670770587375126, 0.073554545325110771, 0.013410678754732641, 0.051302563103509835, 0.23465870866610089, 0.052160695414642584, 0.17534975485463586, 0.024913425917912749, 0.17557954649930982]}