{"deep_f": [0.096186685915401055, 0.027838058090531265, 0.11407769687903851, 0.012049557308457651, 0.18087748929790659, 0.021051846621648145, 0.030149738120684402, 0.23049553657448532, 0.011057884676468227, 0.13578837313218295, 0.010547815860120456, 0.12987931752307552], "deep": [0.09484818787632425, 0.028662994561977788, 0.11353280432207778, 0.012573591883233398, 0.17923878449957406, 0.021488477644259499, 0.030862892974264002, 0.22933478519896283, 0.011415896347542509, 0.13873660207047411, 0.010900764203875722, 0.12840421841743405], "standard": [0.069460066140364166, 0.031469553489265403, 0.074342836983357405, 0.026026051206847197, 0.098515631224564887, 0.037647280621885951, 0.070237128511150534, 0.17221444778909462, 0.065383611118465385, 0.15551963107167693, 0.050215969008527622, 0.14896779283479977], "standard_f": [0.068588535041105944, 0.029691806777107071, 0.069857427176441875, 0.024083658022446042, 0.091543898179431177, 0.033518573262372467, 0.068037803988121467, 0.17991224512397758, 0.064572230049411788, 0.16510660516431352, 0.049988665747346124, 0.15509855146792484], "hpss": [0.062760555283675273, 0.025435828856008782, 0.073098474900526109, 0.02071552723568014, 0.10281724444611079, 0.031970551503273832, 0.068513631221227153, 0.18642650502660857, 0.061463864621094384, 0.16032305355795104, 0.045225758394841588, 0.1612490049530024], "hpss_f": [0.063533441759421799, 0.024826211258818096, 0.07102468369728164, 0.020261685494653892, 0.097899714737485349, 0.030039234189126969, 0.067354807787760457, 0.18867349749894929, 0.06126491992132873, 0.16498408580374826, 0.046023272750965752, 0.16411444510045997]}