{"deep_f": [0.095953203320606695, 0.037769507840709794, 0.15952798661482195, 0.024435269935638347, 0.11308094060253902, 0.049014780359967168, 0.060899727554258189, 0.15502200340672648, 0.027882333540690633, 0.17723418523766263, 0.026681908412705773, 0.072498153173673544], "deep": [0.094386980256989605, 0.044963214248808926, 0.14970370445130612, 0.029580547161343691, 0.11298047130736633, 0.053583224844679971, 0.068268587148533719, 0.12974706689741877, 0.035982659543355937, 0.17553343184497514, 0.030215793214344845, 0.075054319080876938], "standard": [0.033113825167943908, 0.023535319519733467, 0.069169985052973434, 0.016135493239410766, 0.11807898270536106, 0.015851409026251814, 0.043192767986234261, 0.13050180347763324, 0.066675318826340188, 0.29366486706570666, 0.046595522178371589, 0.14348470575403952], "standard_f": [0.032166173762084527, 0.022956504082764388, 0.068552806520972814, 0.015309148203838373, 0.11679532070362569, 0.014309788030326946, 0.041697082030855918, 0.12978642651091091, 0.065600371248196732, 0.30148431546344556, 0.045976902983680172, 0.1453651604592982], "hpss": [0.013627737571545178, 0.017733761522199912, 0.07736091580619249, 0.0082329949858361909, 0.14229668391500297, 0.0057676132585481555, 0.033610303298608778, 0.14488866990720783, 0.050347290600488322, 0.34422801417484655, 0.013563070060166377, 0.14834294489935726], "hpss_f": [0.013481037389137394, 0.017611723350157212, 0.077104382311840705, 0.0081153805240255141, 0.14122932559170148, 0.0056265354666600893, 0.033583541677869484, 0.14459835046987213, 0.050230036252709678, 0.34621173860371623, 0.013491987279334313, 0.14871596108297586]}