{"deep_f": [0.14080352121262207, 0.027190175212548059, 0.11995430141958963, 0.017533300358383849, 0.14160911822447367, 0.036059941661168216, 0.035139333641305302, 0.20475784414683534, 0.01252877246110006, 0.18688164351031666, 0.015869495404869295, 0.06167255274678772], "deep": [0.13911491256945047, 0.028401308673598438, 0.11950543651204164, 0.018627677714441574, 0.13923080909918431, 0.037151192230808074, 0.036343317146669607, 0.20231436702847136, 0.013856317111362542, 0.18689330185707229, 0.016876347294218077, 0.061685012762681617], "standard": [0.060872345307384293, 0.038844489794536106, 0.13263250605332971, 0.029297426707925074, 0.095105857973390912, 0.028896529662777795, 0.03573869535932412, 0.15876441598086535, 0.077022658336896158, 0.23351397711687599, 0.046450717307587548, 0.062860380399106977], "standard_f": [0.056705194812296925, 0.038050519309754081, 0.13511978241145078, 0.027250413224362835, 0.092665194783390775, 0.026095396808223776, 0.032460655060872104, 0.16170536984414452, 0.074812079046922206, 0.24920881191011546, 0.045962532099498243, 0.059964050688968151], "hpss": [0.053665706377189509, 0.034391420785649336, 0.14012646606585527, 0.022200113994458485, 0.099076460656565293, 0.022508851121863425, 0.027300052744595713, 0.17380339620446325, 0.074632045493542701, 0.25330360450325484, 0.039612148627055352, 0.059379733425506905], "hpss_f": [0.051865740696043952, 0.033966084197235638, 0.14110682589083626, 0.022106138830690427, 0.097788143464957622, 0.021792630765527635, 0.026689333311465186, 0.17318431598440615, 0.073772623819903294, 0.25949264945217676, 0.040096075444823534, 0.058139438141933522]}