{"deep_f": [0.10952297055750829, 0.028084617010794111, 0.12526669867562493, 0.022895520924290435, 0.11344271238340119, 0.033201537996741387, 0.034568149590252145, 0.28611392000583119, 0.015018943550866228, 0.12452156936261692, 0.022693673016386733, 0.084669686925686341], "deep": [0.11142667642498677, 0.02919256125505177, 0.124482260328003, 0.024015492793153976, 0.11265987048044133, 0.034900991013241477, 0.036203318407641148, 0.27823465820256071, 0.016341840549969223, 0.12824245170700904, 0.023696946882800652, 0.080602931955140913], "standard": [0.062802407231232413, 0.029037442640117442, 0.077140773486342892, 0.02185805010347798, 0.062577125540816139, 0.029124902248069007, 0.067560061377392441, 0.23412160101938256, 0.084862734637642975, 0.16592530332565855, 0.036412420567273451, 0.12857717782259401], "standard_f": [0.059752778788913517, 0.027999086413017526, 0.075007919182491556, 0.019875513280317277, 0.059623893326832038, 0.026988077983851607, 0.06709338619802252, 0.24177371198149533, 0.081964282278267575, 0.17159991624770207, 0.033832085750854037, 0.1344893485682348], "hpss": [0.05876277085360921, 0.024331241300003876, 0.077271772976724246, 0.014721474138520731, 0.060639899796605994, 0.022368730764590797, 0.063127058551680965, 0.26331702150737596, 0.081806223330543437, 0.17028778289427507, 0.026161869205964375, 0.13720415468010547], "hpss_f": [0.056975737282929817, 0.023943734489167569, 0.076130271750056322, 0.014197146374237739, 0.059262702820650347, 0.021874505223764135, 0.063312015179939646, 0.26507003136662627, 0.080943124331364455, 0.17358936457192251, 0.025696929562658205, 0.13900443704668294]}