{"deep_f": [0.16736338542482396, 0.022466895955769308, 0.13458819901684935, 0.017945162811523255, 0.099186396129979301, 0.08643681326158506, 0.045477026627870551, 0.12590359076221963, 0.01131674781623308, 0.23146702651372145, 0.015586402099460297, 0.042262353579964787], "deep": [0.16236531122921091, 0.024148522287339602, 0.13535004824136382, 0.018487769988792046, 0.101020084303748, 0.080754697121289826, 0.045586021744379972, 0.12998054135751524, 0.01220604560805893, 0.23003095894523798, 0.016191476558042261, 0.043878522615021377], "standard": [0.11488369765170936, 0.053502494754262199, 0.13113764751358836, 0.031088919770767963, 0.086448902891153104, 0.056906619338659141, 0.067396652591422385, 0.10774080874565913, 0.050716480416891599, 0.19583649048711674, 0.035361490482533474, 0.068979795356236606], "standard_f": [0.1149033486757554, 0.053126258903500652, 0.1329366212319372, 0.029079070413553305, 0.084265932984939299, 0.053460577418025595, 0.065295376347806813, 0.10845405911127907, 0.048180943084658222, 0.20817763444817255, 0.034698163248435165, 0.067422014131936575], "hpss": [0.11656889685103938, 0.050609884255316449, 0.13601844373172012, 0.022007259157759768, 0.086345766487442008, 0.054808646674683846, 0.066707378298033984, 0.11280694152696318, 0.045305595182180053, 0.2096776015644273, 0.030185646833884854, 0.068957939436549001], "hpss_f": [0.11580721836204649, 0.050501418902915714, 0.13749058133902606, 0.021772585985495946, 0.084835413175808075, 0.051995722086307129, 0.065598715390286749, 0.11210117801244443, 0.044652295044346799, 0.21649763116501811, 0.030592766711725769, 0.068154473824578732]}