{"deep_f": [0.030425704999395505, 0.06862614527734269, 0.17760354734910458, 0.013840729674109591, 0.11302591926944502, 0.024749856144472972, 0.10917386024466152, 0.063558552480230054, 0.017956361803406182, 0.26262286375260896, 0.010896320625364655, 0.10752013837985834], "deep": [0.031705625035456077, 0.071081168544331802, 0.16841761144151415, 0.0152738537861825, 0.11639472728011777, 0.025701183553055375, 0.10646787477043157, 0.064121590358610162, 0.02016399347742124, 0.25956234254790095, 0.011975855060087194, 0.10913417414489121], "standard": [0.099293514989031356, 0.084717533872663203, 0.090947384123909777, 0.031675106960902859, 0.071613248043932501, 0.04122481482775156, 0.09098968524906309, 0.030353653666058151, 0.051839709143952376, 0.19035252941632905, 0.045406789776984105, 0.17158602992942198], "standard_f": [0.098277308459984114, 0.083736517521120768, 0.088309384154829723, 0.029909335755591102, 0.069891923829342464, 0.037252514904545314, 0.087399586908353658, 0.028488873188596019, 0.050772159516249873, 0.19811515514627367, 0.044507088022497164, 0.18334015259261613], "hpss": [0.093859972348665208, 0.087284766177661927, 0.091704907337653768, 0.024553163534826165, 0.06937969083113002, 0.036140034874103714, 0.095677694939964184, 0.023544619597818759, 0.048042823694065977, 0.20652476931747288, 0.03873056919292428, 0.18455698815371319], "hpss_f": [0.09373082352638766, 0.085787320167236433, 0.091341100723897048, 0.024349789526818572, 0.068919479213278678, 0.034551197603539197, 0.093305747905186448, 0.022896729246572659, 0.047676918255857702, 0.20892376395910356, 0.038801506398416945, 0.18971562347370521]}