{"deep_f": [0.037319860394311025, 0.043068866349308316, 0.16112640912170106, 0.011228850112388914, 0.16767957596130612, 0.014902351374387069, 0.093367086118817555, 0.11647003249110235, 0.020587088767137211, 0.18848086226093244, 0.0086479506839297095, 0.13712106636467833], "deep": [0.038788555306430168, 0.043467405946146218, 0.15966367413633709, 0.011816900494298305, 0.16700147021445433, 0.015829027078702821, 0.091304465781126012, 0.1180041739712519, 0.02091082965889509, 0.18820189852256033, 0.0092636613018180249, 0.13574793758797968], "standard": [0.066729225459607758, 0.060825460481852639, 0.10186517917763165, 0.026963680509240983, 0.097677278306005352, 0.056630991953671737, 0.097374859620053364, 0.067222833467478635, 0.041819699766218424, 0.18062588322127063, 0.049130994392407867, 0.15313391364456108], "standard_f": [0.064529243169799425, 0.058748338612091229, 0.099458103941062817, 0.025148280833675499, 0.094987314526026795, 0.051737678376023041, 0.092175558045430123, 0.06534026468081347, 0.039695179572303868, 0.19579231283316986, 0.047988821871675233, 0.16439890353792871], "hpss": [0.057826849314436421, 0.059447087361807489, 0.10304284729498142, 0.020044536707489805, 0.10171448262822094, 0.056140676173814553, 0.10277052702994294, 0.06668314527603772, 0.035814105331429993, 0.19315914424330499, 0.04198097673321597, 0.16137562190531773], "hpss_f": [0.057217559843992807, 0.057948412059583898, 0.1031956823194799, 0.019934573643716227, 0.10027066545584271, 0.053428538327801894, 0.098538546408123678, 0.064931378555772343, 0.035226256235956495, 0.20152903755218668, 0.041593964246576277, 0.16618538535096714]}