{"deep_f": [0.1113649870623806, 0.023376043902732249, 0.18036141295159996, 0.018350350933476128, 0.090682464841677246, 0.044017705982385982, 0.044729816703085526, 0.21799166551220855, 0.010702839651695691, 0.1730930878011093, 0.018665190605609047, 0.066664434052039798], "deep": [0.11166981648710742, 0.023970296607227239, 0.17765510403163837, 0.019082187662316504, 0.090929537217112583, 0.043889856278013825, 0.045005362954125078, 0.21858781490765403, 0.011270873457347124, 0.17275969590327664, 0.019292402277127356, 0.065887052217053849], "standard": [0.052215433198975376, 0.043473720390190623, 0.11415150237276896, 0.019982394548331443, 0.041643359348400279, 0.037374531636247404, 0.10921054927821532, 0.22950058475664334, 0.077025382570162809, 0.17927008148606421, 0.037803683464455964, 0.058348776949544275], "standard_f": [0.04977895761057808, 0.041101426543628916, 0.11299210213829758, 0.018215340036154017, 0.041436076639561288, 0.034193319034351972, 0.10457076023412808, 0.2380049380905791, 0.07451534266698806, 0.18908577944760677, 0.035708419053701999, 0.060397538504424225], "hpss": [0.047289161960281156, 0.040698501281857861, 0.11794957817517503, 0.011018736188840379, 0.035742928926295298, 0.032689104878385007, 0.11457599642018713, 0.25230532049275539, 0.07328168741417275, 0.18705724882636524, 0.031271784523415835, 0.056119950912268873], "hpss_f": [0.046587580924250464, 0.039130367224036018, 0.11778090244751097, 0.010860113427895295, 0.036088022669359905, 0.031175271027476241, 0.11088424142709799, 0.25426950914291729, 0.072164699849393499, 0.19281937850202049, 0.030648598819913688, 0.057591314538128095]}