{"deep_f": [0.060901118228548538, 0.033435285315038372, 0.1612490723813946, 0.016692075711407843, 0.11519931950057193, 0.029333193009202056, 0.044505399592782754, 0.21942257730170453, 0.01179236459044424, 0.18033648184078777, 0.016338245392095184, 0.11079486713602217], "deep": [0.062808604564100506, 0.034717432163514327, 0.15650798304998162, 0.017609481926560762, 0.11654629193531472, 0.030031041373242674, 0.045543729009055074, 0.21519187155838931, 0.01283852136589139, 0.18389586130663146, 0.016936180207892327, 0.10737300153942582], "standard": [0.1056081187442829, 0.043008818686321192, 0.10443448277708285, 0.028591001626091541, 0.056690158677285447, 0.024561901385796621, 0.062186775656418794, 0.14395394848237636, 0.073026599506109791, 0.17545015529914826, 0.051011510223033407, 0.13147652893605274], "standard_f": [0.10339289314330023, 0.041912049004607529, 0.10394478996211333, 0.02675295710491624, 0.056669563565107398, 0.02235549505738001, 0.059680294280868761, 0.14652677163478983, 0.069966833974035206, 0.18476758612425179, 0.049795485100541284, 0.13423528104808835], "hpss": [0.10451546584036617, 0.036625714220948943, 0.10598271934917175, 0.021718361518360835, 0.052460051457878493, 0.017290472366402965, 0.060171665241382843, 0.15718385635488377, 0.072353421987382871, 0.18583464180123757, 0.046134172497962464, 0.13972945736402112], "hpss_f": [0.10324360531556186, 0.036476940746938677, 0.106174320339529, 0.021336253167581337, 0.052742100055813548, 0.016947184310657021, 0.059460610791101196, 0.15721625957950294, 0.070876515436651993, 0.18974858328405506, 0.046082310512207104, 0.13969531646040029]}