{"deep_f": [0.11799877742220849, 0.028841172685401852, 0.16149902118436937, 0.0092259967085450041, 0.13785753236417556, 0.02507268409549069, 0.093237858718016292, 0.14442895782488271, 0.0093821401117016503, 0.17851678631914505, 0.008490076438219302, 0.085448996127843888], "deep": [0.11402659820581779, 0.03080279231953274, 0.16138206197905727, 0.0095798092142485945, 0.13812993074355953, 0.025564357516319081, 0.091286407823130772, 0.14357675303755954, 0.0099144701902780831, 0.18047731149688415, 0.008797941463730561, 0.086461566009881863], "standard": [0.068516647586449958, 0.079217059923314126, 0.093694475025333929, 0.028086237032851048, 0.11460906218520316, 0.034768237745670304, 0.15207792591094282, 0.12217464896279058, 0.05529917001417968, 0.13971652695630649, 0.032637445239406031, 0.079202563417551927], "standard_f": [0.068292181563501086, 0.079410384993251218, 0.092683899485848029, 0.025806065279585195, 0.11727626929549988, 0.030840938585376645, 0.1570803694640838, 0.12711823276825068, 0.050629275518939032, 0.14429100853896587, 0.029207552567261322, 0.077363821939437166], "hpss": [0.066206447426121029, 0.081613003835143375, 0.093268894739340275, 0.023595013671864892, 0.11954090061757852, 0.028436983338051836, 0.16021741789006755, 0.1264828549598421, 0.049361746116477943, 0.14365239858427792, 0.027030235334971946, 0.080594103486262642], "hpss_f": [0.067242527804737495, 0.080412018698660048, 0.092355826516072298, 0.023324119548402009, 0.12018392057648949, 0.027372846122915816, 0.16140163939004212, 0.12912494162626223, 0.04753252290977112, 0.14532542958204223, 0.025756489214544313, 0.079967718010060793]}