{"deep_f": [0.10571698056142058, 0.036643392574910658, 0.16210679188693344, 0.018046120927416653, 0.11553122017364216, 0.034123711438261317, 0.062235741869369386, 0.14537601746303025, 0.014723673396636478, 0.22391378087926467, 0.015161833375197531, 0.066420735453916926], "deep": [0.10621461177373423, 0.037575208535267551, 0.15797634354356208, 0.020151528041479447, 0.11461286783291763, 0.036046895502876035, 0.06147969085002028, 0.14899539135052492, 0.01706395659739704, 0.21586682833113963, 0.017311027278941071, 0.066705650362140073], "standard": [0.056169921840320422, 0.059582923868264116, 0.10956283248117206, 0.024328884050016431, 0.071575889045936883, 0.047619425715325688, 0.11604071675871948, 0.15256783619736008, 0.052883072556619302, 0.19364149657833876, 0.031742643601606238, 0.084284357306320432], "standard_f": [0.052695058634267995, 0.057890201869081163, 0.10774990254024569, 0.022096956949773271, 0.06773496164131039, 0.045391281466180489, 0.11654075251161543, 0.15815528743852234, 0.050109006539036854, 0.20342029632934078, 0.03023724230030865, 0.087979051780316939], "hpss": [0.050686767301360749, 0.058326397786813311, 0.11132629605928886, 0.017038166994626389, 0.071177521057894197, 0.04458064613082597, 0.12287080267301249, 0.1637346279960134, 0.045670683023159776, 0.20595898599583545, 0.023430794810152585, 0.085198310171016964], "hpss_f": [0.049211378794461941, 0.057252289584057731, 0.11079862271624634, 0.016653429418932168, 0.069203856233573363, 0.043817840779935238, 0.1223640358795603, 0.16538018817841521, 0.044882653001269424, 0.21036933102488328, 0.023128468120704175, 0.086937906267960718]}