{"deep_f": [0.048170944957848329, 0.041356520522998985, 0.17090122797521243, 0.0089842618709810758, 0.15780056246097554, 0.021392213221493765, 0.047437274893944531, 0.19301989421676996, 0.012249430780833855, 0.15367505136333928, 0.010149169883473801, 0.13486344785212867], "deep": [0.049884629253914729, 0.043362710494107587, 0.16677303352963055, 0.0097440524760322653, 0.15740649790539482, 0.022443351784927661, 0.049136122032901033, 0.18782466139097262, 0.013130446938746876, 0.15956657671016586, 0.010706003249218202, 0.13002191423398782], "standard": [0.028006079544151543, 0.072988946400125418, 0.12323632119529397, 0.033843243087271796, 0.13919577323232643, 0.023439154634695373, 0.089635828128994316, 0.11336293794074206, 0.065667220780166929, 0.17265733881874956, 0.019014975599864942, 0.11895218063761773], "standard_f": [0.023123491723931942, 0.072662025264341359, 0.1254870756570681, 0.031134203810201679, 0.14232225884828037, 0.019883992004102784, 0.088733947238124153, 0.11994007836216521, 0.062888219055876535, 0.17766835946550025, 0.015317380609413076, 0.12083896796099447], "hpss": [0.020657866363705864, 0.07437291560406642, 0.12623897518246183, 0.029719862453826452, 0.14685786579550308, 0.016292100699985716, 0.088544049646427148, 0.11755660487974852, 0.062110069567833937, 0.18257481385775831, 0.011105635403632684, 0.12396924054505006], "hpss_f": [0.019540564476618814, 0.073664917919797263, 0.12738104379082199, 0.029040081038807765, 0.14705374865518769, 0.015746261623078111, 0.088388102554233045, 0.1203473072495537, 0.060878955853185264, 0.18370414528497434, 0.010626287290858001, 0.12362858426288391]}