{"deep_f": [0.061544790984238401, 0.030489593733293813, 0.16665878792331865, 0.016507840603957522, 0.12582410387293588, 0.026859490272030159, 0.049952477778351781, 0.22319897704110259, 0.014871612599096945, 0.14759053359038365, 0.016275504731934821, 0.12022628686935584], "deep": [0.065583913177228392, 0.031923665522449095, 0.16186978484660616, 0.018655679698736133, 0.12529812739301532, 0.028855112737768016, 0.051023439931856499, 0.21938668983272477, 0.01717430637875466, 0.14646038567635633, 0.018147155459917796, 0.11562173934458682], "standard": [0.039914265567732025, 0.048385197917743906, 0.07964787049719893, 0.02179539882566979, 0.068907331105831277, 0.050313134894226244, 0.12842310224643161, 0.17783685735267507, 0.053132593545448761, 0.15250631691027416, 0.032126526365111256, 0.14701140477165697], "standard_f": [0.037119730690396126, 0.047096298422890266, 0.077280038403273257, 0.019546538545080913, 0.064166428473945811, 0.047889102295748137, 0.12858387065225435, 0.18194475425379614, 0.050205562003680537, 0.15837515954015025, 0.03004170609806248, 0.15775081062072183], "hpss": [0.028611889756688807, 0.044725609316618398, 0.078965506619715548, 0.01515907054732756, 0.0698645482131353, 0.046926117981662852, 0.1365617738479287, 0.19273355300881531, 0.046241871988300647, 0.1607884650286423, 0.021734314506683935, 0.15768727918448069], "hpss_f": [0.028113658841061356, 0.044098536383012733, 0.077780680939577282, 0.014752536435984266, 0.067079458295058764, 0.046069351022799299, 0.13598881550835526, 0.19333066428758874, 0.045634511013585274, 0.16335231624089908, 0.021529207313463673, 0.16227026371861439]}