{"deep_f": [0.032188985118711606, 0.030976882929169669, 0.25149224167964362, 0.017102526546530484, 0.099134169786919191, 0.028736573020295975, 0.11203012449967914, 0.095427704303110553, 0.028251129205151094, 0.11710578561926424, 0.018181224933297456, 0.16937265235822696], "deep": [0.034788542439927912, 0.033637336181234143, 0.24312294021275019, 0.019252465303664871, 0.098402226969257101, 0.030652881777532764, 0.11557894398010933, 0.09185994679702715, 0.030142738023701408, 0.12179214233503553, 0.020105343839406549, 0.16066449214035305], "standard": [0.022338386625906176, 0.03789820528974306, 0.12311379173973942, 0.019229562504156184, 0.081634981548400196, 0.025982989166910553, 0.2142286101970611, 0.036464006289835635, 0.035874687645971758, 0.23339154133275963, 0.032914276496646751, 0.13692896116286929], "standard_f": [0.021714040328271306, 0.037837946542701686, 0.12239075983475112, 0.018141931761168871, 0.080812064577715434, 0.024437315830246442, 0.21539967283925457, 0.03560178860318558, 0.034764091381239134, 0.23835580769838538, 0.032134811276123408, 0.13840976932695703], "hpss": [0.011393608971672553, 0.037048469327868538, 0.13764844052181066, 0.0098596703699339733, 0.086223186112973485, 0.013281060691112753, 0.24659689197450846, 0.02157646352255406, 0.012978986041546615, 0.26225498773752376, 0.012727084948994178, 0.14841114977950098], "hpss_f": [0.011330168001921687, 0.03698684810978866, 0.13746152204646539, 0.009783386464500993, 0.085724209466893825, 0.013136713962931479, 0.24639589135253981, 0.021497673159395263, 0.012928004279398664, 0.26321534484894971, 0.012692622125482687, 0.1488476161817319]}