{"deep_f": [0.061629634719984963, 0.02281326559292637, 0.18578614103079125, 0.014014346557919818, 0.10868685469206792, 0.028951431569545497, 0.041300268215454239, 0.22753761346656981, 0.011472315988905636, 0.12890059490051697, 0.012376762809898202, 0.15653077045541924], "deep": [0.065030622155026266, 0.023989308206756703, 0.18068335818442968, 0.01478792878257016, 0.11160479539092413, 0.029235028081743424, 0.042081461222579754, 0.22387378157780366, 0.012063939836580054, 0.13531774910253266, 0.01297923203959035, 0.14835279541946314], "standard": [0.067009788780571192, 0.035373852548061621, 0.12062292190691259, 0.031237659898474997, 0.082020138725368258, 0.029019098193433721, 0.07694629851413165, 0.15994294717018248, 0.070747312484454705, 0.17363581172981735, 0.044819032527254096, 0.10862513752133739], "standard_f": [0.06426136471191024, 0.034859951671201608, 0.1219141646588825, 0.028912014650782608, 0.08066858862624765, 0.026984958359597098, 0.076070209364550292, 0.1639083244102168, 0.068334474360337877, 0.18251657347713873, 0.043167808223361054, 0.10840156748577359], "hpss": [0.061728200425528144, 0.030560041934290613, 0.12613703831409095, 0.023582650646070506, 0.082937200637745595, 0.022626570288745124, 0.077049938095927528, 0.17355910070910971, 0.06897459347111666, 0.17874639885088284, 0.039656587032282108, 0.1144416795942101], "hpss_f": [0.060682209895658701, 0.030585418367425801, 0.12731489110817748, 0.023277822308164588, 0.082249162980493354, 0.022397095591545083, 0.076916328825014535, 0.17334715701604711, 0.067922930928647499, 0.1821486525386721, 0.03942559405440603, 0.11373273638574757]}