{"deep_f": [0.069142407717794716, 0.020758969422404343, 0.19015815724303839, 0.013596625438761292, 0.098036590984755562, 0.0310542092598062, 0.041472510427121891, 0.24592296484615198, 0.0094486843395872877, 0.12825752956995626, 0.013932698603795694, 0.13821865214682647], "deep": [0.072537332445546152, 0.02181738779832245, 0.18480654518487072, 0.014529196217719573, 0.099115821375641913, 0.03200961526853207, 0.042008602948994909, 0.2428517820385615, 0.010106076893587923, 0.13344089697246231, 0.014555702110281239, 0.13222104074547922], "standard": [0.05428540365943782, 0.031420735881692217, 0.10056337075078611, 0.024240663493950314, 0.069116456216914923, 0.026591213808231921, 0.06932283996517058, 0.18084369626108709, 0.06641011186302001, 0.18217143056969048, 0.03776598690142588, 0.15726809062859259], "standard_f": [0.051642048620662274, 0.029768275122169566, 0.096187544438326236, 0.021847567912878719, 0.06604455788762742, 0.02339513553147287, 0.065694302149462522, 0.18308973597569986, 0.063226492213726254, 0.1922643865648429, 0.03589736537736004, 0.17094258820577141], "hpss": [0.044206336843005262, 0.026212421410603037, 0.1040345154158541, 0.017679759461567031, 0.068771046511873296, 0.019677470795570355, 0.068040818967613742, 0.19839492385363963, 0.062174823153325856, 0.19223205778461133, 0.028805076001582757, 0.16977074980075363], "hpss_f": [0.043295237903420894, 0.025489222850968912, 0.10181674471893963, 0.017177726049768496, 0.067179479599128816, 0.01855930936747105, 0.066065266611091397, 0.19838100461723859, 0.061103553624751256, 0.19693623192832943, 0.028316677604797849, 0.17567954512409353]}