{"deep_f": [0.016750195412149598, 0.057342275129778117, 0.19618908032144361, 0.0082283264635098132, 0.13285591794664012, 0.0078599314498768863, 0.1642932798171659, 0.070008697699343508, 0.018432788453857461, 0.18904053682806274, 0.0064306636500367593, 0.13256830682813564], "deep": [0.01741865829392324, 0.058865154391889531, 0.19117319388398096, 0.0085297389166869835, 0.13831709070016718, 0.0081127493053479993, 0.15853298238047128, 0.07321111138430654, 0.019276750344259439, 0.18515664666634399, 0.0067190716562544901, 0.13468685207636835], "standard": [0.039462460139266034, 0.085816716070622454, 0.096859464808467327, 0.04347582192552725, 0.13796020869726458, 0.04292816048458175, 0.16622353554957364, 0.043976518316149016, 0.066928672462542735, 0.12712524317392074, 0.037239966353177494, 0.11200323201890704], "standard_f": [0.035221248271905467, 0.086912326280395788, 0.10239223576148933, 0.044167502863865414, 0.13937690753298379, 0.037379012176112017, 0.16604710382079094, 0.042422377343582993, 0.061285362576744225, 0.13796229577632854, 0.031642972737908948, 0.11519065485789245], "hpss": [0.031212398541628519, 0.088163482228315784, 0.096327899806065292, 0.040813844974473212, 0.14610286521231061, 0.038860659151435335, 0.17647756152994515, 0.037605877657718639, 0.063578431798638521, 0.13055303909348434, 0.032579971061507437, 0.11772396894447716], "hpss_f": [0.03076644443059539, 0.087357532775422353, 0.10106611937483294, 0.042573059280381194, 0.14648648610135365, 0.035576048523277837, 0.16934580622122164, 0.037814092372363821, 0.061288522947179867, 0.13842154229116313, 0.028888421957230907, 0.12041592372497743]}