{"deep_f": [0.062301912170859598, 0.027036488107627127, 0.14508178698007643, 0.015446629995465396, 0.14713003811147957, 0.024309661179777224, 0.038391939056097633, 0.24939480613183695, 0.014808234947821505, 0.11450547129863139, 0.014309582922827829, 0.14728344909749941], "deep": [0.063662375710299354, 0.028030937677610796, 0.14266842365289018, 0.016388717581660196, 0.14610999663657301, 0.025192215018254738, 0.039364767138484191, 0.24618495610713198, 0.015811942717725694, 0.11658260287145937, 0.015037697834861379, 0.1449653670530491], "standard": [0.066541266534682703, 0.034651407789649168, 0.11306329207860319, 0.029056034590519284, 0.086343776718396353, 0.027599942822381551, 0.041026194264030098, 0.15806002843648029, 0.063184507411549851, 0.18285376343972087, 0.046062749432141128, 0.15155703648184557], "standard_f": [0.063700613892497523, 0.033348748468842927, 0.11129661964490595, 0.02685464073244043, 0.082516151026693671, 0.024493038352200291, 0.03788805357713515, 0.16269514699981888, 0.061779394031420118, 0.19427417676579856, 0.044372622218636082, 0.15678079428961042], "hpss": [0.061063951103102559, 0.029711660162228256, 0.11647035414430067, 0.022558120994777026, 0.088147576690351767, 0.020525524280051135, 0.034037228541661281, 0.17236322690027517, 0.060011421756827742, 0.19392537965405648, 0.038604725497802098, 0.16258083027456591], "hpss_f": [0.059341477424837807, 0.029026657578958431, 0.11562648581450288, 0.022059176511743786, 0.086117156038677228, 0.019573977347053576, 0.033340178842438978, 0.17448045175995067, 0.059789878491891636, 0.198820182848747, 0.038182794377164778, 0.16364158296403314]}