{"deep_f": [0.18093015384504124, 0.015020161208837, 0.14532761699132127, 0.010736647856816616, 0.13140262841131367, 0.050351697026167666, 0.035198028860084087, 0.18484735951202971, 0.0075494984772175805, 0.16644935128935692, 0.012412276101347392, 0.059774580420466975], "deep": [0.17843255229172472, 0.015688452578016109, 0.14662172516275512, 0.010983927149048537, 0.13012477126892755, 0.050462660971757348, 0.035473435881485209, 0.18536742752338548, 0.0077928559696362355, 0.16656226532796334, 0.012853418966883419, 0.059636506908416938], "standard": [0.096215387518242129, 0.054170770615001529, 0.12150810962994968, 0.020994707511876539, 0.12469390501203206, 0.02531807977573421, 0.073149426629682171, 0.14960996026667728, 0.052055843226062957, 0.17986604711727741, 0.02336829563076304, 0.079049467066701185], "standard_f": [0.098877130280188477, 0.053330597974880059, 0.12165933639535068, 0.018702817145405736, 0.1275049919615476, 0.020606056149274094, 0.06902285896714809, 0.1562956798435276, 0.048234883542189896, 0.19069602993059245, 0.019798486523046218, 0.075271131286849077], "hpss": [0.097593261272305928, 0.05256858205145102, 0.12549825741353479, 0.016093399059733067, 0.13039184117138811, 0.018852301296919362, 0.070817917983181267, 0.15867281491045174, 0.04642335687900917, 0.18806625375600072, 0.015832126137823647, 0.079189888068201306], "hpss_f": [0.10041829549545991, 0.051308949476554733, 0.12390641226083658, 0.015742320991505365, 0.13077585790564189, 0.017708190699646867, 0.068343599934332436, 0.16297069057038863, 0.045518947150016628, 0.19011099905819606, 0.015318904352230909, 0.077876832105189905]}