{"deep_f": [0.052202681898300927, 0.022587928271297422, 0.18349270229956308, 0.013233197615942374, 0.12298010665820747, 0.026652603815783941, 0.037776540059414616, 0.24321304361041371, 0.01368310861567784, 0.096637684851209535, 0.013225317771331872, 0.17431508453285724], "deep": [0.057295418496438932, 0.024671289176312946, 0.17340041435733702, 0.01503798619425286, 0.12613700530762834, 0.027497184299841302, 0.039118647607371049, 0.24132989632575255, 0.015137675492635519, 0.10264013806480464, 0.014802271582232032, 0.16293207309539282], "standard": [0.052713927097144876, 0.030662138264561808, 0.098268663871480158, 0.027994654898594876, 0.11173454395650238, 0.036116988634513084, 0.062918497458424372, 0.17997893815358498, 0.065137878642545069, 0.14978503105974569, 0.04113338517044391, 0.1435553527924586], "standard_f": [0.050284091441125431, 0.029032952366712557, 0.094739950326748104, 0.025918226609832701, 0.10905317143759174, 0.033197168497849643, 0.06010397682475694, 0.1879702314288153, 0.063116145716381022, 0.15756160504818223, 0.039037207424565061, 0.14998527287743921], "hpss": [0.047053333308966938, 0.025458428016476436, 0.099999365752054065, 0.021574005740107326, 0.11910270834041305, 0.029472804087947432, 0.057897579150834731, 0.19567905783135617, 0.060997118582598368, 0.15412352425303369, 0.03216236160026506, 0.15647971333594668], "hpss_f": [0.046073587070105095, 0.024914352660916218, 0.098065841112383159, 0.021199315013893862, 0.11683035330228818, 0.028841463665314072, 0.057271018459099897, 0.19896887159598659, 0.060395503009910013, 0.15733722818080775, 0.031796475237286091, 0.15830599069200896]}