{"deep_f": [0.041250565266902788, 0.042130215030250766, 0.16605183197796389, 0.012617546072037359, 0.15355660892346182, 0.015110848524437294, 0.11119849065226366, 0.1139321458191902, 0.021747729047501663, 0.1696360538226753, 0.0088757793125827829, 0.14389218555073241], "deep": [0.042720851827033481, 0.04413275216457669, 0.15812308518031076, 0.014083092542157026, 0.15790452815827993, 0.016532707720245569, 0.10351699109796109, 0.11721682052629052, 0.023441753269028722, 0.16656507184651995, 0.010115916611413603, 0.14564642905618266], "standard": [0.093295199192604414, 0.060517296217431939, 0.099401220712568711, 0.027396149490221927, 0.099467181781537461, 0.05534891331390019, 0.10596874134750947, 0.068494581248355349, 0.040555742515069229, 0.13681957824114499, 0.053696514096835138, 0.15903888184282133], "standard_f": [0.094924468359616543, 0.05905698390383407, 0.097893999974170628, 0.025643068089923858, 0.095684313612711749, 0.050675820862614629, 0.10263787548612664, 0.067240134571585092, 0.038254894352710185, 0.14412663902976974, 0.053317083014382344, 0.17054471874255453], "hpss": [0.090300448422409779, 0.059351902727211962, 0.10045114379990967, 0.020652768560185837, 0.10334957018231035, 0.053114876097783946, 0.11059716571212361, 0.06553748753479216, 0.034197165593258007, 0.14258500308902816, 0.049894580622348403, 0.16996788765863813], "hpss_f": [0.091433738578681242, 0.058165685039992157, 0.099706142995174496, 0.020567312196963658, 0.10100151616464069, 0.051130991662956579, 0.10773676756863687, 0.065217748478397494, 0.03396188279327518, 0.14660334496029209, 0.049957101252532866, 0.17451776830845664]}