{"deep_f": [0.021037800465789191, 0.20270262345816353, 0.050556587857180535, 0.014203618045583443, 0.19427785934496083, 0.016669665327276133, 0.087179829579529786, 0.029513771232172518, 0.028894636062291111, 0.28147622233693803, 0.011662813527234087, 0.061824572762880919], "deep": [0.022249081521850286, 0.19519276543870442, 0.053669565895937084, 0.014820314483432231, 0.19139408942966168, 0.017362161535084557, 0.088921715731154857, 0.031145697108197361, 0.029570484750088492, 0.27878138756293552, 0.012102693877562277, 0.064790042665391234], "standard": [0.093628373370257978, 0.10549403285135132, 0.053180174588009298, 0.036054894971417645, 0.13019307669765828, 0.053819697474158497, 0.085617221277212427, 0.02827547110481219, 0.058491793404972743, 0.21290569925151356, 0.044119990045674899, 0.098219574962961298], "standard_f": [0.09214286336013032, 0.10793622586355599, 0.051769752568492415, 0.034113225457466048, 0.12825709529192553, 0.049534007632557546, 0.082062993468298331, 0.024636450264363157, 0.057056645239540661, 0.22891131782311536, 0.04325946413932899, 0.10031995889122559], "hpss": [0.090295318894531351, 0.11304047704265084, 0.046392427556038868, 0.030736729840980755, 0.13954353710065598, 0.050104634631235351, 0.087100735891857642, 0.017005515832116708, 0.053803856420062302, 0.23426137865244614, 0.038706502063693374, 0.099008886073730581], "hpss_f": [0.09060360224022837, 0.11347232635006001, 0.046234855744758142, 0.03035013635923086, 0.1381077277258477, 0.047965567820983754, 0.084023753773985979, 0.016105283465868377, 0.053895938490593188, 0.24100464982416081, 0.038762450118983154, 0.099473708085299581]}