{"deep_f": [0.039396631012647072, 0.031266812651611207, 0.19740706917349646, 0.020064204105843295, 0.094213320547722065, 0.028490157557954567, 0.098155539984679893, 0.1327895399553462, 0.022285250420941295, 0.13814790244808764, 0.014696162907276208, 0.18308740923439404], "deep": [0.043979087105466969, 0.032715072584646121, 0.19246051603704892, 0.021247613849442917, 0.095158809822900786, 0.030082416853526712, 0.096864472137530855, 0.13089212950462531, 0.02328737359918313, 0.14416956543699461, 0.015895902079745176, 0.17324704098888849], "standard": [0.058167997127103015, 0.056187306666885158, 0.073917362098433803, 0.027070995002853263, 0.074762424985583442, 0.06162267159429323, 0.15557513520757357, 0.090248825756362186, 0.039504911751465303, 0.17076385286576815, 0.047797752416427738, 0.14438076452725115], "standard_f": [0.056083664165783607, 0.055040151949431231, 0.07153508484942156, 0.024564222557826133, 0.070955927713886341, 0.059350750039340067, 0.1557368469711202, 0.092936953474837936, 0.035979887039548721, 0.1787673686883334, 0.045975109041151006, 0.15307403350931978], "hpss": [0.051336172051254118, 0.054962478480369663, 0.07228296647347926, 0.01950381896665394, 0.075459121532106516, 0.060171174125378431, 0.17192775367112423, 0.089300488854519716, 0.027306721923561754, 0.18171656332565764, 0.041114972059774983, 0.15491776853611963], "hpss_f": [0.050751072955839797, 0.054248881836033533, 0.071323509695149681, 0.01887522006333061, 0.073143922978009923, 0.059198940358229715, 0.17107722188651575, 0.090932364177661762, 0.027119895708405284, 0.18560129287915864, 0.040381826469434647, 0.15734585099223075]}