{"deep_f": [0.062930313491489781, 0.028502512845781654, 0.15575013028468709, 0.017893686942566579, 0.13168209809138606, 0.023613224573775869, 0.044760491266795217, 0.26348831313868532, 0.014063476956634334, 0.10716938824929713, 0.01724804339024346, 0.13289832076865721], "deep": [0.065334150612868208, 0.030388109121701617, 0.15457325502945959, 0.019518527438575621, 0.13014959113090677, 0.025499149563035828, 0.048663822749134535, 0.25216243494186319, 0.01623411355992288, 0.11213793326589575, 0.018688161418844152, 0.12665075116779184], "standard": [0.05149792811134829, 0.043374168298992002, 0.082549523373464925, 0.022200809606495765, 0.06760819741425346, 0.053951153280947392, 0.1426622115223212, 0.20592402635553408, 0.073304222411062367, 0.11268656795602969, 0.032295857723136763, 0.111945333946414], "standard_f": [0.048958437598346609, 0.04222717641278826, 0.080521874343551195, 0.020067533945263817, 0.062564455253130119, 0.051293165731623395, 0.14530277038542799, 0.21514552621070512, 0.07087625420766952, 0.11636754615084946, 0.030603222337606789, 0.11607203742303773], "hpss": [0.043919608296258211, 0.039372859358609208, 0.082906900941185233, 0.014995259714842253, 0.065924163052918483, 0.051459948412202104, 0.15308737545048645, 0.22551252381360912, 0.069841816909401777, 0.10915716106716572, 0.024652636888136046, 0.11916974609518532], "hpss_f": [0.043115810706589257, 0.038856933199371321, 0.082548314585343799, 0.014510652838036958, 0.063312548051164277, 0.049984825304941354, 0.15293328969174408, 0.22810018137726268, 0.069031044037219796, 0.11252115519580502, 0.024267627248615749, 0.12081761776390555]}