{"deep_f": [0.058319306396750058, 0.026133166718270838, 0.15920390019054018, 0.0093571770771683129, 0.15067366334228624, 0.02543405077800116, 0.032634882890187844, 0.22986925876704756, 0.0095914674069861577, 0.13551200347471959, 0.0091331964742856053, 0.15413792648375649], "deep": [0.060616946845609365, 0.026945189305114563, 0.15562958335012192, 0.0099681338548958855, 0.15129882783189863, 0.026684525282117323, 0.032974891957013246, 0.22742870647707608, 0.010056170155359711, 0.14053788371840245, 0.0096662296141595515, 0.14819291160823125], "standard": [0.023330616426966301, 0.062250737933504864, 0.10073875402876059, 0.040051900635863162, 0.11314180153713936, 0.025286489986731626, 0.1175115571679792, 0.16115910695674557, 0.048365782192914528, 0.15964827105129664, 0.022784819912230633, 0.12573016216986763], "standard_f": [0.018527682562046871, 0.06286346873289167, 0.098413273084355449, 0.038914758219700647, 0.11530885671458935, 0.021557682512716107, 0.1193084268088424, 0.16678400135767843, 0.044516684761021962, 0.16806237777214997, 0.019485381367186503, 0.12625740610682079], "hpss": [0.015860651258511733, 0.061891602226861263, 0.10126924163714619, 0.037565331599276164, 0.11670655456221715, 0.018260730844392198, 0.12009837364520104, 0.17092334483355198, 0.043572723988392223, 0.16586501804912784, 0.016356406497491975, 0.13163002085783007], "hpss_f": [0.014556521848448438, 0.061855606173565045, 0.1005674701665608, 0.037504833626032859, 0.11716509020463604, 0.017349267935274484, 0.12065575994488187, 0.17315180925319246, 0.04268654377756146, 0.16845234427972494, 0.015475173297382438, 0.13057957949273921]}