{"deep_f": [0.20038266726035284, 0.024825103984646154, 0.080382679252464881, 0.020084014627483649, 0.16227606553688348, 0.042941640571723533, 0.026325484479761765, 0.17259647411053333, 0.012051698731058578, 0.20304872666323268, 0.014228951770103379, 0.040856493011755778], "deep": [0.19363228903422958, 0.026113133200032942, 0.084700787269704092, 0.020758381176679462, 0.15642250260210741, 0.044672735842455492, 0.028245862691273823, 0.16821216201516129, 0.012950411172364732, 0.20756283833587491, 0.014948413280621655, 0.041780483379494637], "standard": [0.10085291528698628, 0.035734924585023808, 0.10351693023188757, 0.026169288641065516, 0.093554782215465204, 0.035462237506405765, 0.037852109227338677, 0.13839830715311038, 0.069730189269066462, 0.24081900272781495, 0.039034403524588014, 0.078874909631247159], "standard_f": [0.099036407021792186, 0.034706158927704074, 0.10257321423000479, 0.024210372944436568, 0.091084276794386507, 0.032997924374541111, 0.035532116242028608, 0.13872799122312074, 0.067659886650304188, 0.25621496131468241, 0.038283578783722662, 0.078973111493276293], "hpss": [0.099997752532542783, 0.031868445834071404, 0.10546634550755196, 0.018772406753733026, 0.0961870549703049, 0.030863939595644162, 0.032142236065048804, 0.14912507899432806, 0.068150157250166252, 0.25896308078515606, 0.03218270531903257, 0.076280796392420205], "hpss_f": [0.099168630133563043, 0.031537205766165602, 0.10519341827727639, 0.018529442144673849, 0.094858149915292372, 0.030096814459215297, 0.031316048414245179, 0.14757730534734292, 0.067302886428266123, 0.26543413134663768, 0.032529717743959054, 0.076456250023362621]}