{"deep_f": [0.11747730225197583, 0.013048259440265065, 0.15607494294174545, 0.0080976235606814162, 0.14381938712802772, 0.027797308610155169, 0.027651757423425172, 0.25155977680470432, 0.0064367457215947135, 0.092514062242520942, 0.0087090913729893395, 0.14681374250191492], "deep": [0.1190815956031389, 0.013474518938756987, 0.15609512039645537, 0.0085930746307118916, 0.1419114605434279, 0.028341728433993168, 0.02900719543694525, 0.24916953335966205, 0.0066841011142735624, 0.096798963411654976, 0.0091807001292199247, 0.14166200800176004], "standard": [0.062176741544333232, 0.05686350019863002, 0.10400891730481542, 0.043552776259091895, 0.087326082828949755, 0.033287515273338147, 0.13873513785203287, 0.18123578600519485, 0.044100890183347646, 0.10223757904091831, 0.028885529057803238, 0.11758954445154468], "standard_f": [0.062032259159635859, 0.057404025031581547, 0.10260096527475428, 0.04365733055079192, 0.087473605187859196, 0.029308190475573447, 0.140607159125025, 0.18885387248534269, 0.039759430823633257, 0.10410810326658222, 0.025217592298290584, 0.11897746632092981], "hpss": [0.05908511885137338, 0.056017545867559061, 0.10419939498151058, 0.041572250363808447, 0.087462760768721004, 0.026913984489445989, 0.14426888465336341, 0.19315499070582171, 0.039267888638065657, 0.1012832578579763, 0.023032357051738603, 0.12374156577061585], "hpss_f": [0.060062714575127497, 0.056088199747380246, 0.10386166267656012, 0.04210926467005132, 0.087133984326871486, 0.025642568946435036, 0.14408997156650613, 0.1957936327444034, 0.037792786058319858, 0.10229709272599938, 0.02168454781425868, 0.12344357414808679]}