{"deep_f": [0.039970586031150911, 0.042439339415903339, 0.16290592797694009, 0.010924056751394269, 0.1483778157866974, 0.015265752417084416, 0.081542105548349869, 0.16282933789543991, 0.01367727301028532, 0.17300237293867984, 0.008444107593192203, 0.14062132463488231], "deep": [0.040393568391479701, 0.045365611864370187, 0.15587422619182306, 0.011765552004051208, 0.15283139996661263, 0.015811408111200478, 0.080443250735543342, 0.15888900587821231, 0.01506157612822712, 0.1761563807854489, 0.0090675287659876293, 0.13834049117704342], "standard": [0.073511256361108668, 0.063571002058577464, 0.088213161940540935, 0.021889726680005852, 0.071747777806382515, 0.060055663181658392, 0.12870426764245263, 0.12567128436172045, 0.064143346702868753, 0.12711006668148739, 0.056307577886432113, 0.11907486869676473], "standard_f": [0.074294770967113316, 0.06281092302170041, 0.087904041838679947, 0.020852674042816821, 0.070964874310874379, 0.055811883276715331, 0.12490698428276914, 0.12520812800700515, 0.062458087000850135, 0.13358210595844705, 0.056284983044981633, 0.12492054424804658], "hpss": [0.067029708564491849, 0.062235769153585502, 0.086495171703821094, 0.014543069052910518, 0.070103158103397761, 0.059128863690211558, 0.13693776343643624, 0.13183293974311322, 0.062843969217924442, 0.12913242532304123, 0.054444574055900252, 0.12527258795516641], "hpss_f": [0.068971770355513232, 0.061250158246853141, 0.086896966842996859, 0.014615259442653759, 0.07007449141184606, 0.056268539529867011, 0.13221991210580247, 0.12963523260291301, 0.062401771654582626, 0.13353331351513051, 0.054913580674119854, 0.12921900361772129]}