{"deep_f": [0.2059220295443816, 0.023089714201424767, 0.078927672154461045, 0.016599947546822213, 0.17118188590988379, 0.037967416207170687, 0.026416306427255645, 0.18506674030018316, 0.013358238170709096, 0.18402401817201888, 0.013842066020946186, 0.043603965344743041], "deep": [0.19643774683196077, 0.024903801192840084, 0.083526398075560754, 0.018126952002836861, 0.16300206839687678, 0.040211273150330164, 0.028779921171008728, 0.18417300262804612, 0.014873863134009587, 0.18499957321049029, 0.015440311149327051, 0.045525089056712799], "standard": [0.084850497517690818, 0.025287569798333662, 0.075541733676116066, 0.025778151596161543, 0.13073190270401294, 0.03258883135794783, 0.051882190342380105, 0.20950544124394385, 0.066258785894027533, 0.19043625457211308, 0.029357097795590866, 0.077781543501681497], "standard_f": [0.083193656096038585, 0.023574685156689878, 0.072441866936208285, 0.023448182036881017, 0.12676732699433563, 0.029080013859845363, 0.049921161795589988, 0.22302320805576475, 0.064306074485845938, 0.198616675185115, 0.027287221566489633, 0.078339927831195866], "hpss": [0.083502459930762205, 0.020012806504235703, 0.07467369694312033, 0.019204750351566869, 0.14206874128754179, 0.02456856896066897, 0.044036485848494504, 0.22912738532435759, 0.058699389804836064, 0.204598967169658, 0.020169823876181301, 0.079336923998576614], "hpss_f": [0.082411790319220982, 0.01972831897639183, 0.073755016809988319, 0.018608310335447249, 0.13785351121933842, 0.023164227102536114, 0.043729550392276585, 0.23398600015902302, 0.058693386563938049, 0.2086863179556597, 0.020062768284952171, 0.079320801881227684]}