{"deep_f": [0.14739225643047218, 0.017104066404121685, 0.13906220297567831, 0.0087002878147881529, 0.15556396413216217, 0.053036671966424413, 0.028070731798127357, 0.19740459431963725, 0.0073391473231129156, 0.15893471781884472, 0.011049707951385612, 0.076341651065245139], "deep": [0.14727416771567783, 0.017195113938615149, 0.13896753452515634, 0.0088793559791464569, 0.15410686602357992, 0.054394900976453664, 0.027853298748934979, 0.19688708402583635, 0.0074358154754983136, 0.15989613623373172, 0.011256026528906707, 0.075853699828462559], "standard": [0.070245409260604644, 0.050407216736566965, 0.098846748586699326, 0.025212769948522569, 0.14220501532947427, 0.050526229919056427, 0.085378326460399959, 0.14937372633004883, 0.062376213429933124, 0.15185802609854307, 0.021556959003476803, 0.092013358896674169], "standard_f": [0.07207318097111276, 0.050520352034881248, 0.095785218406180109, 0.023377130584608677, 0.14797611860572385, 0.047603046684910388, 0.083108397242403459, 0.15502331632948285, 0.057321189857947957, 0.15834570491834671, 0.018700888637835689, 0.09016545572656616], "hpss": [0.068025263603404051, 0.048843210647381681, 0.099650604117580061, 0.021027551126230282, 0.14864073147613505, 0.046998799407949612, 0.084712597383983956, 0.15643888055782285, 0.059373076683214253, 0.15693927227807111, 0.014864734627218532, 0.094485278091008443], "hpss_f": [0.069766562883630298, 0.049089585128621493, 0.097165125436873459, 0.020699344241624604, 0.15054861001496089, 0.045285128922691736, 0.082578124224947272, 0.16023414629630123, 0.057312295506298135, 0.1594443257223391, 0.014657995730210469, 0.093218755891501567]}