{"deep_f": [0.23585185731933331, 0.013371174231966286, 0.14103256347010421, 0.026385948606089098, 0.05667071456855019, 0.16615577947928081, 0.025269242370357242, 0.10381312517024927, 0.023036672845795612, 0.14576197640905647, 0.031257130506774616, 0.031393815022442741], "deep": [0.2301792990345691, 0.015363918713492521, 0.14067442540482622, 0.027873173121913213, 0.059705342155627741, 0.15787118347988663, 0.029397785127994368, 0.10250244500824969, 0.025827064013330122, 0.14367171347578114, 0.031436423878771193, 0.035497226585558067], "standard": [0.13889758777551547, 0.027175246426505074, 0.14237664296945615, 0.042164056328670298, 0.097751525908990694, 0.095873877208897132, 0.073384526955380502, 0.082291775927585409, 0.049198366509891858, 0.19582451479878288, 0.029389854260315724, 0.025672024930009019], "standard_f": [0.14248131809581088, 0.025953417894624839, 0.14506971670633845, 0.041369022041500642, 0.098715674604055073, 0.095367890201756858, 0.072550759892745023, 0.081194289840811548, 0.046178458129705217, 0.19920662174330911, 0.027613160871305213, 0.024299669978037026], "hpss": [0.15209402177085818, 0.019921972341174009, 0.15157532955261394, 0.035404396716586108, 0.096229679003682289, 0.098900451467851577, 0.073544806434684917, 0.08457784624904649, 0.035971903235959175, 0.21608562011959911, 0.019470284422829668, 0.016223688685114462], "hpss_f": [0.15217258107407083, 0.019719798390308508, 0.15162903361861407, 0.035417132259392678, 0.096706682274622785, 0.098227537085681021, 0.072994603113202119, 0.083861905539129811, 0.035719509568419135, 0.21813589957792809, 0.019355468300451355, 0.016059849198179623]}