{"deep_f": [0.091713133798345212, 0.036163913305561957, 0.17318271586328518, 0.012763743520277371, 0.12052359655241493, 0.030681326772557044, 0.081388136227850627, 0.11502729464449149, 0.012086767349157321, 0.2472588272196794, 0.010809183343518623, 0.068401361402860905], "deep": [0.09522924159591746, 0.036942826925489045, 0.16687504004630857, 0.013464802331370745, 0.12259658761791174, 0.031969121936476261, 0.077080789848226111, 0.1162514819436103, 0.012579421948456975, 0.24878600613545609, 0.011299134907395368, 0.066925544763381334], "standard": [0.089034927288213508, 0.069492339875032394, 0.14458221105937222, 0.026832338478266805, 0.086922006217433151, 0.044857881696949299, 0.085472853431724796, 0.098926909860691081, 0.052100988433021855, 0.19246176625694594, 0.041156346375053249, 0.06815943102729552], "standard_f": [0.089873776549815973, 0.069052618304446187, 0.14835099425861656, 0.02536675468840395, 0.084187765284877356, 0.040646962424573378, 0.080757217856308544, 0.09892977555905387, 0.050080371926616983, 0.20351832884068066, 0.04050179151752608, 0.068733642789080437], "hpss": [0.085805146534776722, 0.069269895057862435, 0.15029148269719067, 0.019188575938584206, 0.08782003073197335, 0.041117295128427184, 0.087637091747347351, 0.10307964636614353, 0.048331972950419251, 0.20480316945315069, 0.035854215544753182, 0.066801477849371418], "hpss_f": [0.086762772226273141, 0.068874895724657201, 0.15279308884789328, 0.019159997400229813, 0.08616872018105716, 0.038625274191633828, 0.083767465083104065, 0.10248357057629091, 0.047702479479611294, 0.21055284472869781, 0.036024089961188721, 0.067084801599362906]}