{"deep_f": [0.066386768487703293, 0.025995954160338234, 0.1400001117319441, 0.0076202545768168624, 0.18807175585118316, 0.019533008032742969, 0.031174951454177181, 0.22095556336934721, 0.013025888096437116, 0.1118559569533679, 0.00674937797807255, 0.16863040930786932], "deep": [0.068294556854723382, 0.026472829879584849, 0.13804955174225839, 0.0078100738552415189, 0.1885476018660894, 0.020111885701510328, 0.03148848201380508, 0.21854713903923867, 0.013073596358561767, 0.11572107227574423, 0.0068575411512812028, 0.16502566926196119], "standard": [0.046931105726024533, 0.059420839432641426, 0.083021198528815218, 0.054069166182673503, 0.1312407820014248, 0.032576863959705667, 0.11292723354316686, 0.11062927724912269, 0.068824058824432682, 0.12408997929246042, 0.029105154787577442, 0.14716434047195473], "standard_f": [0.045124019887219077, 0.060717540465660358, 0.080461327869735019, 0.055563857910221885, 0.13212928696245099, 0.027958647227271562, 0.11319987981076844, 0.11588055597942697, 0.064265996887366394, 0.13038379403476419, 0.025493133061130002, 0.14882195990398508], "hpss": [0.041091792385230926, 0.057956875756934492, 0.08143685910953169, 0.053781563534946231, 0.13680810143096359, 0.027256114317103786, 0.11549829281873505, 0.11262366939816743, 0.067670796282434387, 0.1261852796697101, 0.023785524792009155, 0.15590513050423296], "hpss_f": [0.041924552655243509, 0.058202520582652642, 0.079514126750366426, 0.055657244623775727, 0.1361498500490497, 0.025640699279132453, 0.11479262779999468, 0.1151670568664277, 0.065727835472968649, 0.12795601342823071, 0.022905063005331947, 0.15636240948682581]}