{"deep_f": [0.048025667284481335, 0.02245846748256479, 0.17594451733087557, 0.013805240814753907, 0.10970501301455597, 0.023947082219658487, 0.03568194420395375, 0.28636492954040887, 0.011182763269843583, 0.087060391273248938, 0.014369123748069392, 0.17145485981758538], "deep": [0.051562850864557509, 0.024341787181661034, 0.16935209360578943, 0.015407246092298887, 0.11257397542169026, 0.025335479072337266, 0.036812023453178765, 0.28359179221476372, 0.012998200174936135, 0.089808533576085967, 0.016143411814540758, 0.16207260652816027], "standard": [0.072762967704446221, 0.035305958117722865, 0.16934702606240748, 0.035431516563215103, 0.11509399670684717, 0.057079678622971759, 0.080271390783686711, 0.11539854755375581, 0.057435588293954877, 0.090743511443331232, 0.043253250554081982, 0.12787656759357893], "standard_f": [0.070219653503813109, 0.033377094781774717, 0.16993530555974279, 0.032962002836584132, 0.1214291913451577, 0.057890251722761084, 0.08036565371845969, 0.11555079894001284, 0.054921350742560583, 0.089637329462807697, 0.041108051945016787, 0.13260331544130877], "hpss": [0.066382941007962201, 0.029251692501353364, 0.18457103787392798, 0.030728991730668762, 0.12270750355694485, 0.051770899682694958, 0.075918635643854884, 0.12375015759901328, 0.052081439686182486, 0.088118690253772225, 0.036185784062413781, 0.13853222640121129], "hpss_f": [0.066137888761938116, 0.029124373417735543, 0.18271727450135267, 0.030509280613368179, 0.12548490979625887, 0.052894597009907049, 0.076244423119571775, 0.12244716966713766, 0.051469229983941073, 0.087266752788965576, 0.035849075071457251, 0.13985502526836602]}