{"deep_f": [0.037528162377920449, 0.031425827036636468, 0.25931265975914153, 0.015102934393859334, 0.092678714831752898, 0.030937786592640289, 0.11842276190520559, 0.078043142181892552, 0.024554769697378114, 0.16232271134236684, 0.016609070739097027, 0.13306145914210901], "deep": [0.045631839641548114, 0.034855990089592448, 0.23797616793685422, 0.019440561008379917, 0.09797095786792169, 0.034745872010233082, 0.11152300292292666, 0.084361573868567838, 0.028830159644237029, 0.15726328729690678, 0.020264046385379222, 0.12713654132745297], "standard": [0.025464885371444774, 0.03674327014675817, 0.10781993375140103, 0.021486720914822986, 0.11201914194991676, 0.023386216341392239, 0.16798035331339772, 0.093366135319960825, 0.046329772194532728, 0.19419142994766436, 0.030761408405746968, 0.14045073234296149], "standard_f": [0.024498462348181739, 0.036071145317636895, 0.10778986191607368, 0.020419118772165873, 0.11219065548273095, 0.021689881627385409, 0.16813190753224352, 0.094597211175497561, 0.044974047091583209, 0.19689664445583074, 0.029409882461832001, 0.1433311818188383], "hpss": [0.010851740130712649, 0.032629753579265064, 0.11811351009985985, 0.0096330812270260819, 0.12485409796257457, 0.01239845709194611, 0.19187511498510754, 0.092645592990275277, 0.025177567770371539, 0.21584830829801654, 0.010122725991121011, 0.155850049873724], "hpss_f": [0.010762103378239267, 0.032369662121594631, 0.11803610490827485, 0.0095600641369532925, 0.12442102949042709, 0.012196715082618078, 0.19141593293492062, 0.092941816091906646, 0.025163522006066186, 0.21657444904093925, 0.010061028330405846, 0.15649757247765431]}