{"deep_f": [0.030647144586216424, 0.046567068597548812, 0.17212104874092007, 0.010555187008734866, 0.16693522500656297, 0.013629669247746026, 0.12014260404176579, 0.081085284139239835, 0.024168635404181689, 0.18890808775131712, 0.007758525807941309, 0.13748151966782515], "deep": [0.032151574039972423, 0.047448444137893668, 0.1652843949987339, 0.011485416267944032, 0.17248453245494486, 0.014580008480620918, 0.1118912532557348, 0.084730312856237569, 0.025500053439687441, 0.18373079242320867, 0.0084301966473793594, 0.14228302099764237], "standard": [0.09231128186614547, 0.077896472581340415, 0.12914663888768352, 0.035122484543408959, 0.11051799190986557, 0.061210895583950417, 0.10062391180253752, 0.059066914575162076, 0.040347903009761245, 0.11236199207185782, 0.051558129628153614, 0.12983538354013321], "standard_f": [0.090940360615734572, 0.078731081833732536, 0.13441795427167424, 0.033742332082933056, 0.10711040433775279, 0.056670644695343088, 0.098476387254175707, 0.060098280093868167, 0.039044272730221638, 0.11895770507689278, 0.05030613762007681, 0.13150443938759468], "hpss": [0.088421913015530332, 0.077841124309119089, 0.13290157110253878, 0.027602880853674884, 0.11667837915137813, 0.060219604547435544, 0.10679997767331473, 0.054583847076496966, 0.032661482288205528, 0.11176867839247373, 0.049280882858689569, 0.14123965873114278], "hpss_f": [0.087990292139866352, 0.07730640105727106, 0.13610711085454294, 0.027562119526007043, 0.11415169109415238, 0.05786408983880497, 0.10441240817739995, 0.055793034667406073, 0.033007511645203019, 0.11594350685467909, 0.049125752502802933, 0.14073608164186416]}