{"deep_f": [0.030109344476996543, 0.025973076229222628, 0.26207717332343533, 0.0080182167130841229, 0.072887379639585817, 0.018516030433506869, 0.1684666176708017, 0.060242708920801198, 0.011292783344114977, 0.23479207617239142, 0.0074442865056250675, 0.10018030657043439], "deep": [0.032982255398469697, 0.027207127230632761, 0.25538423651373465, 0.0091458076526891585, 0.075984263209871949, 0.020023034664289736, 0.16059665641470225, 0.064664671577171304, 0.012384332795046828, 0.23272836756988968, 0.008448758659447532, 0.10045048831405445], "standard": [0.055396928174874981, 0.058546505545282929, 0.14231037371601266, 0.02646265924281661, 0.087635814696794642, 0.054508769443125674, 0.12635865424069687, 0.087291686057478182, 0.043955491856872766, 0.20479078839239312, 0.040602009691749444, 0.072140318941902148], "standard_f": [0.053242077956777954, 0.056971852886012329, 0.14357177242917493, 0.024744270859161262, 0.086770365230099927, 0.050429067019424831, 0.12182256185481168, 0.090241911491807561, 0.042018973393405629, 0.21629501794196607, 0.039631331701849189, 0.074260797235508616], "hpss": [0.047206551714829598, 0.058055940225067916, 0.15021837882901989, 0.017816703686769676, 0.088438412712379177, 0.051348118469769721, 0.13567716462659529, 0.087818098447178181, 0.03561958259296253, 0.22011152698802641, 0.035039431336428388, 0.072650090370973461], "hpss_f": [0.046785765178086768, 0.056653819641146276, 0.15130061864470515, 0.017745070240512941, 0.087957446676556722, 0.049139645076288208, 0.13138516529953562, 0.089228594121055521, 0.035753022635504138, 0.22512706774453206, 0.034900920297594992, 0.074022864444481556]}