{"deep_f": [0.037321429261232102, 0.029520544532795279, 0.23631854125512103, 0.008790894544128269, 0.094291599980972571, 0.0231386628937598, 0.12259191007817713, 0.10000514129089406, 0.010247259074208591, 0.23027388169227611, 0.0087716310822446072, 0.098728504314190418], "deep": [0.038532138882092941, 0.030410548673579566, 0.2306655221823887, 0.0092520412443036562, 0.09787518821803351, 0.023353788158499242, 0.11725784593525955, 0.10464574844088807, 0.010603064405458397, 0.22810611724608962, 0.0091011725516024107, 0.10019682406180433], "standard": [0.062484815077073819, 0.061839250140630041, 0.13666690809538912, 0.027796897767433878, 0.068127767455936614, 0.049193730120529994, 0.10801474618708436, 0.067708764585637501, 0.043839740419309853, 0.23296961842325525, 0.047094663521627986, 0.094263098206091578], "standard_f": [0.060412628661673275, 0.059817883192784117, 0.13411851031611244, 0.025788937246010533, 0.066547626224966433, 0.045692822277136072, 0.10448356969519662, 0.06529775547985342, 0.042065069803695607, 0.25152252714571621, 0.046955328618855374, 0.097297341337999693], "hpss": [0.053314981218960236, 0.060008223192659256, 0.1428493907886394, 0.019893033965923224, 0.065532148078764105, 0.04609460468024236, 0.11490180953651545, 0.06565052691177467, 0.03797941244740357, 0.25379902871773541, 0.042612344438087604, 0.09736449602329475], "hpss_f": [0.053137106938068647, 0.058841335082839022, 0.14302410967611587, 0.01967608749781433, 0.064597188044827752, 0.044091572014387216, 0.11143942824309276, 0.063587259051736553, 0.037518428654164417, 0.26268213548780106, 0.042907228858497737, 0.098498120450654578]}