{"deep_f": [0.095342699174567211, 0.040698220177065432, 0.13477158300582759, 0.028791076947039494, 0.13444967029006069, 0.039600665322205679, 0.071867957523907441, 0.14999995100545524, 0.033580291660811626, 0.1459510901752053, 0.0252458536190238, 0.099700941098830431], "deep": [0.097698744895352935, 0.04239367948385165, 0.13300862722231407, 0.030798140277237481, 0.13169919289076062, 0.041987925902501527, 0.073800448095752508, 0.14277009826474085, 0.03606428795512906, 0.14643698338948888, 0.026824612194830757, 0.09651725942803964], "standard": [0.040752328784660029, 0.047836444460459183, 0.1118920588836473, 0.022252037632187256, 0.147232163146366, 0.023929364862389526, 0.15023218718084713, 0.11177658812860553, 0.032265447419789241, 0.092009463630225094, 0.027759587910366937, 0.19206232796045666], "standard_f": [0.039412108848212411, 0.047482343781421216, 0.11175793478122666, 0.021561111218699542, 0.14875083073165651, 0.022529502016527637, 0.15248988637513375, 0.11050321034430399, 0.03084710529838092, 0.091840199572917253, 0.02617977278431843, 0.19664599424720156], "hpss": [0.018986981341177187, 0.041640693684530827, 0.12154312540862372, 0.011837652731980767, 0.16764203487339788, 0.0098792083982875787, 0.16432773840215215, 0.11996482042002611, 0.018415777434015165, 0.091353433499475653, 0.011513774641420839, 0.22289475916491219], "hpss_f": [0.018906353694972702, 0.041568754446972188, 0.12119974466939526, 0.011779668347698492, 0.16744338066502218, 0.0097169806733380121, 0.1648772093914978, 0.11907718566201701, 0.018211883533778839, 0.091569455800685859, 0.011458056101192509, 0.22419132701342914]}