{"deep_f": [0.092859445698246265, 0.031115250501417228, 0.20305362964371179, 0.022749949458794015, 0.083978263053171992, 0.051810593269643865, 0.073345855143212457, 0.12945238802022963, 0.024932380468767355, 0.17471687372336372, 0.024663623334438767, 0.087321747685002976], "deep": [0.096951782699016054, 0.036786757556071074, 0.1798056876524102, 0.028283837179086252, 0.088805015852409214, 0.054338742907292847, 0.074797661634503895, 0.12728351640791954, 0.029736881771075245, 0.1707418682133463, 0.02906909383592559, 0.083399154290943786], "standard": [0.058782508234862058, 0.038502530481723404, 0.069878893170831693, 0.013088604897965154, 0.089015600271740145, 0.018880565733244963, 0.1714884299365371, 0.19775216700046244, 0.052619147089839356, 0.13050830464791105, 0.031329901221094553, 0.12815334731378805], "standard_f": [0.058222396857575895, 0.03805193270744632, 0.069336682541264377, 0.012360218907460948, 0.089141750229920186, 0.017783892157126294, 0.17522723437115126, 0.20121291150008669, 0.051544833861919687, 0.12897946592273149, 0.029301103716585668, 0.12883757722673123], "hpss": [0.053365264769528679, 0.035710956197398343, 0.073333466934325048, 0.0065522900765990488, 0.099411715531790831, 0.0062896381497157018, 0.18525009075361909, 0.21641635123968148, 0.034614085678607888, 0.13410237847749479, 0.010296382640095914, 0.14465737955114319], "hpss_f": [0.053447288571383457, 0.035643290002461886, 0.073190386099748872, 0.0064950493743480501, 0.099198687829996496, 0.0062109899830792388, 0.18582622196176998, 0.2165089929392508, 0.034526484782990578, 0.13384008957475205, 0.010202025094118952, 0.14491049378609971]}