{"deep_f": [0.047040127685298923, 0.039620530970899154, 0.19115090029079618, 0.019523445459558374, 0.1332962707268702, 0.030987520710510072, 0.099577024037401318, 0.095747456459135044, 0.031580454417611536, 0.15792907194886893, 0.017927232519855139, 0.13561996477319532], "deep": [0.052318931432449825, 0.041384054594312908, 0.18295580495930469, 0.021476195413521078, 0.13314049048577944, 0.033048269193493296, 0.098243432991115556, 0.095422259883374022, 0.033353765878075634, 0.15968027607347857, 0.019460668017237375, 0.1295158510778576], "standard": [0.03558392204782912, 0.037777692927848966, 0.088791424697397134, 0.020338178498628012, 0.13457793782172681, 0.029461449101062725, 0.16633666809319472, 0.075469243986542228, 0.040828659206321991, 0.16593263557058544, 0.027869433298385322, 0.17703275475047739], "standard_f": [0.034061977696665267, 0.037320788299176719, 0.089198394053529348, 0.019195120435228578, 0.13381359415915803, 0.027553937091029254, 0.16739562867092764, 0.076001813794819212, 0.039669681197549551, 0.16752752528749648, 0.026250001369828, 0.18201153794459199], "hpss": [0.01482076508390915, 0.031534502252381698, 0.092802482198526812, 0.010453641831305543, 0.15093568857458545, 0.018490749790637945, 0.18552098747188039, 0.070043158489456511, 0.025208678800245576, 0.18210900068345098, 0.014184477051842077, 0.20389586777177807], "hpss_f": [0.014650618072605807, 0.031361215104444576, 0.092913386564588155, 0.010267556319093275, 0.14966821794287721, 0.018173788220201118, 0.18532599566833738, 0.070155814309912926, 0.025167611732076694, 0.18263197233606235, 0.014127165360080796, 0.20555665836971987]}