{"deep_f": [0.076628123625520003, 0.014859227142423818, 0.1944051056237385, 0.0088695073152016794, 0.11528345357059799, 0.031329869089801204, 0.028865830569243307, 0.25634370543311058, 0.00739356889063924, 0.092478127205283853, 0.010616356428542974, 0.16292712510589677], "deep": [0.081414670494869015, 0.015854104290017507, 0.18903424452465864, 0.0097923316071804115, 0.1170050772237846, 0.032294066407999249, 0.030093738315851885, 0.25237445052172242, 0.0079273389844192292, 0.09983973931448567, 0.011373079983451219, 0.15299715833156013], "standard": [0.04432030262010217, 0.057771266688820599, 0.11750457350672872, 0.034094124921074144, 0.088384905263909047, 0.029311752071497645, 0.12723844325682626, 0.17724616187851397, 0.047504164726286061, 0.13592670255994679, 0.027542628107605608, 0.11315497439868902], "standard_f": [0.04023621421828362, 0.057048012899739625, 0.11943130404217557, 0.032130834423283537, 0.087831260234021824, 0.024814384498102263, 0.12905766521120862, 0.19084140529143578, 0.042787596132973463, 0.14141598903434927, 0.023417587939480202, 0.11098774607494633], "hpss": [0.038432244858272138, 0.055864077848137267, 0.12125498307671669, 0.030398539679656066, 0.089242612739618116, 0.021896706206370048, 0.13127918338034447, 0.19079885391059206, 0.041717467292648268, 0.13916937303783133, 0.020699248358100147, 0.11924670961171342], "hpss_f": [0.037763206256549366, 0.055703792072475861, 0.12182500683033079, 0.030255174319744782, 0.08859324978578148, 0.020463939455035201, 0.13189993855417159, 0.1955930902646173, 0.040105811588519273, 0.1415030716430436, 0.019434195311329349, 0.11685952391840136]}