{"deep_f": [0.15075066485961433, 0.027998954811089716, 0.11267881908643583, 0.018916302446634416, 0.15351783442999595, 0.036995717172061189, 0.034506438966039291, 0.20185911109723664, 0.015976134800384803, 0.16970330072529255, 0.017878288291425338, 0.059218433313789842], "deep": [0.14059963141515891, 0.030946255041860039, 0.11716353245950122, 0.02116513972000416, 0.14424942582658742, 0.039569182822038196, 0.039383331986763317, 0.19458200780297005, 0.018832596192525485, 0.17227380009205023, 0.019811051204981767, 0.061424045435559203], "standard": [0.056727301206556544, 0.038336204762071245, 0.10139448934434282, 0.028983274551522397, 0.10994358123058486, 0.038229699905869115, 0.085340251583311447, 0.18401493526854554, 0.05681166347871755, 0.19700146103213953, 0.032424785526750204, 0.070792352109588688], "standard_f": [0.053684231671216255, 0.037901819883650371, 0.10264556690817078, 0.026388170718252703, 0.10411428652111779, 0.03493007413431256, 0.084473176818890938, 0.19111389529526163, 0.054422821406538292, 0.2121390488336698, 0.030339389019603334, 0.067847518789315567], "hpss": [0.052728047306059095, 0.034432927816208971, 0.103882383194527, 0.021114423578804796, 0.11721697115103451, 0.031818138013454192, 0.08631105567494643, 0.20266756835096392, 0.047985476591724703, 0.21046913404442136, 0.023085294261810371, 0.06828858001604457], "hpss_f": [0.05097300382347978, 0.034408897063976394, 0.10476573854537216, 0.020382040809167425, 0.11303771510003795, 0.03068561409218715, 0.086336627095118093, 0.20512111547274578, 0.047742555611143614, 0.21752162686210597, 0.022737951033907695, 0.066287114490758053]}