{"deep_f": [0.14350613250996716, 0.013483556292015366, 0.18267993220290848, 0.0085242304594139728, 0.12053949753515754, 0.060800184039711359, 0.056125708686755163, 0.16144631644465382, 0.0082796376943360776, 0.16712653679736802, 0.011886379794813081, 0.065601887542899792], "deep": [0.14128125325017377, 0.013896943741701626, 0.18424639517456268, 0.008843085859369099, 0.11772589296466565, 0.062047718762138881, 0.054901933998134846, 0.16089063168539355, 0.0085220897284205011, 0.1694575891922124, 0.012162529987313335, 0.066023935655913635], "standard": [0.081549330630692279, 0.062334228668781501, 0.11261402299031656, 0.024027867242021578, 0.12726154361965938, 0.036353515077125712, 0.088065165915470742, 0.12366311870404365, 0.052211933414969366, 0.17690002218051434, 0.028199484312912016, 0.086819767243492912], "standard_f": [0.079919540361547248, 0.061510270921656569, 0.11439895783300097, 0.021920779170843473, 0.12998650306717777, 0.031495682654906362, 0.084881294518325642, 0.12734882352322913, 0.047120574557310058, 0.19138810921587002, 0.024157074490990412, 0.08587238968514245], "hpss": [0.081211608310687938, 0.062236078847034915, 0.11579627869041946, 0.019764171986587517, 0.13246392584151814, 0.031896163070146616, 0.087300299048085492, 0.12710459666931825, 0.046090430675515229, 0.18517362022454648, 0.022370352124471134, 0.088592474511668892], "hpss_f": [0.080489654485891529, 0.06196036891072574, 0.11734703921330331, 0.019161858012424347, 0.13339336832267701, 0.029096504393676101, 0.084489642196623513, 0.12868873458422694, 0.043677039063307999, 0.19438682212747732, 0.02038442871886156, 0.086924539970804848]}