{"deep_f": [0.02996545178400466, 0.030629306250882744, 0.23860854737705728, 0.010096726592671797, 0.087100014806309439, 0.019627755811702292, 0.1527282467236199, 0.066990882532454388, 0.014247550646875631, 0.2289265949390929, 0.0087595330117872239, 0.11231938952354184], "deep": [0.031002818715097212, 0.032131512216108452, 0.23302818085574883, 0.010899023788894131, 0.090945851014686344, 0.020638197400308329, 0.1454496803180868, 0.069275236705113485, 0.015275879802006471, 0.22787111891706538, 0.009429366499334086, 0.11405313376755047], "standard": [0.071337811379278401, 0.068429324606964478, 0.157183935569156, 0.031005066331529118, 0.085474167783042787, 0.046890625941147061, 0.12409457893903693, 0.057519161205689243, 0.040035664374224691, 0.16976538977848499, 0.050759727487639267, 0.097504546603806988], "standard_f": [0.06902094769152671, 0.066877217799420463, 0.16003195093136008, 0.029226621828989861, 0.082859193114513022, 0.042971672877583543, 0.12355719058223934, 0.057329054740285511, 0.038313861844572, 0.17978703816576408, 0.050029120727217352, 0.099996129696528074], "hpss": [0.06427962938856481, 0.067730160703843315, 0.16740252811090953, 0.025258788340743889, 0.087096190668031356, 0.043032780491912163, 0.13222787313838294, 0.05269194274788358, 0.033304800557218781, 0.18104578375357294, 0.046777382775507956, 0.099152139323428631], "hpss_f": [0.063365776197901749, 0.066249149945695612, 0.16888806278136018, 0.02537304904037415, 0.085631650495559597, 0.041676331152792331, 0.13110725675540782, 0.053082920340443859, 0.033302062631490735, 0.18511794463140005, 0.046464233378534892, 0.099741562649039023]}