{"deep_f": [0.25554474335772986, 0.020738397316167674, 0.10900877781177967, 0.028245722198235082, 0.12011402387464024, 0.055638308860009693, 0.038635478795299126, 0.15090855970401559, 0.027926822360927684, 0.12369138432822069, 0.022720164023010306, 0.046827617369964311], "deep": [0.24389568241049625, 0.023023950827997453, 0.11002199331210748, 0.029734090469131023, 0.11759586211687327, 0.057279931589518454, 0.041029484320829639, 0.14956695715512028, 0.029864275297133636, 0.12487739211046725, 0.024414051853054813, 0.048696328537270461], "standard": [0.17488770568624318, 0.0264262775645163, 0.12689399342043847, 0.021497533666850449, 0.14241004651782035, 0.01606198580356176, 0.035093478330082355, 0.17126698471693419, 0.052217051002072495, 0.12862052504434413, 0.026292572429391647, 0.078331845817744633], "standard_f": [0.18393954031137941, 0.025843040872426077, 0.12906873499699856, 0.020078276307360959, 0.14252691161788378, 0.014177481541122989, 0.032546330397045548, 0.1685492223719493, 0.0498156105527379, 0.13182400037402556, 0.024335139138894291, 0.07729571151817545], "hpss": [0.19671111095408902, 0.017924680418594637, 0.13520802953966027, 0.01155792592463346, 0.1592680385052859, 0.0072999574869221096, 0.025760644234496897, 0.19264448674474458, 0.042079185624658275, 0.13326686410474456, 0.0067184597431652043, 0.071560616719005182], "hpss_f": [0.19926326522866691, 0.017871052381896187, 0.13555777439658662, 0.011311638325822153, 0.15876377479386536, 0.007078694685963215, 0.02550841005120966, 0.1905968623158209, 0.041576697387786098, 0.13433440034336797, 0.0065805661104205914, 0.071556863978594482]}