{"deep_f": [0.048841743432085361, 0.035243679247647652, 0.24003366792981456, 0.020394205137454303, 0.080044992007553661, 0.036963854118006068, 0.12501841171364841, 0.10256147007384904, 0.024651796245923029, 0.16286852909828356, 0.023886968914726338, 0.099490682081007836], "deep": [0.054200335047134285, 0.037867000434453138, 0.22391444947398537, 0.02339416328705371, 0.085189199712751254, 0.039871346352382847, 0.11710977846813772, 0.10806410171487675, 0.027969126015503862, 0.15730095314741235, 0.026664235964515594, 0.098455310381793129], "standard": [0.030153409160548639, 0.053919500390072456, 0.12471609953766236, 0.019744305768627339, 0.070690006147319642, 0.021298909626410043, 0.21162673613901228, 0.099100527118809983, 0.043669734569359971, 0.15999360838817531, 0.031579150001711347, 0.13350801315229058], "standard_f": [0.028892269705017664, 0.053731190981717157, 0.12401360790112832, 0.018767627205592663, 0.070808984471358208, 0.01963157947460549, 0.21543042803070941, 0.098936338463705795, 0.042118860574752982, 0.16174719962268874, 0.029977941165721597, 0.1359439724030021], "hpss": [0.017430511777338144, 0.054126749696452134, 0.14038607367425016, 0.009466640417264905, 0.075201202933308245, 0.008930478109414124, 0.24496828828390799, 0.097782284378852211, 0.021965246998779588, 0.17109238470390861, 0.010292855127228129, 0.14835728389929564], "hpss_f": [0.017313301622775796, 0.054016021995227252, 0.14006545790282404, 0.0093905378860412603, 0.074964190256492216, 0.0088218157058159493, 0.24564854099144215, 0.097530516876024487, 0.021816005713268471, 0.17153461067206238, 0.010186835494494596, 0.14871216488353131]}