{"deep_f": [0.020663349019359602, 0.024214485323897719, 0.25260707876815247, 0.0065628418769484251, 0.071405465997547199, 0.0090394560946016854, 0.19825443904199325, 0.074340257368695928, 0.0090941345006360069, 0.20102105073994511, 0.0048464513815006018, 0.12795098988672188], "deep": [0.021806692868006967, 0.024717782877567901, 0.24921798204865916, 0.0068995904254986161, 0.075059507117237162, 0.0094945187441479138, 0.19137772675924516, 0.079765420498654163, 0.0095062342703685389, 0.19602269761090099, 0.0051966502895813924, 0.13093519649013202], "standard": [0.034917588217575513, 0.10180706783217329, 0.10402861246862355, 0.039410129553090548, 0.10487947508928838, 0.034808435672891824, 0.18862758163441909, 0.062959985752990291, 0.041897185764123747, 0.16809997800806992, 0.041608256292138095, 0.076955703714615728], "standard_f": [0.028390736419902047, 0.10659965033737266, 0.10892132832597348, 0.038527566071647534, 0.10265140150705224, 0.031035850657611341, 0.19490149155533923, 0.065221505955182182, 0.036374314675039883, 0.17444133016962618, 0.036432965808649347, 0.076501858516603932], "hpss": [0.027432588028654715, 0.10669823622801987, 0.10325018752127596, 0.036263804376784364, 0.10774548560026544, 0.028831031104997511, 0.20239749864434514, 0.059393028327055598, 0.034282899751623352, 0.17689998080480335, 0.037830113130672929, 0.078975146481501654], "hpss_f": [0.024426936691145075, 0.1075155066329201, 0.1085797984324125, 0.037121868094172582, 0.1046073068496534, 0.02714496784368952, 0.20283899206815359, 0.061035934368999227, 0.032141838235476859, 0.18039389986183441, 0.034213265462690587, 0.079979685458852021]}