{"deep_f": [0.071574217567116294, 0.043527750635231913, 0.15234101161175401, 0.023666203748450718, 0.14913997214381636, 0.039937508501054604, 0.075615280261196197, 0.10352985402641393, 0.038816640787277625, 0.1521863283438907, 0.022000090279217271, 0.12766514209458049], "deep": [0.076443112792049919, 0.050476766975140148, 0.14410521417195293, 0.030679375560599745, 0.1378199179867742, 0.047369722200242562, 0.080020769761032756, 0.10069405005937015, 0.046264498889110613, 0.14600021011662867, 0.029937680116729638, 0.11018868137036866], "standard": [0.056026463785725893, 0.040499827263841055, 0.098746482852865525, 0.020561204954654994, 0.12261484000333361, 0.015591742955533925, 0.097617603370032835, 0.11930990748025651, 0.05041271578121985, 0.11310026119017957, 0.038833346739380395, 0.22668560362297577], "standard_f": [0.055273464434543292, 0.039996608926539466, 0.098886305712755945, 0.019961047865753919, 0.12283859745043106, 0.014531983485205749, 0.098884006894506743, 0.11903391913880908, 0.049744375822142667, 0.1140525030569666, 0.037336161276407417, 0.22946102593593806], "hpss": [0.044614141999446529, 0.033705580896719767, 0.10805328105491847, 0.011059362513500625, 0.14147317731672779, 0.0059172796963600253, 0.10157999930549504, 0.12909264110531166, 0.038746951519270677, 0.10742135022211394, 0.01457389951377111, 0.26376233485636441], "hpss_f": [0.044609959044045411, 0.033609519569743555, 0.10798825521404001, 0.010994042569121282, 0.14115850920089254, 0.0058417547500599909, 0.10210695013229146, 0.12862056919997703, 0.038524816295890968, 0.10776497321692163, 0.014462372464624219, 0.26431827834239197]}