{"deep_f": [0.092194147616473779, 0.032233057158117952, 0.19959369610807234, 0.021273083008925556, 0.10416752654335372, 0.043695846864737702, 0.086283573440037953, 0.12686949939561248, 0.027171086116378741, 0.15644408596415438, 0.022696966317706596, 0.087377431466428915], "deep": [0.096949797639351257, 0.039491812327807178, 0.17663681357098324, 0.026272832773926853, 0.11228260086248529, 0.049076886125524431, 0.083952336268640265, 0.11261809649244493, 0.035597663086448871, 0.15644323865920326, 0.026815074151040147, 0.083862848042144278], "standard": [0.042781731998478081, 0.091815856650107372, 0.21477646139880302, 0.029031484082895798, 0.11477587202223287, 0.020906027320864759, 0.11360654380827807, 0.106609964252923, 0.060683916717176489, 0.12333061400678873, 0.022910407539036188, 0.058771120202415816], "standard_f": [0.042109129524717535, 0.094215894245254728, 0.2217382928522223, 0.028012235493655148, 0.11251756831717066, 0.018870619289763017, 0.11308821617232738, 0.10469425819508155, 0.05904343125295175, 0.12501412652683075, 0.021642389804089533, 0.059053838325935845], "hpss": [0.03320406676784908, 0.098237423676290112, 0.24580757897605493, 0.016720818582891258, 0.12410637070713817, 0.0084785843972334882, 0.1214708907979392, 0.11271961291492966, 0.048302108663152217, 0.12446298687533679, 0.010028621977026152, 0.05646093566415912], "hpss_f": [0.03339031792417025, 0.099097691928953582, 0.24747279800884334, 0.016692498042855084, 0.12268982908275444, 0.0083243683759976102, 0.12133783394684362, 0.11164745790021782, 0.047829591929628629, 0.12486070574373997, 0.0099550784842060945, 0.056701828631789589]}