{"deep_f": [0.085548050839967874, 0.04637478210417767, 0.11706448817578059, 0.024472488298996058, 0.18929630307846257, 0.035981636303444739, 0.052057524085857912, 0.14999716061970902, 0.037101250563906778, 0.13028897074937693, 0.023303828225302272, 0.10851351695501739], "deep": [0.088653818261583264, 0.05072589815096213, 0.11889194473192871, 0.028357325646894867, 0.16817128498750938, 0.043258651905741824, 0.058781407467264971, 0.13306059311060023, 0.040942725656610036, 0.1444297600365779, 0.027064047473634632, 0.097662542570692054], "standard": [0.049323250774925706, 0.039173844299699355, 0.06981906561916866, 0.021014625092418922, 0.13758237574491333, 0.017382741217083747, 0.05486705914711399, 0.11263067802288076, 0.046735290520478742, 0.15249857830410149, 0.036685850329497567, 0.26228664092771764], "standard_f": [0.048245532026688333, 0.039052973466064761, 0.069750981698768949, 0.020026327736074125, 0.13801995795261418, 0.016041053508175467, 0.054859674673594934, 0.11184169944348274, 0.045448304769401919, 0.15492814940988073, 0.034482072297901858, 0.26730327301735191], "hpss": [0.023768801935568091, 0.027725920191915058, 0.071236439398377718, 0.01171702814614425, 0.15933389442419268, 0.0098409942414193347, 0.051400634281785797, 0.1238071620745734, 0.037372768449869288, 0.16431380654510522, 0.012477761214903651, 0.30700478909614543], "hpss_f": [0.023669099068050377, 0.027676949371884238, 0.071026737823741137, 0.011570083846596932, 0.15862461692300642, 0.0095977383172672365, 0.051597308050547866, 0.12315990195747631, 0.037228774258158959, 0.16510603491250034, 0.01234411618960074, 0.3083986392811694]}