{"deep_f": [0.10015961431852886, 0.027416948947068507, 0.18663929194237688, 0.025701347006932811, 0.087940083396379862, 0.049503346998820218, 0.048838990175501674, 0.23805647732194107, 0.022832658075158056, 0.10810429366071592, 0.033389143359981208, 0.071417804796594889], "deep": [0.096556084431224501, 0.031180500019167699, 0.18505187549745289, 0.027716539152672366, 0.089513408420683838, 0.052113057032759952, 0.054055797727463363, 0.21628664555906249, 0.026468920966289698, 0.11210318527558805, 0.035589984403589764, 0.073364001514045402], "standard": [0.048409200100679076, 0.033021705240889258, 0.19745939613468419, 0.026026716889196281, 0.046094520618687719, 0.012352857111557763, 0.077152613732033817, 0.20707041405193372, 0.081968102695412937, 0.13188039991508416, 0.031736281355299698, 0.10682779215454127], "standard_f": [0.048074982094601287, 0.032163647370213252, 0.20033916249980696, 0.025125507332132643, 0.045841696827407907, 0.011354671680973271, 0.07678999728697232, 0.20808093528404903, 0.080846679333566471, 0.1327480139506548, 0.030055427252848411, 0.10857927908677383], "hpss": [0.044607879580431428, 0.024807928133836542, 0.22265739198334328, 0.016859904696964235, 0.045098022985015661, 0.0040510327129486632, 0.075702717430439034, 0.23719173026928914, 0.075316548462737276, 0.13186349473011635, 0.010973148324426349, 0.11087020069045209], "hpss_f": [0.044628611826456256, 0.024774555141483016, 0.2230884594035695, 0.016841012662790578, 0.045091170972183868, 0.0039912315854579439, 0.075739599825403139, 0.23656367818880666, 0.074938869484675, 0.13195130393574639, 0.010886023553585651, 0.11150548341984202]}