{"deep_f": [0.078685044633448095, 0.028892281313875747, 0.19141338117215201, 0.021079351155782446, 0.10599450623213774, 0.045273917820428257, 0.048125325729052301, 0.20601902762997207, 0.023111261715099432, 0.12220277713752442, 0.02541691389428025, 0.10378621156624723], "deep": [0.087828857137607255, 0.040753392922734007, 0.15963084011561415, 0.029037599007273762, 0.11555519334273957, 0.051725172847177037, 0.060838737624497763, 0.15455636010200485, 0.035826102960167971, 0.14218313893446574, 0.029708009694638809, 0.092356595311079093], "standard": [0.032240488499599637, 0.025496875049726496, 0.083349135056361989, 0.021214673805695652, 0.11999139898656871, 0.014640932389114888, 0.058276038048980558, 0.10801908235371049, 0.046151008517598631, 0.26940676717744738, 0.042513258667686751, 0.1787003414475089], "standard_f": [0.031252477119444351, 0.024826449913444713, 0.082693910324097161, 0.02019036420271569, 0.11864545177972248, 0.013247749168890788, 0.057441221228858259, 0.10542519982643929, 0.044329583691074849, 0.27784185300738429, 0.041259080237323664, 0.18284665950060455], "hpss": [0.015604589975393593, 0.017167559550661571, 0.088966854469575432, 0.011276278603966395, 0.14108491268907197, 0.0054486966625212118, 0.055896616731309232, 0.12058681487288617, 0.025769911628785676, 0.3074586034625385, 0.01488949900124175, 0.19584966235204845], "hpss_f": [0.015515220774990025, 0.017085231778524786, 0.088656135950764908, 0.011155710614715863, 0.14001369010234474, 0.0053448165100498952, 0.056002557296344332, 0.11948424827322979, 0.025541266978478559, 0.30950909844567948, 0.014802659528001258, 0.19688936374687621]}