{"deep_f": [0.066299719561980053, 0.038461492698024485, 0.14940614830357082, 0.02102379052982551, 0.18126692680802273, 0.029743563414484205, 0.060415305446949313, 0.16487918432927701, 0.032940891425081713, 0.11869502179965589, 0.022046392466153943, 0.11482156321697434], "deep": [0.072298746272567493, 0.039930951097350204, 0.14332365930704447, 0.023734115565651175, 0.17306122986188355, 0.033351011491848201, 0.058777252971567474, 0.16943755608814809, 0.034369479553735566, 0.11820928177901725, 0.024767911180630174, 0.10873880483055635], "standard": [0.039646818794458541, 0.045011103978418614, 0.12073985866151249, 0.023658461801495969, 0.1133158343045184, 0.023839193406106539, 0.053153421155456952, 0.12969056000594462, 0.052515319067562863, 0.14378104090429122, 0.033051525893024139, 0.22159686202720971], "standard_f": [0.039258267259666531, 0.045177960699146306, 0.12118385982900548, 0.022436149120721588, 0.11310001156485876, 0.022105894673531315, 0.050928575954296874, 0.12775986342166415, 0.050985322698397076, 0.1465414512794723, 0.030936459073129915, 0.22958618442610962], "hpss": [0.0236874828674528, 0.04225018684123906, 0.12892515036735791, 0.012877963925759749, 0.12566377419531574, 0.018353640471420976, 0.04903056747159408, 0.14359901575872219, 0.045891177978747665, 0.15298718660339758, 0.0092489980845307188, 0.24748485543446147], "hpss_f": [0.023743407966404811, 0.042273815919786253, 0.12878393243765449, 0.012783616685994979, 0.12461423545265392, 0.018046057670424182, 0.048701718782911671, 0.14261911393287435, 0.045695639099224791, 0.15392507517538268, 0.0091727143211482072, 0.24964067255553937]}