{"deep_f": [0.027690710045227156, 0.048655285871592471, 0.20071863028551817, 0.012851743804123617, 0.11675475302394164, 0.016654773972644577, 0.14112422090755156, 0.071301603665498273, 0.017481979881338358, 0.21007554640939516, 0.0090707120330572027, 0.12762004010011188], "deep": [0.029018400737714674, 0.049541988481831736, 0.19629001228915041, 0.013347046635132342, 0.1194936981322194, 0.01739917200428209, 0.1359691799635272, 0.073516109463847359, 0.018172901329271709, 0.20914370854988176, 0.0095356617545318823, 0.12857212065860943], "standard": [0.058519226998477794, 0.062582937641552441, 0.10548785376500681, 0.028377771595879633, 0.084001564318901906, 0.054238182592232377, 0.13069408056527101, 0.053384970429931601, 0.039705671730952873, 0.19837472604364606, 0.044396196552301696, 0.14023681776584579], "standard_f": [0.057067890059062105, 0.061516345819451132, 0.10284627057910435, 0.026195439097613883, 0.081469861221526052, 0.049945365953814914, 0.12703614864828061, 0.050155150972345283, 0.036335967145526844, 0.20961544750240424, 0.042930536773870723, 0.15488557622699992], "hpss": [0.049752909676530448, 0.061389892560604856, 0.10782691513254067, 0.021121760648071673, 0.084939636502456659, 0.052000034277099032, 0.14114244227531497, 0.047282371732367275, 0.030512045154859689, 0.21314633720552259, 0.040000981044120754, 0.15088467379051149], "hpss_f": [0.049349505830899053, 0.060590022691891759, 0.10718242912139919, 0.020794547840022166, 0.083817523905838104, 0.050399759925605601, 0.13810717862754546, 0.04591813220553264, 0.029930819829772262, 0.21807489906708288, 0.039462538704446701, 0.15637264224996394]}