{"deep_f": [0.074301989618192454, 0.024384178299178959, 0.16151100901490603, 0.010098242670884069, 0.14650849952155023, 0.021983299733333531, 0.040790681913056501, 0.23941070698220476, 0.0093184094552259174, 0.10954899321494638, 0.0095689418246697744, 0.15257504775185141], "deep": [0.078383112374975347, 0.024781086444834743, 0.16029133862561365, 0.010897768531237374, 0.14311689249163226, 0.023642607899038451, 0.041178368631434918, 0.23818508862674959, 0.0096287385249907639, 0.11456027597102693, 0.010319640882941589, 0.14501508099552438], "standard": [0.037377626594173298, 0.049081132244714699, 0.10732247315309586, 0.028419232136361675, 0.09298084486669865, 0.034799040721186204, 0.12201474945422473, 0.17895041687423635, 0.049652817607075281, 0.14354516875478227, 0.031637774454321289, 0.12421872313912975], "standard_f": [0.029277028660187932, 0.044381518375472197, 0.10973638634815897, 0.026416737783704042, 0.092693479631004577, 0.029533321559981944, 0.12204980268135245, 0.19263431857777166, 0.045150362065178598, 0.15284444037908029, 0.02599331526517356, 0.12928928867293379], "hpss": [0.030514472000432908, 0.046407149841356882, 0.10973190378142879, 0.024265112710804282, 0.094348828708640683, 0.027649261432482659, 0.12569260917925815, 0.19321913339865834, 0.043499435901254054, 0.14797862092762981, 0.024474409078220676, 0.13221906303983283], "hpss_f": [0.026572958203808106, 0.043045421615244585, 0.11190700102653553, 0.023923638670339694, 0.092561032212052335, 0.025985206739030323, 0.12546436098475941, 0.2008629070934633, 0.042406967813380589, 0.15086558684082699, 0.021656538907736354, 0.13474837989282279]}