{"deep_f": [0.10771394169013379, 0.038190153914505524, 0.14381366361993317, 0.023121993804697226, 0.14034397821993741, 0.047877503675334609, 0.060861316758748493, 0.11804554678417556, 0.031954974614883509, 0.17475055994322267, 0.020655836782434593, 0.092670530191993616], "deep": [0.099779608310041359, 0.042483305058665863, 0.14322629166834325, 0.025600100872914512, 0.13642846153391106, 0.048600472818091697, 0.06681309062278358, 0.10896340687703011, 0.035908321230199575, 0.17845054847953395, 0.023149481168568548, 0.090596911359916502], "standard": [0.044889035573458164, 0.019688591632206279, 0.078725809849378867, 0.019089099701531057, 0.12218711742716971, 0.017715707825183707, 0.074290207433010319, 0.097289568960771441, 0.045024229961521105, 0.26338702358954863, 0.035857129324559353, 0.1818564787216613], "standard_f": [0.044308219789357423, 0.019075844187144277, 0.078661382274377981, 0.018178357122147944, 0.12057876708076982, 0.016238984336328994, 0.074319145319785979, 0.096404703878193956, 0.043472842418274586, 0.26934781609963404, 0.034671911819938464, 0.18474202567404646], "hpss": [0.027636587372335701, 0.012901813958379495, 0.084739420235069543, 0.010049552795960265, 0.1389948507529109, 0.0098048842973069168, 0.076733609645655496, 0.10162469996798473, 0.029145725473950328, 0.30143821949464461, 0.012852098875444263, 0.19407853713035783], "hpss_f": [0.02771362943773964, 0.012821163062539487, 0.084631116833356335, 0.0099573400362494534, 0.1380467876750999, 0.0096763667246489785, 0.076612681561613008, 0.10111190940961834, 0.029023016423245045, 0.30288488728619373, 0.012799847436774425, 0.19472125411292152]}