{"deep_f": [0.055551409321961426, 0.052944300298698628, 0.18145577423932982, 0.021763455865393227, 0.13885478551379762, 0.033925936907836136, 0.08035941199829591, 0.12179769984535878, 0.035776029534168148, 0.13521503141377483, 0.023416009940813522, 0.118940155120572], "deep": [0.062765307635167966, 0.058883398736590715, 0.1622433562119365, 0.024801812196379593, 0.13799482269420824, 0.03845738276968004, 0.081099129650828272, 0.112647617864519, 0.038763483489840711, 0.14817845124602452, 0.025643435099939372, 0.10852180240488507], "standard": [0.043520398486784677, 0.1383610058882877, 0.14006445847801105, 0.020820044789887519, 0.11727598726064503, 0.031020615822520876, 0.090239992006379555, 0.080764901813987003, 0.038769392096322276, 0.1320691070845855, 0.022648988537114403, 0.14444510773547428], "standard_f": [0.042940730368525026, 0.1435643067424674, 0.142503597452178, 0.019639999681886473, 0.11609125815921886, 0.028298393593151418, 0.088933394090228643, 0.077407349603280926, 0.036193064644525819, 0.13376341441376577, 0.021228508266584768, 0.14943598298418684], "hpss": [0.026745156090863052, 0.15280661878390664, 0.14882696285511979, 0.011094898288822441, 0.12595731433893431, 0.023700553718015643, 0.093953818413847062, 0.083197705336358674, 0.029225402594464642, 0.14069914178638104, 0.0094763207285329422, 0.15431610706475379], "hpss_f": [0.02693349465730642, 0.15411502938819122, 0.14914783973556808, 0.010932412960192971, 0.12478626661252541, 0.023434324269763267, 0.093601884595545914, 0.082217848884655526, 0.028985147576396201, 0.14108704232363581, 0.0094327261803584615, 0.15532598281586069]}