{"deep_f": [0.19505088180162744, 0.011713099200788599, 0.15099429320152252, 0.010449405509010183, 0.12306311767150796, 0.076199506147522952, 0.045465793178292024, 0.14355714156728078, 0.0085530306621685835, 0.18135920056699004, 0.01288812982266239, 0.040706400670626586], "deep": [0.19346689524764116, 0.011992584575584624, 0.1510652256566461, 0.010583913211751941, 0.12274505182717765, 0.077177980190166057, 0.044583323108783608, 0.14392108637323672, 0.0087710639159991853, 0.18093675346912774, 0.013434671217084112, 0.041321451206801092], "standard": [0.10648560496104466, 0.068713430533975842, 0.10300665315973292, 0.022636031340922819, 0.15681286037310146, 0.040494455628586286, 0.063652950035403194, 0.12566931373556714, 0.049803673137411936, 0.16740869528547983, 0.022086663889921004, 0.073229667918852936], "standard_f": [0.11342576588340714, 0.068462998437472875, 0.097662026940838975, 0.019633631502773974, 0.16264311857898503, 0.039094718955117368, 0.057472713009898348, 0.13554865302858579, 0.044268992317772864, 0.17258954520454839, 0.018912083000029771, 0.07028575314056941], "hpss": [0.1076462226313409, 0.069030993035703911, 0.10393339833122499, 0.016588360864146071, 0.16614888923681098, 0.035741273823660533, 0.06037338931988212, 0.13043370544537222, 0.04541735824927158, 0.17596819855236254, 0.015082989651496259, 0.073635220858727965], "hpss_f": [0.11280798857758091, 0.068722036201197725, 0.099846517574614102, 0.016295600879613494, 0.16764180970820347, 0.0359854465440664, 0.05674792655292759, 0.13501218300469423, 0.043259588498521954, 0.17650026471576499, 0.014889392292345796, 0.072291245450469346]}