{"deep_f": [0.21458719248847849, 0.020591625740856885, 0.15245590430906258, 0.025331304295851703, 0.080773149437990174, 0.097428606671447551, 0.049307396149058894, 0.092786830586353203, 0.02602230705358629, 0.17369565203084933, 0.02478320088693016, 0.042236830349534807], "deep": [0.19172928144603549, 0.026901198064893588, 0.14664422482017789, 0.028515994507047764, 0.089176958288660541, 0.087323782084033977, 0.057669127640830278, 0.096470403679428704, 0.030608684656329273, 0.16761832920548028, 0.027023950643447432, 0.050318064963634758], "standard": [0.092678633286845141, 0.049376771865159076, 0.12501435833759378, 0.021759557669439749, 0.13326758765874144, 0.018157620819977762, 0.11043093099265368, 0.16527077491816514, 0.059194982675853824, 0.16710033314370562, 0.018694715228123583, 0.039053733403741256], "standard_f": [0.091708852710335076, 0.049285297255284827, 0.12525423030314831, 0.020576301682946985, 0.13397983594190199, 0.016761079587550208, 0.11168724968207423, 0.16913638124247096, 0.057861075156173128, 0.16871908979851319, 0.017531854349568426, 0.037498752290032675], "hpss": [0.096694729179046507, 0.050397727078854336, 0.13881369467364243, 0.0070997769320864075, 0.14981921346201796, 0.0044346531623398805, 0.11639445762733137, 0.1833194797055418, 0.034439931965444308, 0.18379749931840669, 0.0057792869567417186, 0.029009549938546764], "hpss_f": [0.096911636642376536, 0.050387185211369201, 0.1386445807058056, 0.0070180736669822573, 0.14952817622502773, 0.004388284168212948, 0.11664219165390974, 0.18376833491807595, 0.034368923630950891, 0.18369479835812635, 0.00568810588297761, 0.028959708936185102]}