{"deep_f": [0.01573266311778335, 0.027784942321671304, 0.23891175794713296, 0.0080351815295736494, 0.083311639543005009, 0.0070104246610689187, 0.21096187217669041, 0.047860125327476785, 0.012586728756217472, 0.19821975161812527, 0.004501847894682897, 0.14508306510657207], "deep": [0.015960514697660039, 0.028352316714272435, 0.23620367950078577, 0.0082036065769951066, 0.086895506255005375, 0.0071519100928521193, 0.20733198419645762, 0.049637826319541049, 0.013102409609744634, 0.19560666664755491, 0.0046677479181020491, 0.14688583147102888], "standard": [0.029161967090918794, 0.10948493745306515, 0.0851833147054704, 0.03533269012536136, 0.1361104076326404, 0.042368413242281751, 0.19648765136586832, 0.040105273237418151, 0.045089269187653783, 0.16977675438470591, 0.043010791228962342, 0.067888530345653522], "standard_f": [0.025015267244020541, 0.11364179501797064, 0.0859143715714345, 0.034246975216128385, 0.14012535265255727, 0.037602435410669974, 0.20192450358897415, 0.037496686117553905, 0.039862987761122563, 0.17907870865480632, 0.038632453983698432, 0.066458462781063238], "hpss": [0.021092832647934864, 0.11550329482812588, 0.082738800162383858, 0.031016105429156796, 0.14254718539843242, 0.037132002862859254, 0.20986580026163168, 0.033749306666615478, 0.039474699196891914, 0.17908322710921362, 0.039350022003620026, 0.068446723433134057], "hpss_f": [0.020028737798708143, 0.11588528436461232, 0.08387776647455468, 0.03173745869034738, 0.1459838832755016, 0.034565610269702132, 0.20700116961153356, 0.033186352347733795, 0.037172189312755517, 0.18646049017119751, 0.036100555976991064, 0.06800050170636221]}