{"deep_f": [0.028760691212846707, 0.045895981595929398, 0.1978308599606467, 0.014326530319884607, 0.1512003776402501, 0.023192413235758869, 0.093422257973679548, 0.073053644835509274, 0.030414640417236329, 0.18827187348291441, 0.013833398751187522, 0.13979733057415664], "deep": [0.03155170191557987, 0.048922440825776035, 0.18612074339620102, 0.016141712402996344, 0.16051887153070696, 0.024560282265385872, 0.090752100921074455, 0.075403171573477992, 0.034625901479497775, 0.17696838088475769, 0.01587928356326157, 0.1385554092412844], "standard": [0.04273341807185347, 0.072235532816006115, 0.16208095210969906, 0.026981624655753395, 0.13787681603760762, 0.046125243216701688, 0.14437353119417842, 0.078144780101683256, 0.057071934798464598, 0.11449972550215126, 0.024788131123714974, 0.093088310372186234], "standard_f": [0.0401845720862588, 0.072630586515329401, 0.16349811115853519, 0.025059373292244558, 0.14083709309923662, 0.043903752004565581, 0.14653414293965142, 0.077503086969903753, 0.056015740909624183, 0.11706894753902142, 0.023222051504267323, 0.093542541981361721], "hpss": [0.031953338590563443, 0.073386332659058223, 0.17449203483805459, 0.018977729738791558, 0.14921667605958427, 0.038421270368061741, 0.15695287814994788, 0.07611468049055313, 0.048010594471068216, 0.12009530633826129, 0.016307841594683695, 0.096071316701371839], "hpss_f": [0.031690757853891451, 0.073175005312189401, 0.17398560844888797, 0.018914278291837647, 0.14971802138174278, 0.03858377989614236, 0.15748103998036245, 0.076603110714783249, 0.048076896737110179, 0.11986689273650318, 0.016197956711924994, 0.095706651934624465]}