{"deep_f": [0.060473115674321183, 0.025444539904125232, 0.21143269766501185, 0.019447574669571956, 0.083953603921508121, 0.045500040446587182, 0.042616697161837559, 0.2584719240591099, 0.018678367722549789, 0.096321706246026054, 0.027481331895044595, 0.11017840063430649], "deep": [0.07378945958769885, 0.045393416903291087, 0.17014879943157521, 0.032331496664789752, 0.096801879447399555, 0.059790158767759873, 0.064429662779421096, 0.16507836706214105, 0.039363378145053231, 0.12137627566734227, 0.038433544730538352, 0.093063560812989665], "standard": [0.040171765111915565, 0.025230600168867977, 0.079487198217328262, 0.018179883994268856, 0.064917144189053172, 0.011795229381693313, 0.04791882650043032, 0.16225625962840134, 0.10133574792568903, 0.23145158496165566, 0.044275002646891971, 0.17298075727380449], "standard_f": [0.039000546561020484, 0.024443136632995369, 0.07873834237838101, 0.017187223116819812, 0.062647662867417311, 0.010642988754239685, 0.047197383668884652, 0.16198169413116448, 0.10121756002695395, 0.23789221840800473, 0.043619956647240402, 0.17543128680687808], "hpss": [0.019491205643323208, 0.0099752699671270036, 0.087738971437029009, 0.0096732238758335566, 0.075116262899141042, 0.0039121053887750277, 0.04510079039006816, 0.19010678577622078, 0.092755653915181951, 0.26464182638579509, 0.012765270035762548, 0.1887226342857426], "hpss_f": [0.019365607873910336, 0.0099183587590576331, 0.087544249036779848, 0.0096212045008474117, 0.074162441605716209, 0.0038441238818163219, 0.045142077723458254, 0.18972493424320136, 0.092761306374645455, 0.26591850089390917, 0.012701319783951547, 0.18929587532270659]}