{"deep_f": [0.08087523957310809, 0.036439745599067132, 0.21195821548231483, 0.021120109475393122, 0.093094360197952891, 0.049441000542497095, 0.086346785467530676, 0.096847391511548753, 0.026787276190547816, 0.20085030909135534, 0.02374936056576854, 0.072490206302915611], "deep": [0.082839829461855377, 0.045088013949517003, 0.18297415408996351, 0.028525689553044249, 0.10015954516180775, 0.05441296951456559, 0.085552334633406876, 0.097622071650562817, 0.036637988025708945, 0.17792080105820485, 0.031235507501856715, 0.077031095399506311], "standard": [0.027274560696515199, 0.046669408718550125, 0.10834428909399701, 0.019263392151083514, 0.087920962104206274, 0.019441123511317007, 0.15856594238106023, 0.14900164296710541, 0.084716543868423311, 0.20629886847137768, 0.030875556130651384, 0.061627709905712792], "standard_f": [0.026054944522187554, 0.046494669201378, 0.10798401087220527, 0.017957617797349727, 0.087132161134429315, 0.0177786629498396, 0.16017408516000278, 0.14962207253661161, 0.083443295613775781, 0.21085566034974532, 0.03023328112714025, 0.062269538735334855], "hpss": [0.015290570478675517, 0.047743568012293687, 0.11925638309216195, 0.007896001350845035, 0.096441619491232769, 0.0096486643018096948, 0.17817477923392147, 0.15968338851182126, 0.066362395819778236, 0.23031044994806257, 0.013679125474711781, 0.055513054284686135], "hpss_f": [0.015254963096922355, 0.047845830958445773, 0.11925074694912925, 0.0078112941219640811, 0.095982336615252364, 0.0094712649358292475, 0.17834639422516824, 0.15925241664397388, 0.066151336868409752, 0.23132974521048483, 0.013631508666778818, 0.055672161707641284]}