{"deep_f": [0.14985520978226671, 0.026886350684601459, 0.15394555855299891, 0.027159919962785661, 0.098259187888496927, 0.063594450891450466, 0.044938877626748017, 0.18275541639376641, 0.026247644445313089, 0.13707200905290559, 0.030056442808045519, 0.059228931910621264], "deep": [0.13459289633650592, 0.037128480019722035, 0.14419397104144829, 0.032847843034097907, 0.0998743398265136, 0.067848628483719781, 0.055860611933432003, 0.15050544676762262, 0.036234952730223716, 0.14111800139616545, 0.034958912315421392, 0.06483591611512729], "standard": [0.039962993962314577, 0.022034440318422666, 0.07952539457147749, 0.014376038408684261, 0.089799429831233638, 0.011886939102014731, 0.046122003389374472, 0.20166818664118863, 0.071148979408417523, 0.26696551632304261, 0.046578941368843475, 0.10993113667498593], "standard_f": [0.039330070204699211, 0.021426004409268236, 0.078236230465940193, 0.013589295664685343, 0.089320413736947782, 0.010837033543140064, 0.044904844543721692, 0.20150797396509504, 0.070265985846959922, 0.27407260493556412, 0.045942868832510038, 0.11056667385146847], "hpss": [0.026276791389004725, 0.018779483349012645, 0.08886906545904294, 0.0061949583379426604, 0.104608718950535, 0.0039828636063078543, 0.04115570841151589, 0.23502506341425133, 0.05495981848985998, 0.30413591650314137, 0.01390097998800624, 0.10211063210137938], "hpss_f": [0.026293597487213924, 0.018609451139314327, 0.088541875268903752, 0.0061334253339424757, 0.10432416345730937, 0.0039230276546693551, 0.041075344220245495, 0.2344343846477745, 0.054837904960055077, 0.30571219406735167, 0.013850843149241815, 0.10226378861397824]}