{"deep_f": [0.052091745619458014, 0.044722334109098733, 0.12271743668565294, 0.020845663549419989, 0.2117653623078101, 0.023895414706965441, 0.072343050159505901, 0.12979937009155715, 0.03785306858688308, 0.12129165422785985, 0.017914373416489732, 0.14476052653929897], "deep": [0.057362480895725432, 0.048198651949430411, 0.12594468215665103, 0.024159610110649918, 0.19237168220457082, 0.029874101949476657, 0.075891183196087508, 0.1205797023363651, 0.040773375379132032, 0.13060009597073582, 0.021475222251342688, 0.13276921159983257], "standard": [0.03929465478262751, 0.045249410294407391, 0.089544849529461651, 0.020897297889895975, 0.14009382335422738, 0.031238246517582807, 0.15270385562136471, 0.092976627600306616, 0.052572838054497376, 0.12645366088954435, 0.029201641186185075, 0.17977309427989938], "standard_f": [0.038918944076637228, 0.045461244254031606, 0.089671435373453026, 0.019937470859201285, 0.13795769613580347, 0.028963602735673697, 0.1542585821836393, 0.091464133399571462, 0.05137932904098385, 0.12900096588086679, 0.028007464547800644, 0.18497913151233758], "hpss": [0.025711232475450006, 0.041994614799420994, 0.0942429014932082, 0.012385399893791808, 0.16188235477811391, 0.021770836247430068, 0.16955524160560773, 0.092497052246245881, 0.034264250197833086, 0.12419890091021232, 0.015418947227239218, 0.20607826812544675], "hpss_f": [0.025669924367353623, 0.042099892882486355, 0.094111068236864395, 0.012221843944012128, 0.16008632862487607, 0.021446007658940704, 0.17015420318825417, 0.092199073546582966, 0.034123705474409627, 0.12502978562435776, 0.015390735671556705, 0.20746743078030544]}