{"deep_f": [0.13165251056677957, 0.025833626402415887, 0.16309839411560825, 0.024432923300236303, 0.096695352966075704, 0.052482994138020642, 0.04915930759985946, 0.19527007486410522, 0.023612678807777909, 0.13512288289665703, 0.02622413163813124, 0.076415122704332955], "deep": [0.13139808610263906, 0.02754713696545244, 0.15943790347491416, 0.025629999756305342, 0.099256266238236537, 0.052531166301480102, 0.051702667687474807, 0.18877799108464893, 0.025431008878519703, 0.13559579435515065, 0.026821866366207658, 0.075870112788970601], "standard": [0.090586404728507888, 0.022759535967552098, 0.11137649894132232, 0.019927064104682122, 0.13344635747554151, 0.019692845681663216, 0.11416057108358869, 0.13537374073183739, 0.03569802998568105, 0.12830423767996973, 0.026179003458742134, 0.16249571016091185], "standard_f": [0.091118379654121576, 0.022203775696193112, 0.11264038681452529, 0.018939144868664073, 0.13704697442887037, 0.018572424259401969, 0.11639504802579073, 0.13539832235506338, 0.033348736940835635, 0.12728974596158116, 0.023430557710920986, 0.16361650328403177], "hpss": [0.090205360005226401, 0.016256356193100719, 0.11977733169143925, 0.010008238082425163, 0.14683663677762984, 0.0061750038415773244, 0.11370166603200098, 0.14674248633346629, 0.025158004904077932, 0.13677094617201424, 0.0089244235914792691, 0.17944354637556262], "hpss_f": [0.09041244636274455, 0.016173430853409391, 0.11980405301813156, 0.0099481637753741949, 0.14721892575603168, 0.0061235468881412382, 0.11406164209810289, 0.146037569427175, 0.024938916227456361, 0.13662794172772305, 0.0088344664227283862, 0.17981889744298174]}