{"deep_f": [0.087152442177542616, 0.03063438277020121, 0.16049149277143046, 0.0096400381259727982, 0.15311204803450337, 0.019210877396452202, 0.0824227477505, 0.16790736910982645, 0.010666776544746839, 0.18364648324898056, 0.0099594377296067845, 0.085155904340236815], "deep": [0.087362755612674661, 0.03309420875866978, 0.15389416556620183, 0.010357727706967806, 0.15641956615325886, 0.019969648737701524, 0.077327210712540589, 0.16855544598999284, 0.011382168327004309, 0.1868868352016049, 0.010504083538733106, 0.084246183694649784], "standard": [0.053524722966734058, 0.063322753865678566, 0.10533357502628976, 0.021735910983745606, 0.097502254216323678, 0.059639106004641909, 0.10039531697252234, 0.10559098984231721, 0.060908768460377981, 0.18957718954639094, 0.043087829790028453, 0.099381582324949508], "standard_f": [0.052385466184259294, 0.062360495514204396, 0.1025371291289085, 0.019988368636281433, 0.095879985144054589, 0.055272185798331638, 0.09540384587894811, 0.10333134933168919, 0.058643857596527536, 0.20545018357706787, 0.042819679636320253, 0.10592745357340701], "hpss": [0.044874382342613726, 0.062629727384936981, 0.10655231346810363, 0.014252674130654593, 0.10011401830075894, 0.058711454419507619, 0.10442292808687847, 0.10864270664748778, 0.057694465589275427, 0.20058097990868975, 0.038190408236768732, 0.10333394148432429], "hpss_f": [0.045165262331906687, 0.061569285649956819, 0.10485545540433676, 0.014073479069868795, 0.098576349980588493, 0.056055361208515488, 0.10016453327354621, 0.10679251221073044, 0.057225475615342532, 0.2092671439817016, 0.038847344431629682, 0.10740779684187654]}