{"deep_f": [0.060487398314756934, 0.041246827194783758, 0.22297487326680171, 0.017318415529185588, 0.12598253459283612, 0.03573493666267618, 0.083334231057934777, 0.10198767957791906, 0.030160180178127802, 0.16518774363702232, 0.02062793432776722, 0.094957245660188497], "deep": [0.065317196133255609, 0.045410047418921948, 0.20480782978580511, 0.019115589380417412, 0.12904072367320074, 0.038082545368275197, 0.081926573399015878, 0.10062517312763652, 0.03202762915513252, 0.1706851382998664, 0.022006470073098281, 0.09095508418537436], "standard": [0.061221510547260702, 0.13811846746826814, 0.16914333681226154, 0.024026368656324192, 0.11931507264959695, 0.031060148511656838, 0.079779191746931197, 0.071852638272701719, 0.034849730676646345, 0.13686407084808591, 0.022561701018282015, 0.1112077627919844], "standard_f": [0.060577899860450361, 0.14243421664075104, 0.17233242353643322, 0.022909343531473152, 0.11886271988992404, 0.028389157635191137, 0.078634768599281604, 0.069478734270396178, 0.032591809103410196, 0.1387546147366911, 0.021074525891009641, 0.11395978630498828], "hpss": [0.045805982317572734, 0.15244644802675703, 0.18709371660873531, 0.01293564882265677, 0.1298830682369812, 0.022356284225464994, 0.079815102164795468, 0.073608314409781203, 0.024251445617433268, 0.14754103649190117, 0.0085809581029014578, 0.11568199497501945], "hpss_f": [0.045981024906654698, 0.15331209921742722, 0.18719935832958307, 0.012779048811714072, 0.12868106799141241, 0.022092234330065762, 0.079677989969251295, 0.072996296434829522, 0.024140064455640424, 0.1481368771902638, 0.0085117498986663348, 0.11649218846449164]}