{"deep_f": [0.23000180538550191, 0.020972797223062181, 0.12125859347168301, 0.025411089506354199, 0.11031326586507005, 0.069660080644524572, 0.039553421640273909, 0.13533537069226634, 0.025751240804836258, 0.15166713234404491, 0.022451447369438195, 0.047623755052944368], "deep": [0.20728638751182973, 0.027706959764309983, 0.11944055385607312, 0.029658546551642854, 0.11076746894818416, 0.068143246453072195, 0.046135200861639102, 0.13173308864174552, 0.03158385255386989, 0.1480454692907969, 0.026197635363591463, 0.053301590203245104], "standard": [0.078121151941408173, 0.015930010148384528, 0.11050596344654075, 0.023783070537836504, 0.13561253572195001, 0.018113923263407928, 0.02402163188865369, 0.18901112654050617, 0.094115245329690692, 0.24206627304954936, 0.03176868239094232, 0.036950385741129833], "standard_f": [0.078839909757209101, 0.015124874925030332, 0.11170630284860912, 0.022909280761009069, 0.13483677546984263, 0.016375437671948486, 0.021710756850559551, 0.18919200469353314, 0.093098379121647479, 0.25020130924198392, 0.03065974771229691, 0.035345220946330136], "hpss": [0.079450117101405843, 0.0091787658942142098, 0.12165291594103085, 0.011714822499745904, 0.15642161802062368, 0.0099627856588940331, 0.010509129757733443, 0.21576735971118388, 0.082034122822636946, 0.27024038402448369, 0.0097383566917226116, 0.023329621876325056], "hpss_f": [0.080128608779285251, 0.0090951478666498782, 0.12149794038376542, 0.011595398663070928, 0.15544426222608038, 0.0097765485567336691, 0.010401295183852563, 0.21496708056357855, 0.081775429317020976, 0.27259223241736857, 0.0096804286540360922, 0.023045627388557595]}