{"deep_f": [0.20769714536266295, 0.018179000428573143, 0.14963014509585362, 0.023773399320332345, 0.10263487959385227, 0.082469340281911344, 0.034605248755177391, 0.16210846324150854, 0.025864403747008487, 0.11719822946329947, 0.02695669428701352, 0.048883050422807009], "deep": [0.19676200263082003, 0.021557309735204241, 0.14722884516184673, 0.026213672917606547, 0.10348252900073764, 0.081954734922519937, 0.038391510965430274, 0.15521237767957438, 0.02964115723274351, 0.11800239331693542, 0.029008840945073555, 0.052544625491507763], "standard": [0.10243357093199236, 0.0215703306787393, 0.20571758294835654, 0.057655474307781673, 0.16150797898521577, 0.068281155472077734, 0.050073691680171221, 0.063131930428921609, 0.027961010817183055, 0.1312938361349702, 0.029082799864019643, 0.081290637750570854], "standard_f": [0.1039415091394595, 0.020184897853228898, 0.21408086755246078, 0.056995406923789092, 0.1622981662107042, 0.065323754462330519, 0.047684309922325051, 0.059993684091690896, 0.025485353786527356, 0.13478685751272351, 0.027429612311062865, 0.081795580233697415], "hpss": [0.10922077875031241, 0.012853658382283407, 0.22545286065017811, 0.047090089791776035, 0.17009978781236104, 0.062567126276690976, 0.044044774793305673, 0.062926682124045188, 0.019918651340900057, 0.14400278400657537, 0.018239959463507587, 0.083582846608064282], "hpss_f": [0.10952373730513459, 0.012629079164884746, 0.2268226403790779, 0.047195343741578015, 0.1695774942000908, 0.061504189591924857, 0.043580005752607252, 0.061976120107997634, 0.01951836296268623, 0.14562881176936601, 0.018262607467698318, 0.08378160755695388]}