{"deep_f": [0.060005114990486039, 0.041141004315524483, 0.22765754803148136, 0.0199699326313021, 0.083611224390345018, 0.0459415871574664, 0.10095490731099664, 0.086872552416172436, 0.025531946562414375, 0.20421822399007031, 0.022577315809173725, 0.081518642394567103], "deep": [0.062194011260751712, 0.044379663695733103, 0.21576516467121576, 0.021556022480529145, 0.086395955610981304, 0.04744062249970854, 0.10049502806516986, 0.085802193420333586, 0.02746983015515676, 0.20400158862719439, 0.024091911546091138, 0.080408007967134695], "standard": [0.077290250830203869, 0.14354385096865063, 0.16630450026166554, 0.023955750653329652, 0.075714310828260536, 0.019765993321286684, 0.10766895482135981, 0.029487271269730549, 0.030426494378414853, 0.17543445102714675, 0.024030722648167902, 0.12637744899178358], "standard_f": [0.07580504524983192, 0.14507618916666634, 0.16782635307251254, 0.022397228650426503, 0.075386419129043897, 0.018121852030924895, 0.10899556145464767, 0.02800338013602199, 0.028847392872420014, 0.17784508307716906, 0.022547312966216888, 0.12914818219411811], "hpss": [0.061758544212023335, 0.16350949347136329, 0.18340827233574092, 0.0087008354871992485, 0.075033347234687936, 0.0068442269290968734, 0.11694363741438679, 0.022787812348272225, 0.0203370951984784, 0.19626839759128992, 0.0098266334708663385, 0.13458170430659483], "hpss_f": [0.061768954626487002, 0.16337359374679328, 0.18355408181598246, 0.0086331120883143177, 0.07486251578283569, 0.0067687402057557177, 0.11713328009620007, 0.022468086802706726, 0.020202619591145686, 0.19661717474500379, 0.0097166858680516974, 0.13490115463072372]}