{"deep_f": [0.050303836412121494, 0.086849576914240598, 0.11178760721343724, 0.010397606686153514, 0.18235380322989797, 0.020292368271213494, 0.0474262164084025, 0.14090122481781167, 0.01362599293590847, 0.23465839037073802, 0.010366465627277503, 0.091036911112797603], "deep": [0.050634650363673935, 0.08548723120203551, 0.11113198955691846, 0.011032359319703214, 0.18198941344874178, 0.020719693633823713, 0.048174709822368267, 0.14095624602703849, 0.014352138161187047, 0.2345980660810453, 0.010947940733254124, 0.089975561650210173], "standard": [0.080225181480105517, 0.087716541923163929, 0.15740670378453353, 0.03332432970737792, 0.14133433507890367, 0.040918174484584152, 0.054368713544035344, 0.088113997774161887, 0.049020476118868214, 0.1596897646849145, 0.040565958655038703, 0.06731582276431268], "standard_f": [0.075984363593737364, 0.089163314432874299, 0.15972513835264437, 0.031534414565466205, 0.14242550987832145, 0.039692633236592459, 0.054661909936145281, 0.091304473727741309, 0.047989134429059013, 0.16569578126175902, 0.038673578061024463, 0.063149748524634744], "hpss": [0.073952848457299006, 0.090905128996635734, 0.16641424808692873, 0.026656632852652296, 0.1494132771422011, 0.036339844041160113, 0.051313857721876598, 0.091099897163913826, 0.046324603647306672, 0.16743998988766004, 0.035092107227108135, 0.065047564775257485], "hpss_f": [0.072457226305647021, 0.090694481732655513, 0.16759217840589702, 0.026440120024639673, 0.14865023913911216, 0.035933228211083405, 0.051685588223230723, 0.092181513135995416, 0.046037564834475658, 0.17004417755630821, 0.035170160360374257, 0.063113522070581018]}