{"deep_f": [0.081813065167766721, 0.034980711037335362, 0.15575093022929284, 0.02392176108860182, 0.13451219652687915, 0.039169782074451452, 0.058068882110879079, 0.19494579127438463, 0.027833288913762969, 0.1244160319480777, 0.026407462760962605, 0.098180096867605551], "deep": [0.086853541388795905, 0.039455033308025994, 0.15433870260864491, 0.027974664610169692, 0.12485537836212054, 0.045352488402236178, 0.065153729174151978, 0.16976459052258616, 0.033279951811928034, 0.13081880013902467, 0.030227386932142941, 0.091925732740172975], "standard": [0.049603612208215443, 0.044475355374354326, 0.14184852205827989, 0.026123290079038772, 0.11259245341126836, 0.019562250908109827, 0.097143651867391559, 0.14093293600033507, 0.065813835673347629, 0.13088086082015934, 0.030599317820838853, 0.14042391377866087], "standard_f": [0.049078799994661068, 0.044153223748669861, 0.14310919344999229, 0.025333729936076615, 0.11201217613423169, 0.017987722478397996, 0.098695286182063982, 0.13969233474824405, 0.064046914725714027, 0.13303942041181821, 0.029102121997091605, 0.14374907619303867], "hpss": [0.039444396538492042, 0.034532018134319338, 0.15408298750533725, 0.01749765517736495, 0.12686503811983166, 0.010768176544534639, 0.10008869439144437, 0.15543260634705924, 0.058744988450731637, 0.13287671851412658, 0.01220337494538816, 0.15746334533136996], "hpss_f": [0.039521850231547008, 0.034536457160804848, 0.15403549811417444, 0.017478016123647355, 0.12604106386639505, 0.010583801385838778, 0.10084834062722703, 0.15465779263884402, 0.058340702653587026, 0.13352415159123554, 0.012137453129649362, 0.15829487247704951]}