{"deep_f": [0.1066181408049696, 0.02353214055105483, 0.1945230500714695, 0.023097150347334821, 0.083283497011639812, 0.055297403351584763, 0.045140440998542183, 0.23167353084689438, 0.02092267191399454, 0.1083044696083502, 0.031348904060173204, 0.076258600433992199], "deep": [0.10826080935011494, 0.025625587392160913, 0.1903239965408656, 0.024570820723678433, 0.08557264971883255, 0.056307360869714912, 0.048954441774061268, 0.21693290873045623, 0.023616137584362307, 0.11017859379540282, 0.031978816033123393, 0.077677877487226613], "standard": [0.12346764903614621, 0.030095929085284492, 0.10627573177351089, 0.018673230814005189, 0.054101169067532026, 0.012469898371841278, 0.091220259951913102, 0.11030067707707709, 0.039862071422005138, 0.1472437009192813, 0.034187788002024745, 0.23210189447937829], "standard_f": [0.12446451645523955, 0.029366399562116282, 0.10562176087248391, 0.017910502508146749, 0.053926643696406887, 0.01150041718633809, 0.091791006989020887, 0.10903791117796172, 0.038215062102586884, 0.14882013037098715, 0.032397849909263463, 0.23694779916944855], "hpss": [0.12531096341667458, 0.019301147566654256, 0.11042781721070435, 0.0095859367329404373, 0.055508481478918272, 0.0058223462403934672, 0.098158954131507437, 0.11930777879017655, 0.028419977597041273, 0.15428628716610432, 0.015624964838935126, 0.25824534482994999], "hpss_f": [0.12561532738028527, 0.019187267341863337, 0.11009367290804381, 0.00952207516745502, 0.055288095602843729, 0.00571113004788577, 0.098015665556166323, 0.11869388651964671, 0.028303653974232908, 0.15454680783640173, 0.015556669188654513, 0.25946574847652082]}