{"deep_f": [0.10329620863822284, 0.027138211100188783, 0.20348652273559281, 0.026287040362816618, 0.076914695671258582, 0.057049623285667969, 0.059421320691544335, 0.19802649931391827, 0.023736423588430595, 0.12393214268953633, 0.03536195884591984, 0.065349353076903025], "deep": [0.10101287789744993, 0.032485979849446428, 0.1921574695381737, 0.029519916456823361, 0.081413484624154667, 0.058421666095244358, 0.066383776164060437, 0.175865348091791, 0.028657412471377042, 0.12778904344757674, 0.037143541754232387, 0.069149483609669951], "standard": [0.063678157467210714, 0.035107550163378284, 0.10853459434743984, 0.017866368546605244, 0.046659451347430068, 0.016684677353413998, 0.17188218422242169, 0.21232810521864368, 0.094536142733595493, 0.13682128857219608, 0.02970371903402845, 0.066197760993636487], "standard_f": [0.062769970146458826, 0.034424656821840975, 0.10696806158591138, 0.016713000808332528, 0.04616837379342123, 0.015443527624093666, 0.17571909275903783, 0.21571399267066321, 0.094773098413355905, 0.13762173578339282, 0.028078539183790757, 0.065605950409700894], "hpss": [0.062021837962411341, 0.032904664601157305, 0.12195964032060873, 0.0092339768588327251, 0.04635339727060539, 0.0055454631171828828, 0.19161527064481015, 0.24015067912086022, 0.082747080131870987, 0.13699296604545858, 0.0095467289501987521, 0.060928294976003008], "hpss_f": [0.062021186888973179, 0.032811864783181981, 0.12137454684838038, 0.0091384821955806418, 0.046147817927352598, 0.0054524872485406479, 0.19268922402470839, 0.2400984082631657, 0.082708807367160311, 0.13719233372447043, 0.0094210368275033061, 0.060943803900982314]}