{"deep_f": [0.041494815427042038, 0.032928726272596423, 0.27250759033111827, 0.015913411711013372, 0.086533880835782298, 0.036353491789308211, 0.11515242763404801, 0.082869614969449557, 0.024057817319685298, 0.17111681984761359, 0.019915602607026548, 0.10115580125531638], "deep": [0.051538122892155515, 0.038751310343316039, 0.23706805864344752, 0.020934646747040299, 0.099353089637345543, 0.039435084899872096, 0.10952768844499751, 0.084630229415005684, 0.031045764067122578, 0.16463839511253905, 0.023309294240161059, 0.099768315556997139], "standard": [0.028795807354512183, 0.052328697923449963, 0.12214508365301086, 0.021803994669735993, 0.089884552857921435, 0.021433608053614571, 0.19330296818503245, 0.096247450682240471, 0.060772921614305836, 0.18530797590342393, 0.024074224477541182, 0.10390271462521104], "standard_f": [0.027471795136391478, 0.052025451360826605, 0.12264521003891478, 0.020559106873131561, 0.087860649150943979, 0.019647973802412583, 0.19601592378111479, 0.096594000913990272, 0.060135600522773294, 0.18938364290584106, 0.022799063132640685, 0.10486158238101898], "hpss": [0.014481620318690231, 0.049460416633231009, 0.133517679912382, 0.010361355358431383, 0.09866084421034399, 0.010780763051348565, 0.22654664822758083, 0.095155416268941917, 0.039005448383344923, 0.20114966411343599, 0.0083264712523529079, 0.11255367226991635], "hpss_f": [0.014359043163130428, 0.049424107505593631, 0.13381656954823365, 0.010285898456287083, 0.097344803151479059, 0.010551380929729254, 0.22679390221774659, 0.095103588337179246, 0.038922285699926062, 0.20238642087237396, 0.008231647662637202, 0.11278035245568382]}