{"deep_f": [0.074128823951168904, 0.042790784713221675, 0.18057330894941767, 0.023010663772744279, 0.094903755509630608, 0.046130891338825683, 0.080280938654858552, 0.14482034614853825, 0.025622050633300485, 0.18696753158836765, 0.027544787552131685, 0.073226117187794579], "deep": [0.08205724115675285, 0.047725522361443125, 0.16389809794349777, 0.028176612280201352, 0.10341861024302058, 0.049972445290940866, 0.08355897561972371, 0.12037068412403948, 0.033878172201117253, 0.18160257082831727, 0.030332300189309734, 0.075008767761635994], "standard": [0.047675101540479416, 0.13075525765217683, 0.16664746207275932, 0.019943995954460048, 0.11266473442836147, 0.015161588401056173, 0.092604531811107685, 0.11069812730729772, 0.048275465665894524, 0.14249323690987251, 0.019561413955388525, 0.093519084301145874], "standard_f": [0.046051922997013987, 0.13229462155900848, 0.16947197233118963, 0.0192236821407652, 0.11199537435282969, 0.013703638966231465, 0.093423741945370828, 0.11111674978448569, 0.047021789312404673, 0.14353698080227129, 0.018056007413779499, 0.09410351839464956], "hpss": [0.032143154955959541, 0.14669852850850013, 0.18397531569045439, 0.0084303067256898193, 0.12442913153051938, 0.004091272758443963, 0.096295287333679161, 0.11604284010975333, 0.030966945183101835, 0.15305780552212273, 0.0063102289444171168, 0.097559182737358544], "hpss_f": [0.03213782002335127, 0.14687656292003301, 0.18435244423454472, 0.0083939901825052753, 0.12370816859124201, 0.0040417330276624596, 0.096404547461883344, 0.11601287942759973, 0.030923602211995162, 0.1531330872527937, 0.0062634803798638757, 0.097751684286525406]}