{"deep_f": [0.083522076896723682, 0.030791247814549016, 0.2001625121771326, 0.018759508075179791, 0.11946560543194229, 0.039717938428639243, 0.065377383500019259, 0.16056317046345175, 0.024833832625040138, 0.13981237625138504, 0.020871720848216552, 0.096122627487720602], "deep": [0.085626283844475071, 0.038205060848399683, 0.1797775334828734, 0.023377942722247354, 0.12017568772142101, 0.042204814309982179, 0.073029519630575079, 0.14285881158856611, 0.03006861907185809, 0.14940688592836085, 0.024325089997754134, 0.090943750853487021], "standard": [0.066806466741988008, 0.087355908195418386, 0.14410664519379221, 0.019972426808734921, 0.11105768369940416, 0.036058607945465546, 0.10824592186485942, 0.11168337701055929, 0.040121209827134949, 0.16069333720535281, 0.022456864488103138, 0.091441551019187078], "standard_f": [0.069645604789974447, 0.09020355791667295, 0.14924107327821473, 0.018852957170140117, 0.10948318704428404, 0.033488141761471468, 0.1070998037877833, 0.10748653420705885, 0.037136834123047663, 0.1635883308243177, 0.020241203096221391, 0.093532772000813308], "hpss": [0.062977124719205482, 0.093458081143108954, 0.15506812735356043, 0.0097009527257697192, 0.11681602034679069, 0.027375609356764731, 0.11309440906767694, 0.11924682760326404, 0.030112270796921803, 0.1732798735013481, 0.0071572275975403978, 0.091713475788048893], "hpss_f": [0.063880623397752204, 0.094246425562280828, 0.15610985071468292, 0.0094935379616454697, 0.11510984676153446, 0.026948194841572778, 0.1125634541125866, 0.11774890622213183, 0.029927660435051209, 0.17482144410228964, 0.0070919964846365355, 0.092058059403835518]}