{"deep_f": [0.092703130763812439, 0.026379846197121949, 0.19953323700620185, 0.023254356497329435, 0.088142790323461909, 0.046568165381909908, 0.049136623615765332, 0.2330191880620025, 0.020864558154733467, 0.11129666010031859, 0.030210388436088965, 0.078891055461253579], "deep": [0.095861802611551347, 0.028701264068143443, 0.191765790007531, 0.025167242411316917, 0.090443869955221232, 0.048187210724746091, 0.051956477576266341, 0.22005048890535683, 0.023515296885753077, 0.11507859068610671, 0.031290212242813253, 0.077981753925193756], "standard": [0.073736906320685733, 0.045319182088686558, 0.13325513699735145, 0.018993272249431582, 0.064340083051915464, 0.026293068456367846, 0.12303641108370389, 0.1640428806208396, 0.044897971017512958, 0.11362426483409328, 0.031180256620878168, 0.16128056665853369], "standard_f": [0.073950457461198327, 0.045070270760130982, 0.13532196658735995, 0.017875367728588755, 0.063570536889788032, 0.0249137043200548, 0.12410666471765897, 0.16544083930304809, 0.04283076652935263, 0.11292905807108784, 0.028723922737066726, 0.16526644489466488], "hpss": [0.066633153084176333, 0.039023702272292494, 0.14293015080747992, 0.0098384926738808148, 0.066174627797774804, 0.019227511991591759, 0.1328115923490929, 0.18171080087386238, 0.031761605481742346, 0.11414643749193869, 0.01633068891956746, 0.17941123625660008], "hpss_f": [0.067064728545282698, 0.038911718181706786, 0.14328253542399533, 0.0096886352696947571, 0.065444998538208579, 0.018949585665697117, 0.13249152957786417, 0.18131281311586889, 0.031639565353681523, 0.11434664539660259, 0.016242260514490264, 0.18062498441690719]}