{"deep_f": [0.036433255421481521, 0.030433778669709512, 0.27014900173164719, 0.014179393545453781, 0.083312379997723854, 0.031408794413236317, 0.11506690917882458, 0.097863626542967527, 0.021256686896715501, 0.15749634124392115, 0.017526694037211497, 0.12487313832110757], "deep": [0.041619386261009132, 0.035162992001967958, 0.25264761544121855, 0.01737980203974383, 0.086126021353964494, 0.035126675954199639, 0.11337497958473491, 0.093701843730670045, 0.025033612933012685, 0.1622236772011966, 0.02032273833687585, 0.11728065516140629], "standard": [0.037682668809453014, 0.058912528328703431, 0.14630601083697853, 0.018480641597839558, 0.066920835417407593, 0.021492621886718417, 0.15208137927946777, 0.072170809290875715, 0.035354925738825836, 0.2034865226482625, 0.032729296860929284, 0.15438175930453832], "standard_f": [0.036410892277868118, 0.059085330268711662, 0.14868322900216369, 0.017681801845459026, 0.065102055954245827, 0.019531281501484352, 0.15032687541375606, 0.07106362016520798, 0.034207729229820523, 0.2074840935163017, 0.031724369050630086, 0.1586987217743509], "hpss": [0.015990791540018201, 0.057303415459341832, 0.16349182122292896, 0.010397997429277, 0.069726260236275622, 0.013915201345729756, 0.17286717020672052, 0.072967777725395283, 0.022649871482161913, 0.2249060230680576, 0.010396184239837845, 0.16538748604425538], "hpss_f": [0.015947639241761961, 0.057319447842763202, 0.16387551117701993, 0.01033302357850192, 0.068970809579666073, 0.013658383065517421, 0.171962772163646, 0.072663395277469331, 0.022591410575418268, 0.2259714294244986, 0.010359392505689293, 0.16634678556804788]}