{"deep_f": [0.13329459273366032, 0.024998547823108907, 0.15530199539691678, 0.026022723176100528, 0.0912631874593995, 0.047093591786985113, 0.043158813662016939, 0.24207720358138252, 0.020933136942783839, 0.123705503768474, 0.030671177305013574, 0.061479526364158016], "deep": [0.13304595943721045, 0.032755284947329689, 0.14217692244368668, 0.031089329426884801, 0.10038382290949437, 0.051637209084981428, 0.051337523690278976, 0.20186234674728054, 0.029822233106113736, 0.12811859657468849, 0.033070814379239213, 0.064699957252811607], "standard": [0.063753595208604255, 0.035206423762371639, 0.13173390374327901, 0.020888606231416355, 0.10502933863730612, 0.015900820711700795, 0.077483387931899392, 0.22081377752957904, 0.081523885180278824, 0.12634969162307139, 0.028558982608870343, 0.092757586831622815], "standard_f": [0.064015967116589606, 0.03490700901368634, 0.13322798015289117, 0.019997321229376194, 0.1048140501117214, 0.01462924550562035, 0.07746808105833336, 0.22255574955052471, 0.080567681176770212, 0.12759410644395669, 0.026660190188817077, 0.093562618451712806], "hpss": [0.063350278212199698, 0.030545923096123726, 0.14430832297493507, 0.009490940070594386, 0.11838018090169881, 0.0053069322312795054, 0.074371217449714172, 0.25255691816084636, 0.068497711856905508, 0.12714020302366821, 0.010378943654080043, 0.095672428367954546], "hpss_f": [0.063619185667650693, 0.030535198200658503, 0.14432328619191576, 0.0093965944306589905, 0.1178625841505338, 0.0052086114792862922, 0.074443682862648131, 0.25237519525334767, 0.068366176041049345, 0.12743510445167758, 0.010243207215177847, 0.096191174055395443]}