{"deep_f": [0.1020714972388564, 0.0250262238964996, 0.17932305097468484, 0.02438350276993401, 0.085675953322354975, 0.048008356419571054, 0.045547509833858621, 0.25445236667946003, 0.019901408771550947, 0.10219958454982921, 0.02986675571744022, 0.083543789825960016], "deep": [0.10117137830158028, 0.029759141470543017, 0.17512767202820664, 0.027562270315046485, 0.087706033493770486, 0.051005840356203806, 0.052435904022321074, 0.22747465663009678, 0.024721484717195964, 0.10828704690292325, 0.032744566867243675, 0.08200400489486856], "standard": [0.085231842597247975, 0.031324027504641735, 0.10890509738835703, 0.018116343455834467, 0.030975640684622909, 0.014660658128891167, 0.15763798270259077, 0.21639083320573188, 0.072298812680288246, 0.10002919943969409, 0.025679097493212757, 0.13875046471888697], "standard_f": [0.085562366191749784, 0.030617958663624753, 0.10768577541786771, 0.017120901207977157, 0.030190279733758298, 0.013579684712559697, 0.159927839368597, 0.21896363463427737, 0.071840908073623505, 0.10006897523482854, 0.02407186352013195, 0.14036981324100425], "hpss": [0.086184944603678107, 0.024359762453314657, 0.11662308752139233, 0.0099929647885778853, 0.0244004530172491, 0.0055117883763353805, 0.17251369502685246, 0.2411197348321221, 0.061948622448349894, 0.097743119153295435, 0.0083412209251870623, 0.15126060685364581], "hpss_f": [0.086180303922569312, 0.024276360495435318, 0.11622488169097445, 0.0099408190058632301, 0.024324876848990779, 0.0054190925598027904, 0.17290759166718062, 0.24114658843824319, 0.061882177292270267, 0.097711926115433431, 0.0082585194432651041, 0.15172686251997158]}