{"deep_f": [0.14335748369744386, 0.019654257078594924, 0.20552015367460427, 0.022580913257749028, 0.084875854084831712, 0.070696365960206967, 0.049720259637340239, 0.16501514468287529, 0.02300618075832233, 0.11725650314199709, 0.02820089793503407, 0.070115986091000504], "deep": [0.14373234846299401, 0.022732140865828358, 0.1952514100769446, 0.025083364660870914, 0.087078259782682466, 0.07190329558678947, 0.051101404214229089, 0.15950305700971695, 0.026688443992403013, 0.11837245001898236, 0.030288005986614359, 0.068265819341944409], "standard": [0.18485647428530178, 0.052047288741754752, 0.14352686184656327, 0.018361617263458016, 0.074280411103929217, 0.016977475231478689, 0.059042324195818646, 0.087020554956460869, 0.032878880205161637, 0.15218198723125778, 0.028553729920172317, 0.15027239501864312], "standard_f": [0.19256865877847776, 0.052377604257726487, 0.14574691386507374, 0.016982766783140479, 0.072773079084894957, 0.015038408868875665, 0.057423957749909264, 0.08338367861843668, 0.030190860465648783, 0.15258216208057471, 0.026526593155921752, 0.15440531629131965], "hpss": [0.20038752094746515, 0.046288010682255368, 0.15657871886463459, 0.0083038433942944304, 0.074614213263889978, 0.0069224038888443043, 0.058024562985415307, 0.093581877474670033, 0.021516312883816252, 0.16398736072741435, 0.011528491520825837, 0.15826668336647434], "hpss_f": [0.20215916568212702, 0.046474123728329313, 0.15674528286391723, 0.0082094813596948028, 0.074204026132705062, 0.0067561433346331363, 0.057561709959347944, 0.091739936799759128, 0.021145999871652898, 0.16425861971434841, 0.011485596613883545, 0.15925991393960148]}