{"deep_f": [0.02830478675741116, 0.035911481707209009, 0.24623365835823591, 0.0094397888083813906, 0.070651595881597098, 0.0157056055284376, 0.1979508194966722, 0.052851895456587389, 0.011843283243463872, 0.23951488311848571, 0.0086807023861741016, 0.082911499257344534], "deep": [0.032373870268777798, 0.03862752372331979, 0.23505609426957988, 0.011797513265174479, 0.076860408380235723, 0.018735310710873431, 0.18385434362362998, 0.059212359239063317, 0.014666570024226031, 0.23258081666500752, 0.010978853976429493, 0.085256335853682599], "standard": [0.052409042566173389, 0.080161806435034483, 0.1250827646073919, 0.0275352037548399, 0.064093849519376245, 0.049537052209341889, 0.15466611623955462, 0.1084652469138101, 0.045787241225509666, 0.1695122994464463, 0.051310629176070807, 0.071438747906450786], "standard_f": [0.049656484147168611, 0.077808816959555133, 0.13062163089576601, 0.026454355049026424, 0.061617228136644039, 0.044397443168808774, 0.15024721906284771, 0.11156568153592365, 0.044693554027602327, 0.18169459634809532, 0.049952704440333437, 0.071290286228228583], "hpss": [0.044965505663136771, 0.083883872261508743, 0.1302353764726587, 0.019859104165084247, 0.062001323294884073, 0.047222766073733019, 0.17084682067308085, 0.11342686403528426, 0.038366584301375677, 0.17827092087771657, 0.045346408146194506, 0.065574454035342497], "hpss_f": [0.04339358029396162, 0.081785456715693233, 0.13393502670979662, 0.01994053667759562, 0.060996026168447084, 0.045071283738680155, 0.16726615449353913, 0.11491867378886136, 0.038922993455006459, 0.18386315951101553, 0.044700541127539288, 0.065206567319864003]}