{"deep_f": [0.1481689853377024, 0.028432675421729316, 0.12913780983498979, 0.025524250297395815, 0.1411499175425262, 0.046971239340868505, 0.044011853631863974, 0.19851935176589197, 0.029791875731502906, 0.1091111081843428, 0.026398963358398166, 0.072781969552788178], "deep": [0.14391011193121372, 0.031571054417526008, 0.13255677764006538, 0.027155554118523894, 0.13718051893900027, 0.049980495117402789, 0.049360132781601826, 0.17868682851318654, 0.033395618238217004, 0.11546102003811051, 0.028012013106263684, 0.072729875158888402], "standard": [0.11925407698138678, 0.057945994558742664, 0.16901101601121038, 0.026219155718843961, 0.15774133995476697, 0.016597214650120935, 0.053992665036105267, 0.10713199585786763, 0.037516127507135393, 0.085482516094310984, 0.02120441800214562, 0.14790347962736342], "standard_f": [0.12221351392662087, 0.058138318201164323, 0.17333168465093701, 0.025283460028498413, 0.15938797518238945, 0.014945250939999842, 0.052331214182422703, 0.10351229964358996, 0.03480812075751695, 0.084817577988622148, 0.019395155473530469, 0.15183542902470779], "hpss": [0.12027707125900704, 0.052134862742835582, 0.18322448999541019, 0.013109750649249748, 0.17488990928560713, 0.0073908111398904878, 0.050381662402559042, 0.11513127058276605, 0.028498926476986097, 0.087044749171358224, 0.0076431452919163805, 0.16027335100241391], "hpss_f": [0.1211483129557827, 0.05214531382533355, 0.18374675600756588, 0.013034374897516424, 0.17445426998299327, 0.0072836403414898885, 0.050052750363267791, 0.11404530446612335, 0.028161580304412515, 0.087000285727522053, 0.0075627909444262965, 0.16136462018356648]}