{"deep_f": [0.075838380533661917, 0.023727639476868435, 0.20934787615009373, 0.019398950265251826, 0.087738046875428702, 0.043264654709499049, 0.047362656026848853, 0.23357822293726721, 0.018864453959652756, 0.10602621452386903, 0.023560111365881577, 0.11129279317567686], "deep": [0.091000264987769433, 0.029848160960567791, 0.18479170799042494, 0.024288061345075742, 0.098870668874662754, 0.048823751774641468, 0.052624981266729702, 0.20234843117376833, 0.0269088962372315, 0.11477712897498674, 0.027174000697345543, 0.098543945716796075], "standard": [0.028065950499601849, 0.023418057560577611, 0.14221284940188827, 0.022253792247255173, 0.096140390221055125, 0.014805795883454294, 0.04265031918801037, 0.19211157002911364, 0.076690075077615119, 0.15889368449643834, 0.031482068612467003, 0.17127544678252316], "standard_f": [0.027213124358768825, 0.022830653634075243, 0.14428609665381686, 0.021431537236011086, 0.096236782847466312, 0.013391983149004458, 0.0411052829078025, 0.19172504330419909, 0.075870433420791597, 0.16109040479066433, 0.029754804694332095, 0.17506385300306765], "hpss": [0.018421570774490061, 0.017347285965206342, 0.15547921895829589, 0.01191447817574476, 0.10288663516742973, 0.0050774361672718702, 0.037784740357924299, 0.21658326528947594, 0.070846701185517447, 0.16475703762455673, 0.010117238332618361, 0.18878439200146868], "hpss_f": [0.018391640276212137, 0.017262908148246978, 0.15566626872963485, 0.011847950834151192, 0.102844428165194, 0.004993440351712084, 0.037634325326387975, 0.21562012879961479, 0.070473351205803475, 0.16527519098055199, 0.0099893255097809486, 0.19000104167270965]}