{"deep_f": [0.06343382842542733, 0.029773211960210058, 0.22249669837199354, 0.012586358414596351, 0.082071383302173451, 0.039293576536506745, 0.12821580920383907, 0.083835301626193751, 0.013518231040308125, 0.24113544134375106, 0.012803996701555076, 0.070836163073445479], "deep": [0.068054744760638344, 0.032199237164895353, 0.21113565197780321, 0.014831951709198855, 0.086894996816610559, 0.041776837272034309, 0.11961904095382202, 0.086716067559290927, 0.016028528874450977, 0.23704848020519592, 0.01456044276505423, 0.071134019941005308], "standard": [0.060504686236054747, 0.078254975872716279, 0.14511713517149655, 0.027382532314146189, 0.086004804322509357, 0.062388721127696632, 0.14040730455827174, 0.098255814551980375, 0.052260775197308998, 0.16762784149904322, 0.034965565745083395, 0.046829843403692402], "standard_f": [0.0584886637417453, 0.078553801014882726, 0.14845758303667614, 0.025465402880049247, 0.084435935112079391, 0.059045554303534212, 0.13928137719138267, 0.1002813880945425, 0.050026010991452902, 0.17674061253875784, 0.033838368524158023, 0.045385302570739083], "hpss": [0.055492940335395903, 0.080596880446859975, 0.15237031118118782, 0.019103574290894647, 0.086509217165804425, 0.060491947760122677, 0.15100686577030636, 0.099646047507620308, 0.044801706428125948, 0.17577486017423222, 0.029891075004118473, 0.044314573935331204], "hpss_f": [0.054801696206670296, 0.079865478282372795, 0.1547167740998274, 0.019039293879204052, 0.086102333101237633, 0.058046920020304087, 0.14777862440008543, 0.10007389723835751, 0.044806227172515783, 0.18106992505398051, 0.029731639021870659, 0.043967191523573965]}