{"deep_f": [0.065693572398143496, 0.03585319676183301, 0.11323892142864399, 0.023338288626438969, 0.1659533251822142, 0.025882941754836741, 0.042997296931387444, 0.21558471435480867, 0.02226341561928168, 0.13010992861221959, 0.01777793704246261, 0.14130646128772964], "deep": [0.067622907182134276, 0.036548865400169647, 0.11218574269064856, 0.024335452626605695, 0.16391982652449219, 0.027143256163517013, 0.043457990682281913, 0.21404443075607707, 0.023305870953373196, 0.13015539418022914, 0.018692635031269805, 0.13858762780920153], "standard": [0.050120027858916519, 0.036091339216882699, 0.073397366595856717, 0.037189720992434991, 0.12293348367860002, 0.0439591130889634, 0.10765611023578699, 0.14368080973631062, 0.051716691578725944, 0.123117129118981, 0.056578260474958231, 0.15355994742358298], "standard_f": [0.048658532059363595, 0.034620760218622967, 0.070436297907790033, 0.035010641392866595, 0.11942066767933271, 0.042217137690543756, 0.10852304131809357, 0.14885894225924659, 0.050565869177315266, 0.12592545954946907, 0.05499045165426826, 0.16077219909308757], "hpss": [0.040693438606568565, 0.030747205758719854, 0.069916099440599414, 0.033025069236115492, 0.12999495415602283, 0.040163455790642302, 0.11205000689303779, 0.15270957706531046, 0.04845558441837388, 0.1257197738346427, 0.052649280609409523, 0.1638755541905573], "hpss_f": [0.040648189620328824, 0.030161923873445375, 0.068116081847799589, 0.032009081875937075, 0.12685469086191167, 0.039668644433383714, 0.11242965400693271, 0.1547867868925078, 0.048158137230948944, 0.12772036864987019, 0.052142892445212669, 0.16730354826172159]}