{"deep_f": [0.065085751157646157, 0.045662941032980013, 0.21337541598993834, 0.020272845750505756, 0.097775340887527248, 0.042884097986047962, 0.098478063128125598, 0.086875442409165046, 0.027485326217665931, 0.20312234529107567, 0.022516533159570262, 0.076465896989752077], "deep": [0.071119126507384292, 0.049428124073867125, 0.1919231308921634, 0.023602921647290415, 0.10439846618681649, 0.044993561678537748, 0.096310557251574155, 0.087909999458696625, 0.032146829844851683, 0.1962050774531684, 0.024960505722996223, 0.077001699282653435], "standard": [0.026540706528797642, 0.091312865935961954, 0.18032269362263029, 0.024450992564577813, 0.11853107117624666, 0.020203728038469496, 0.14368918917427215, 0.12371946869549329, 0.059818423795683126, 0.14269491026521075, 0.021157545554347061, 0.047558404648309717], "standard_f": [0.025324465446448407, 0.092373341815094434, 0.18348665636106926, 0.023646815370716383, 0.11930828980180291, 0.018681251266797816, 0.14437361307290267, 0.12391516359665672, 0.05880448050443348, 0.14339995221285254, 0.019916796777758792, 0.046769173773466462], "hpss": [0.015759907016127249, 0.098866530709900535, 0.19962122654873921, 0.011390909320234699, 0.12855581450744252, 0.0099145349684256548, 0.15677121375900527, 0.12951298209208623, 0.047175235800050876, 0.15017195338739864, 0.0092124687760323058, 0.043047223114556804], "hpss_f": [0.015652011328443672, 0.099128057558858812, 0.20037690737370795, 0.011337420778767432, 0.12824729916815134, 0.0097741349878953665, 0.15657125189261742, 0.12931916394165671, 0.047048879524020253, 0.15047241686919491, 0.0090707683357839786, 0.043001688240902072]}