{"deep_f": [0.064651904214502093, 0.026192251487949021, 0.17107406366815855, 0.018584926009277792, 0.11060678240212685, 0.031564090536478295, 0.042656429633757056, 0.24546857323577503, 0.014516586717049531, 0.1134707066735661, 0.017798906396318547, 0.14341477902504132], "deep": [0.069589777729867672, 0.029124494965180769, 0.16317051551905279, 0.021199830353830253, 0.11290847396218541, 0.03293954385436073, 0.045799222474480109, 0.23555589693335729, 0.017332308523326418, 0.11995855708029091, 0.019998658279847561, 0.13242272032422009], "standard": [0.044950215033155501, 0.052345938423592538, 0.104020001984977, 0.030253771461386764, 0.094292014824367304, 0.053043615294326697, 0.12411223263070535, 0.16744343283010055, 0.049673509861053067, 0.12673443545313309, 0.039474211538938632, 0.11365662066426351], "standard_f": [0.042423763400850904, 0.050384539651877419, 0.10294415425374909, 0.028091521972854524, 0.091355625492626949, 0.05035742768460777, 0.1233600295400606, 0.17512362118685104, 0.047702678645463965, 0.13173059532672801, 0.037501654606941548, 0.11902438823738826], "hpss": [0.036803992861886486, 0.0490060112389877, 0.10538448983154199, 0.024165720544082746, 0.097986682392420296, 0.049665459506092108, 0.13142674317393443, 0.18021460060453484, 0.042800051769128225, 0.12922854427149955, 0.03278176336804467, 0.12053594043784711], "hpss_f": [0.036002854395599221, 0.047747678732990094, 0.10444330527741537, 0.023601756101685897, 0.096046514243607939, 0.048407789196170829, 0.13032403159785017, 0.18323005096520611, 0.042521417526725704, 0.13206837159520041, 0.032451252369694421, 0.12315497799785388]}