{"deep_f": [0.067596852320396361, 0.052568879687222743, 0.17160776699185601, 0.0074677889707381543, 0.14365804035532739, 0.011917735410309851, 0.12583342670239456, 0.12562101269954162, 0.010734970016623544, 0.18515577803796152, 0.0072692654415230625, 0.090568483366105179], "deep": [0.066486608911810519, 0.054352272711124819, 0.16818433268838662, 0.0078567109999011231, 0.14631625913156546, 0.012205426688283222, 0.12112014457051037, 0.12815018438169523, 0.011178610224166729, 0.18339047123551624, 0.0074923155256867427, 0.093266662931352912], "standard": [0.052435506274838339, 0.082748454009822239, 0.10691025004616875, 0.036075587551975492, 0.12366566916931522, 0.038771555653584554, 0.14431553292190535, 0.092871634711334208, 0.062239247538348537, 0.12946065125273343, 0.031933785341812328, 0.098572125528161553], "standard_f": [0.051465008722788898, 0.082234545827584521, 0.11393572119760395, 0.035198531102651025, 0.1244229017106832, 0.033758082572994126, 0.14232855199021979, 0.095388868288487041, 0.056339380251032765, 0.13696732428554795, 0.027743140248202718, 0.100217943802204], "hpss": [0.048454501182481097, 0.084373468117753966, 0.10670757420579589, 0.032416718258107866, 0.12830325926671174, 0.034356001099283696, 0.14999662941583308, 0.093147698568864304, 0.058825673301678767, 0.13315484909864234, 0.027870411920739482, 0.10239321556410771], "hpss_f": [0.049460695981145615, 0.083039881339955685, 0.11199728100386121, 0.032860247459307601, 0.12811725279946642, 0.031159261905450521, 0.1457844047908507, 0.095253757751941198, 0.054611491921716049, 0.13947915494903931, 0.025405267390900304, 0.1028313027063657]}