{"deep_f": [0.10606472168772858, 0.01431771992230854, 0.21598221716998076, 0.0082674444791868539, 0.082640674088028235, 0.028659574917399195, 0.080761981427775534, 0.17666115037284064, 0.0066290407798263911, 0.15581072426785597, 0.0075549551066534824, 0.11664979578041582], "deep": [0.11063736178374951, 0.014762026447932605, 0.21200595245056331, 0.0088449871194773728, 0.084264644151471765, 0.029300530350521076, 0.080888042735858326, 0.17285269543787696, 0.007059179528707279, 0.15979749206202118, 0.0078985153118886105, 0.11168857261993202], "standard": [0.066235479991451199, 0.076102287976651736, 0.10039741166653383, 0.036704735354594828, 0.080257132040119819, 0.031665444900637947, 0.1481836126367459, 0.16576836787475316, 0.041361755787689865, 0.12744945151655843, 0.0354344850927059, 0.09043983516155725], "standard_f": [0.067383083546006334, 0.075019795434226919, 0.099624245674342027, 0.036832665557684989, 0.081427102952231517, 0.02836857915024717, 0.14815813074661172, 0.17225309565579747, 0.036438706532103654, 0.12983025091878259, 0.032090150077043515, 0.092574193754921985], "hpss": [0.063484640520478378, 0.077188341972788468, 0.10090098587575902, 0.033814382949305832, 0.080357720384226172, 0.026957520718336282, 0.15399419468118411, 0.17395694122443883, 0.035605016784409284, 0.13033568915379379, 0.030988963025672858, 0.092415602709607123], "hpss_f": [0.066303635837368605, 0.075122033863907228, 0.10016308096055228, 0.034939769739373586, 0.08122022382449065, 0.025295520886861354, 0.15050128429996387, 0.1775705308779312, 0.033957095841651935, 0.13084565236604437, 0.029380745101742593, 0.094700426400112392]}