{"deep_f": [0.19683040244453184, 0.02229909837771956, 0.14641842300873029, 0.025348534492460977, 0.099491672683357416, 0.079787925194209949, 0.043224431019640672, 0.13763226965443862, 0.027432320759929327, 0.14061818191160827, 0.026144450661951476, 0.054772289791421659], "deep": [0.18206347472325785, 0.027433316667427037, 0.14167752208213896, 0.02758983466853911, 0.10439982121996223, 0.07569944076201196, 0.04839938528604644, 0.13092146081117392, 0.031409635970910108, 0.14488944650225652, 0.027372236454525942, 0.058144424851749935], "standard": [0.11862512146253236, 0.020166496710623909, 0.096332691174126156, 0.019849683444673562, 0.15957185026509768, 0.011815885859434086, 0.040005968724497722, 0.12433837875304792, 0.034714020165818565, 0.2218973112002133, 0.032521477272010837, 0.12016111496792405], "standard_f": [0.11968264627476519, 0.019654346592783974, 0.096078978483066874, 0.019088931699615268, 0.16173608206691803, 0.011050914237359703, 0.03900672853693106, 0.123865116026524, 0.033404638926535099, 0.22501621399555957, 0.031463865459905843, 0.11995153770003544], "hpss": [0.12542856554152304, 0.015485998905776965, 0.10269719563743059, 0.0083167344572466669, 0.18050983469053972, 0.0039003206428927777, 0.032543384366463229, 0.13683491316703267, 0.019077862555455013, 0.24453123674616589, 0.012139994250605258, 0.11853395903886829], "hpss_f": [0.12556726774045857, 0.015395344685326729, 0.10251994619919877, 0.0082475544614222917, 0.18080182650248974, 0.0038492840427848101, 0.03248280725208396, 0.13646310919100366, 0.018895112056046666, 0.24511532991304993, 0.012062173516080275, 0.1186002444400545]}