{"deep_f": [0.021535757555420681, 0.021443975185750419, 0.25022222253287113, 0.0065333321713589307, 0.078243942610126405, 0.0094794508798470168, 0.18167335241189145, 0.083215737065205728, 0.0096565186339430415, 0.18389550136464872, 0.0045887378432638033, 0.14951147174567261], "deep": [0.023053077182589095, 0.021984753347131201, 0.24722668643946447, 0.0067669460577392693, 0.082340744862473017, 0.0098785246455188064, 0.17614424346971352, 0.08674587957308183, 0.010071315865954011, 0.1818968859092642, 0.0048691890079051092, 0.14902175363916551], "standard": [0.036339297807026896, 0.10254151731977396, 0.09966683674251367, 0.03935633391316995, 0.12889600711935731, 0.032939063320871625, 0.16568105406758618, 0.040995654127642167, 0.040978366898990516, 0.1699365323142828, 0.034915208815605704, 0.10775412755317944], "standard_f": [0.032033114997039293, 0.1035012928793136, 0.10089804738108359, 0.039073996365106292, 0.13229255361419631, 0.02926982124648032, 0.16665125265140174, 0.040557861998439852, 0.037660144202348173, 0.17736555056515707, 0.030150759777218063, 0.11054560432221584], "hpss": [0.030530968644942504, 0.1062965135485231, 0.10047006813374464, 0.036636953911700257, 0.1328648293887012, 0.027993578513528086, 0.17296206850331697, 0.03644829572314473, 0.036402448508817846, 0.17696188673616853, 0.031154777520469589, 0.11127761086694267], "hpss_f": [0.028358538709592221, 0.10533652801645119, 0.10130259746922268, 0.037949795476625255, 0.13485052517903101, 0.026189728855446029, 0.17109382288589017, 0.036754138934020734, 0.035068812550456054, 0.18152944623788894, 0.027815872730964541, 0.11375019295441104]}