{"deep_f": [0.092530034501603839, 0.026175992909500487, 0.14024014797009365, 0.013399868677018815, 0.14673048935072033, 0.026790873708627549, 0.035106689297099883, 0.20732260561942675, 0.010826109948981311, 0.15670339749600656, 0.010602487399296512, 0.13357130312162424], "deep": [0.092495450494913298, 0.02681660900344968, 0.13810768694356615, 0.013988269641781305, 0.14654331951044219, 0.027173525616705073, 0.035574171976430417, 0.20728857255803107, 0.011264384788368068, 0.1582674448512934, 0.01108326275726013, 0.13139730185775925], "standard": [0.061383535998059423, 0.034497540599738655, 0.094924985816775206, 0.027786950416949504, 0.087473370206326603, 0.027154723769404528, 0.062562959310366595, 0.15436512609714914, 0.060366769286160603, 0.2000476150120461, 0.048827437047512974, 0.14060898643951064], "standard_f": [0.059778160747376484, 0.033595466963739863, 0.092764594160911221, 0.025898327045956505, 0.083461075292954018, 0.02421299440105891, 0.060550322332141165, 0.15806770077170806, 0.058765666877708879, 0.21061634590838113, 0.047198660760210336, 0.14509068473785347], "hpss": [0.054210507315883713, 0.030329114069246599, 0.096189770705286615, 0.021746199631573614, 0.090106729896217166, 0.021008958412450651, 0.061399092795580576, 0.1664329969371611, 0.056426457487927593, 0.21031795129345485, 0.042213306426692764, 0.14961891502852478], "hpss_f": [0.053824161019429849, 0.030020993614813845, 0.095206845273754864, 0.021262986306315294, 0.086879078257253217, 0.019650330563980144, 0.060393441498038103, 0.16712196766582685, 0.055981069631657748, 0.21539690971990319, 0.042345747142025804, 0.15191646930700109]}