{"deep_f": [0.039235241304932854, 0.038927497853822886, 0.21423948203285434, 0.010603976841489032, 0.10054643324261867, 0.016564305422020541, 0.14704946380010137, 0.091178846300943722, 0.012397574594415763, 0.22754272134303788, 0.0088140135329271407, 0.092900443730835711], "deep": [0.041628104493057282, 0.04125427882741893, 0.20589411709864985, 0.011862604585730654, 0.10466969142883403, 0.017837305509298424, 0.13954403690889758, 0.094823436037016678, 0.013450880760091748, 0.22625107688896248, 0.0098391855136061111, 0.092945281948436209], "standard": [0.041858750263185765, 0.073953660389826772, 0.11771188251685079, 0.023462774533625108, 0.083861973980594293, 0.064999945102864415, 0.16181452598765442, 0.10417989971986424, 0.054729733571519182, 0.17255489017484785, 0.041905515372320422, 0.058966448386846851], "standard_f": [0.039583583089132575, 0.0737192752501072, 0.11998055230614635, 0.022045754788127033, 0.081934213840370848, 0.061794301458532909, 0.1604413250748315, 0.10559827799704401, 0.053254768325655656, 0.18277572487071017, 0.040605551070417224, 0.058266671928924547], "hpss": [0.033316029038263348, 0.074594170299440279, 0.12006421817829871, 0.016946523833673097, 0.084953361466398092, 0.063983944331542975, 0.17345601515251158, 0.10639007074402611, 0.049729742112743947, 0.18205335852489316, 0.036926579214270942, 0.057585987103937537], "hpss_f": [0.033052681408373148, 0.074120879793119154, 0.12174468386874365, 0.016843637845311472, 0.084097012834170815, 0.061741694310375177, 0.16959909910827947, 0.1067378444992975, 0.04993633431742097, 0.18819155507711094, 0.036495977944814337, 0.057438598992983182]}