{"deep_f": [0.052577881206252945, 0.022724744238401109, 0.15989561702384644, 0.0068178246946031485, 0.17709477356940756, 0.014864839147552563, 0.045343862824468083, 0.2065243651717055, 0.019424460149179205, 0.094682505989836394, 0.0054901792836664059, 0.19455894670108048], "deep": [0.055113426843427543, 0.022990214157314282, 0.15733439437898586, 0.0069451346831718407, 0.17860202868626548, 0.015321969115556076, 0.044424512641951124, 0.2061253250211437, 0.019344936940761889, 0.097142987769246056, 0.0056210568863225042, 0.19103401287585367], "standard": [0.038112047059755946, 0.061313629083125584, 0.1124139757155536, 0.04027087377245183, 0.12477325557580542, 0.036422271444474366, 0.12817481742719022, 0.10839598440379927, 0.058026278975762964, 0.10636558838864396, 0.032954391742107722, 0.15277688641132919], "standard_f": [0.032967819305300697, 0.060886200346655775, 0.11497528184009566, 0.040519929716230835, 0.12796056083623022, 0.032581978092846096, 0.12601137528864242, 0.1169154704983735, 0.055980987198186914, 0.1103807527969031, 0.026798664478654043, 0.15402097960188074], "hpss": [0.032360057488973533, 0.060694779842544677, 0.11425584165668926, 0.038240833594382857, 0.12906999083906553, 0.032080404097711422, 0.13083909609513472, 0.10989641241115279, 0.055806550751802513, 0.10751133050867341, 0.029177570599096026, 0.16006713211477325], "hpss_f": [0.029976238863172345, 0.059978163602545986, 0.11693746640364423, 0.039320657862840676, 0.13070657851187178, 0.030337101100712763, 0.1273218043737997, 0.11586810919966062, 0.055110603594295614, 0.1101994388977434, 0.024971697678217216, 0.15927213991149547]}