{"deep_f": [0.089754362631678547, 0.029769720957585906, 0.1222256709444498, 0.015439720065366163, 0.16508043853673307, 0.027015972262734864, 0.034990598310376174, 0.23621334842773942, 0.012647824749527088, 0.14435102713479436, 0.014446532241506552, 0.10806478373750815], "deep": [0.090922441892545558, 0.029859882990762938, 0.12287256220303062, 0.016232839817115371, 0.16165930196729278, 0.028270802231451252, 0.035479255652492346, 0.23644496590355263, 0.013217937047407364, 0.143965188897408, 0.015235528153119496, 0.10583929324382164], "standard": [0.049152568778278082, 0.038884323467629531, 0.098311059611322235, 0.024346812789721367, 0.094584522247494945, 0.040699750155815506, 0.098475355582684124, 0.17953225098587913, 0.060696521992981575, 0.15947554457319904, 0.040243573501260198, 0.11559771631373433], "standard_f": [0.047573781181399974, 0.03768354860202764, 0.098465551560065548, 0.022626927600732372, 0.089876449448578158, 0.037548315359387921, 0.096881472769419857, 0.18465247848403288, 0.05887878393860764, 0.16782154964934065, 0.038886032704865348, 0.11910510870154196], "hpss": [0.040420450472809656, 0.034491018220775257, 0.098801092493894044, 0.018493777190865254, 0.098299105473752979, 0.037436052508639454, 0.10146267061945745, 0.19309353036595675, 0.057449989894387009, 0.16571281758658868, 0.033806295711998002, 0.12053319946087541], "hpss_f": [0.04016718690495933, 0.03390952236645943, 0.098937038508727107, 0.017936063604896621, 0.094964546777406164, 0.035715549878383421, 0.099850097218499273, 0.19465968338636472, 0.056903023884310545, 0.17096622376227974, 0.033769728387303861, 0.12222133532040985]}