{"deep_f": [0.044100120246915883, 0.035237142836278108, 0.22877323456210005, 0.015095682880396566, 0.13989532937868437, 0.029423868467891384, 0.099909830192614735, 0.082137871314836242, 0.031030958238183533, 0.15899123790785522, 0.016621348437895075, 0.1187833755363487], "deep": [0.052100911359338989, 0.038688155403255035, 0.21134432202055234, 0.018615163333480258, 0.13787614913785037, 0.033116193298854631, 0.097083902300401106, 0.085327481726330007, 0.03418568466069629, 0.1583158919444545, 0.019257532654346345, 0.1140886121604401], "standard": [0.026759798851188371, 0.074225606817942366, 0.18223029195404009, 0.027870759474518132, 0.16089991378771581, 0.025653899579734327, 0.16750619603545575, 0.064791143403769916, 0.046726921555449948, 0.1222234223138991, 0.020156171559585361, 0.080955874666700844], "standard_f": [0.025652565582526172, 0.074686817028398036, 0.18709803545053547, 0.026709202820237851, 0.16250699510192801, 0.023894244349808573, 0.16776743519864601, 0.06375914970382375, 0.044975247082879685, 0.12216316689179618, 0.018795902329195015, 0.081991238460225366], "hpss": [0.013935593258973014, 0.076851654549077483, 0.2025036035890658, 0.015173174550712314, 0.18026142419518429, 0.016948042346069725, 0.18810834058378562, 0.059624362706692961, 0.029956132564098546, 0.12122601199798497, 0.01010761968590318, 0.085304039972452089], "hpss_f": [0.013819321941884209, 0.076882065600946486, 0.20374749829152655, 0.015063343978213911, 0.17963937045934317, 0.016659693309561987, 0.187808846263815, 0.059437729581857543, 0.029737737348278996, 0.12149700015761464, 0.009988703947341155, 0.085718689119616137]}