{"deep_f": [0.15641503044084129, 0.0088452470344778343, 0.19215139518985891, 0.010007486601733916, 0.064321410822205244, 0.14944852673227721, 0.030325062492254411, 0.12507591048499253, 0.0074847756429196914, 0.18681156674386434, 0.019581734872951291, 0.049531852941623551], "deep": [0.15446332133761817, 0.0093137390446011228, 0.19241775660107452, 0.010072323063457438, 0.065363899618581814, 0.14705720336177799, 0.030431101033283194, 0.12795142734719547, 0.007681919434882039, 0.1849882227239269, 0.019862236684749773, 0.050396849748851565], "standard": [0.099240097901774141, 0.061895056079234151, 0.12330737153098645, 0.022999251459122835, 0.11607589575059812, 0.068564158137479486, 0.085269502965592159, 0.10228066889360873, 0.039474121094158619, 0.18645256055544868, 0.02821528124852964, 0.066226034383467081], "standard_f": [0.099852057019426149, 0.062216273492017936, 0.12691798168515345, 0.020670770764749765, 0.12020927609206043, 0.062305730405846388, 0.081008935347574723, 0.10500625009338514, 0.03669593268511432, 0.19643567838292056, 0.024880415381271618, 0.063800698650479534], "hpss": [0.099796630722548671, 0.061477438992205834, 0.12547554147547912, 0.019507574328854825, 0.11925957960008247, 0.067736746446862187, 0.084599323519426367, 0.10366216511784915, 0.035403616048569522, 0.19401790754328538, 0.023636849242841821, 0.065426626961994735], "hpss_f": [0.099648588153207332, 0.060944811753743285, 0.12751117826942329, 0.01830547088536567, 0.12242196523873161, 0.062508647374997714, 0.08002814665198503, 0.10782018301385389, 0.034996929152380493, 0.19883978489772147, 0.021712059068401485, 0.065262235540188632]}