{"deep_f": [0.093360837914907513, 0.025659369874157255, 0.17681379309657866, 0.023468485408768308, 0.075126266216400478, 0.070452478910366878, 0.037265206103678825, 0.22652638013747581, 0.016754403446168787, 0.13376914958700531, 0.028071889270280672, 0.092731740034211557], "deep": [0.097668896382090156, 0.027783070724177079, 0.16875439792093619, 0.025253079467980149, 0.077464110464561267, 0.071677465651890329, 0.038813795120957763, 0.21801213347725854, 0.01863026259986995, 0.13953477251706237, 0.028876654169145657, 0.087531361504070551], "standard": [0.077176257765834547, 0.046661932367010037, 0.10975322287825301, 0.030653895661724141, 0.069420424647079815, 0.066181408664174796, 0.11294001032760204, 0.14837559454701818, 0.061093669760310158, 0.14105314320419715, 0.045501524327519048, 0.09118891584927695], "standard_f": [0.075547999449568193, 0.044837264935401515, 0.11013079542696443, 0.028805056581683409, 0.067591107312134649, 0.062001552879289837, 0.11036284853856884, 0.15353788085453701, 0.060884340451740911, 0.14953681264614554, 0.043568366277571303, 0.0931959746463943], "hpss": [0.074422456198152659, 0.042228419367098036, 0.11129463366827244, 0.024083710208291999, 0.06846667520641013, 0.065785910809510961, 0.11789265691928513, 0.15819937516589236, 0.057421586085667296, 0.14628992813207012, 0.039864227541829715, 0.094050420697519274], "hpss_f": [0.073913712758061356, 0.041656309506562163, 0.11263339455790222, 0.023512629017404609, 0.066960355545695668, 0.062078451189305051, 0.11458737290290445, 0.15917032216649984, 0.057998621746501541, 0.1524741226618391, 0.039584124300628513, 0.095430583646695447]}