{"deep_f": [0.045532419409542009, 0.038712327466919098, 0.20975059705890844, 0.010963687840838354, 0.11479502371015698, 0.022195349786548094, 0.12498276663220648, 0.10127486558754464, 0.014916865724012457, 0.21307906277757349, 0.012066499098397854, 0.091730534907352237], "deep": [0.047961651742897966, 0.041099993361792715, 0.20148087545378227, 0.012238704243533793, 0.12025866909313897, 0.023810078453121657, 0.11582803731482284, 0.10690609952526278, 0.01645775900867167, 0.20868965213230337, 0.013486511090143033, 0.091781968580528936], "standard": [0.064724202943127127, 0.083176327772237352, 0.14410330925471082, 0.028796014965139647, 0.098310731358245945, 0.069828105191813816, 0.12423593339928499, 0.067505382343246573, 0.043837895221808872, 0.14209169689800275, 0.031012859362158789, 0.10237754129022346], "standard_f": [0.062704763564909921, 0.083163491573589918, 0.14822354448773267, 0.027055437015653182, 0.094578405042997721, 0.066442449190869057, 0.12211991331660808, 0.067379223452722167, 0.041567412249761453, 0.1475139051590737, 0.029366206150504129, 0.10988524879557798], "hpss": [0.056091589983331802, 0.084293409555310533, 0.15113823451718922, 0.022139420154146126, 0.10161360192533568, 0.069647057109115396, 0.13272476570519698, 0.065462256954972237, 0.037141149016303852, 0.14850781556208162, 0.024240090572733561, 0.10700060894428283], "hpss_f": [0.056153669948196053, 0.083866830631696185, 0.15354383595741553, 0.021739869815544186, 0.098556725736764592, 0.067321573287992736, 0.12976095535842569, 0.06576688039279141, 0.036838353460359879, 0.1518077426592048, 0.023990812599541857, 0.11065275015206709]}