{"deep_f": [0.094119400635334541, 0.019763010887070966, 0.18584420984929484, 0.016498380462912611, 0.080943823115454297, 0.073131062836425328, 0.035016803010712375, 0.20815102173978947, 0.012361421050976444, 0.1391661894857526, 0.019010015984230081, 0.11599466094204633], "deep": [0.096087866907133793, 0.021306117898913058, 0.18083115056678653, 0.017526799614269995, 0.08360409159680747, 0.071951817575420851, 0.036880267961106966, 0.2026606200003353, 0.013546501283116043, 0.14419319023020299, 0.019487131487942944, 0.11192444487796406], "standard": [0.10638915166514318, 0.038737079253617988, 0.1216543823447221, 0.026256916294372684, 0.052827879427519292, 0.038150966926392693, 0.0812512582216003, 0.15030620287013269, 0.053330768557269252, 0.13552743920887853, 0.043474115157398033, 0.15209384007295337], "standard_f": [0.10478326638327379, 0.036852915848864631, 0.12204869528781477, 0.02440155183792941, 0.05105156635875073, 0.035081801972084943, 0.078826934774965884, 0.15565962206750428, 0.051120062753906431, 0.13809462036972142, 0.041717301770466821, 0.1603616605747169], "hpss": [0.10703357426139805, 0.034102205120492848, 0.1264044620706358, 0.019008093069127076, 0.0490824254482366, 0.032955079679342567, 0.082164755677074333, 0.16085741604748224, 0.047505790496765857, 0.13806582693794378, 0.038137761498957368, 0.16468260969254342], "hpss_f": [0.10571303862930442, 0.033463165579250241, 0.12668733223671452, 0.018742095393543889, 0.048159241963234456, 0.031516876367865654, 0.080932555488418489, 0.16183933039817117, 0.047193682702028124, 0.13975682229643363, 0.038014408643051834, 0.16798145030198339]}