{"deep_f": [0.10005295666682085, 0.028450751935057219, 0.1749187598150912, 0.021684990737199705, 0.10489696557828723, 0.046116001031877275, 0.053978310852779481, 0.21105384468071034, 0.021445670197771119, 0.12440638790607941, 0.024933594211270418, 0.088061766387055748], "deep": [0.10007045285694433, 0.030250539130793494, 0.17028209338418093, 0.022806182970486689, 0.10706588397747049, 0.046221822762935953, 0.055810545348878082, 0.20332040226165174, 0.023261998012888963, 0.12700120758746269, 0.025417451353394578, 0.088491420352912034], "standard": [0.095046989187144854, 0.034617018850663102, 0.091870223047529662, 0.019072206093960833, 0.083065260580836991, 0.017599816275803856, 0.10338202016625532, 0.16068650667285825, 0.056452052085074415, 0.10504169461768198, 0.024561587707544828, 0.20860462471464583], "standard_f": [0.096484215083471131, 0.034277066519181089, 0.092077791160771083, 0.018573996155413084, 0.082556225794400515, 0.016757658843888763, 0.10406218210847877, 0.15897421503021944, 0.05528383184896761, 0.10482959611371066, 0.023314497126148529, 0.21280872421534935], "hpss": [0.093256053183520995, 0.025243714582939888, 0.090757270149487049, 0.011086830034843242, 0.087675267491845815, 0.011856039709497156, 0.10833120587474875, 0.17467813095563264, 0.051896347463693926, 0.10531048272727599, 0.011931155275790441, 0.22797750255072405], "hpss_f": [0.09374385329648395, 0.025191684145795826, 0.090564430514839631, 0.010990213509178913, 0.087170946889916792, 0.011680215291595351, 0.10839264195632795, 0.17389810377452822, 0.051718096794829353, 0.10558945354409209, 0.011820887287550114, 0.22923947299486191]}