{"deep_f": [0.19274801234178709, 0.021200586667369542, 0.14961355984975327, 0.023261941878163526, 0.10757692487437452, 0.072060173304789088, 0.04069421156259178, 0.14876497508199832, 0.025668724256956401, 0.1379964683380224, 0.024559485262157923, 0.055854936582036142], "deep": [0.17855056864278504, 0.025143664996360771, 0.15104570657979621, 0.025181638844310978, 0.10592439546965, 0.073224106327336683, 0.04550576789048083, 0.14081458481480047, 0.029169823724381816, 0.13960865557123428, 0.026811049322526828, 0.059020037816336066], "standard": [0.15620159932678099, 0.020037379572565486, 0.10131992570167224, 0.018711852452736006, 0.10511135556240583, 0.013217197091776177, 0.041510307016980025, 0.089739479811129563, 0.038901220462315263, 0.20938155782895237, 0.036023194788391388, 0.1698449303842948], "standard_f": [0.15854028558920669, 0.019394992200587245, 0.10167972620445027, 0.017833648479124165, 0.10544757609758298, 0.012368488398256817, 0.040743643542115258, 0.088317092321773455, 0.037251075249442996, 0.21170520935216477, 0.034923661832279435, 0.17179460073301603], "hpss": [0.16406469943611551, 0.011219991009232842, 0.10654514603407976, 0.0097540525442164992, 0.11545622767477212, 0.0076758926045788836, 0.039471483795196965, 0.096204453739235724, 0.028067602010279261, 0.22802503501424248, 0.016009149643112588, 0.17750626649493742], "hpss_f": [0.16481501097111609, 0.011147807371799486, 0.10669734089051992, 0.009642057449835496, 0.11495657990734191, 0.0075541273873440716, 0.039394196939929391, 0.0955579984209185, 0.027886352163741655, 0.22824933450644586, 0.015961045438327409, 0.17813814855268018]}