{"deep_f": [0.09836529248543871, 0.021537891257679093, 0.21406909881438899, 0.018684387912503903, 0.094032135756880797, 0.04866712444572411, 0.047640062249220926, 0.21614712397212915, 0.019222715019840426, 0.11443363390007834, 0.025740220715261976, 0.081460313470853529], "deep": [0.10344656604347992, 0.023816784884930046, 0.2031491276688957, 0.020347513070805245, 0.098441211196876571, 0.049087131810926062, 0.050452154195005497, 0.20425659330944082, 0.021759480515459312, 0.1196879807932099, 0.026185430511674237, 0.079370025999296698], "standard": [0.060255376370555884, 0.030140633566813339, 0.12384056849186043, 0.02063213847375632, 0.11135710057001738, 0.023032566607943554, 0.12405578234689656, 0.19716621849424934, 0.050043948729257923, 0.099521136823383233, 0.026763016529214402, 0.13319151299605164], "standard_f": [0.060610745298144808, 0.029619916224445614, 0.12318714641752578, 0.019781918159169583, 0.11341391327165269, 0.021891171086320139, 0.12527241858815674, 0.19830456919835115, 0.048941362067282855, 0.098592643585003317, 0.02506315845084452, 0.13532103765310277], "hpss": [0.059586787066307954, 0.025163356429261569, 0.13030985186829172, 0.009351939626151759, 0.11962172216256997, 0.014505120162642745, 0.1302059284201855, 0.2186633550413748, 0.039422696281512154, 0.098195528624675732, 0.01227947413056059, 0.14269424018646557], "hpss_f": [0.059850672314515421, 0.024984790035280174, 0.12982807988832337, 0.0092264666440665857, 0.11981636932889227, 0.014347828025682576, 0.13038642088313845, 0.21856095079079907, 0.039317262851691383, 0.098070124548548784, 0.01217980887067034, 0.14343122581839154]}