{"deep_f": [0.17505463683419251, 0.02783690536306185, 0.099576681161062539, 0.021818950141454303, 0.14548535194595477, 0.042771052699492829, 0.043061283834688963, 0.16286451909993413, 0.014942135563238909, 0.20121580683500326, 0.01635750663542725, 0.049015169886488526], "deep": [0.16668073339843498, 0.029391056749369381, 0.10408867444188878, 0.023381593750111351, 0.1392173254295597, 0.043636427833433043, 0.046757125909071995, 0.16117432314904603, 0.016567044900434782, 0.2001439739687359, 0.017820407220398626, 0.051141313249515465], "standard": [0.064120754952232129, 0.046246801822228609, 0.10586237490567778, 0.027685299493040515, 0.11742670124934618, 0.049827676183675562, 0.11265751156529441, 0.15330124684518734, 0.054789852040678551, 0.18537097285835999, 0.028893396209455177, 0.053817411874823771], "standard_f": [0.06247025915384273, 0.046259582625687724, 0.10634408119580793, 0.025230054287021308, 0.11265269557631548, 0.047170034491946886, 0.11352264944273754, 0.1592496882722845, 0.052651011074699945, 0.19533423758659466, 0.027037550911227119, 0.052078155381834051], "hpss": [0.059860585740831578, 0.043532502743657629, 0.10818616421854421, 0.020260985767736599, 0.12477823292442689, 0.045508367753944359, 0.11739574541390646, 0.16470229325238642, 0.047899944941721277, 0.19652578391896366, 0.02098431971137452, 0.050365073612506521], "hpss_f": [0.05937278050768343, 0.043756783121709247, 0.10887186909806153, 0.019429671738807136, 0.12062918579243444, 0.044200652476362019, 0.11751260481000902, 0.16655493139141639, 0.04761109633099897, 0.20146743145716092, 0.020774132358151079, 0.049818860917205991]}