{"deep_f": [0.1520636398526691, 0.028238799187556764, 0.16345941713516526, 0.027869620180189122, 0.085444008856061085, 0.095055818500742753, 0.057398096355762686, 0.10168937925746424, 0.029484995165769239, 0.1764019755727331, 0.028774277812164357, 0.054119972123722444], "deep": [0.14466183307930097, 0.034301654739097541, 0.14931431179908317, 0.033185292089092627, 0.091622190412286197, 0.086443008719472497, 0.06429269648977666, 0.10317411685334382, 0.035120049506520819, 0.16661722328485865, 0.03167749247998667, 0.059590130547180382], "standard": [0.050002386730105451, 0.038637250141252348, 0.081170841067473895, 0.018276501913252606, 0.13291073988831673, 0.015561995871250572, 0.10856503596516869, 0.18577730058615496, 0.056863464053351971, 0.22051585960411743, 0.029998644780583592, 0.061719979398971822], "standard_f": [0.048675135678500535, 0.038029288630709535, 0.081199868586232446, 0.017696071008284381, 0.13509814344419094, 0.014756209113454696, 0.10995550902968154, 0.18810839959734987, 0.055375011566687601, 0.2215044064164623, 0.028844289896333915, 0.060757667032112384], "hpss": [0.044472849244750687, 0.038462587924732082, 0.086140738089307847, 0.0070441511683889124, 0.1516862184595664, 0.0050200698964487957, 0.11499816454646836, 0.20826837239765042, 0.036160552805598212, 0.24405882750545344, 0.011888947695666906, 0.05179852026596788], "hpss_f": [0.044389796735834076, 0.038368183339617848, 0.086081153212549083, 0.0069910973663187695, 0.15204648256941433, 0.0049710718977647042, 0.11541556041421144, 0.20846967274040445, 0.035964256431736993, 0.24380928607152316, 0.011812721738795004, 0.051680717481830132]}