{"deep_f": [0.081284636444480751, 0.027823113650924974, 0.20758233211127247, 0.0163603454065522, 0.082447434123520319, 0.027363455342286788, 0.13134102618787571, 0.10282562717178921, 0.011149915413583743, 0.23284839095041215, 0.010750256831476134, 0.068223466365825575], "deep": [0.086340493155852585, 0.030399302530391102, 0.19510882517064426, 0.018540177356742203, 0.087130607601092633, 0.029322981569014771, 0.12258742660892161, 0.10762374380488329, 0.012932591413039748, 0.2299496487273783, 0.012202325866275014, 0.067861876195764476], "standard": [0.046021362585431345, 0.079924075758529264, 0.12184622504947389, 0.022379002460677134, 0.076330067981472127, 0.057108972633901932, 0.14080859652717867, 0.13511947501163921, 0.060222665138742658, 0.1899884004527759, 0.035066095966279132, 0.035185060433898754], "standard_f": [0.043351028895125515, 0.079656066687602986, 0.12419175032952506, 0.020490373921469827, 0.076046568425156127, 0.052813685952349962, 0.13607037433576782, 0.13924400447042085, 0.058492766330226806, 0.20306928540430597, 0.032976080503649439, 0.033598014744399642], "hpss": [0.03919551658235064, 0.081721199846496256, 0.12527325508187134, 0.014387430907545981, 0.075470261928329202, 0.054949224832376381, 0.15020294085819996, 0.14257572348423134, 0.055500492484168794, 0.20056506616534864, 0.029657296921531441, 0.030501590907549982], "hpss_f": [0.038563927502853437, 0.080809715746232497, 0.12691848098566391, 0.014261653159207742, 0.076033901146004168, 0.05247001994421812, 0.14474172621173448, 0.14334303439331827, 0.055606501368325539, 0.20811048670519197, 0.02889052004385893, 0.030250032793390978]}