{"deep_f": [0.086693708951271389, 0.023988881103464772, 0.19762500438161823, 0.012906007998829445, 0.093812037074266538, 0.026542497499113495, 0.10008696516826419, 0.15254812596594935, 0.0094583038392747482, 0.19538460796413576, 0.010237871812481291, 0.0907159882413308], "deep": [0.086699103555397339, 0.025341884884393928, 0.19186641345532621, 0.013905990881104823, 0.096742060865373569, 0.026883539513956282, 0.096453987802263511, 0.15263832745356204, 0.010086819787895718, 0.19818089875328973, 0.010680138391497319, 0.090520834655939547], "standard": [0.0706161516180807, 0.051203025198418878, 0.10175761218759936, 0.022690077177750213, 0.066973310478261494, 0.045824700074529066, 0.12719268627174879, 0.15480966554191986, 0.067433688721236229, 0.16319975662096445, 0.044209462788277969, 0.084089863321213029], "standard_f": [0.070157172530549095, 0.049243568581199985, 0.10080382335216209, 0.02120517932485674, 0.066495589540022257, 0.043036323250560928, 0.12463608177898011, 0.15994111787363691, 0.067058017109254728, 0.16814322230442597, 0.042941732248482335, 0.086338172105868832], "hpss": [0.068133309366498931, 0.049162161692247047, 0.10213350268948806, 0.016414841629716348, 0.065318668197217239, 0.042031119942159162, 0.13326668079003651, 0.16233861922640844, 0.063262124930483013, 0.17054796076637035, 0.040317197992187116, 0.087073812777187676], "hpss_f": [0.068598014836748655, 0.047996154563824653, 0.10246262399735655, 0.01631907290338416, 0.065516942743620757, 0.040657557694782562, 0.13030706004119008, 0.16315183803756009, 0.063217258454251885, 0.17304691653564835, 0.0401445512260293, 0.088582008965603032]}