{"deep_f": [0.079397661161198937, 0.033477535423691702, 0.16523771912102955, 0.018995321748476405, 0.15773658358132608, 0.033032952859607903, 0.060396130556237521, 0.17418113242339939, 0.027953846927454749, 0.12276056816726642, 0.019993457996689046, 0.10683709003362216], "deep": [0.07890164994654994, 0.034627850557656888, 0.16307744764191709, 0.019899657462516408, 0.15526204186092557, 0.033887362710323145, 0.060757358111656876, 0.17316618119884103, 0.028861621802137104, 0.12322879554911736, 0.020794836679355062, 0.10753519647900352], "standard": [0.049946566788663167, 0.051974852864004314, 0.13961591893691522, 0.021614133028504949, 0.1496555034761585, 0.022923009345802291, 0.078559451040888087, 0.11005950222416758, 0.03243412017936334, 0.10252328414481082, 0.022591923453413234, 0.21810173451730849], "standard_f": [0.050128374560888776, 0.051884935405240799, 0.14194188141674688, 0.020607223112894538, 0.15044354219528253, 0.021235454057525523, 0.076800614184475646, 0.10737788515912745, 0.030640142945505572, 0.10225248847064509, 0.021176385371039153, 0.22551107312062799], "hpss": [0.038779452648995412, 0.045831661431181309, 0.14602176340516368, 0.011074607159275418, 0.1624369625558118, 0.014645782963589222, 0.078667659534769813, 0.11782637341429794, 0.026469281656302652, 0.10709776809748983, 0.011202493967707332, 0.23994619316541527], "hpss_f": [0.038943128312160645, 0.045814490921371714, 0.14663390746343177, 0.010917167353309434, 0.16181743454448561, 0.014387184645742944, 0.078258976849585243, 0.11705621427186653, 0.026219019954405093, 0.10728590453053269, 0.011109678399529565, 0.24155689275357878]}