{"deep_f": [0.051138865510263497, 0.10000669984419304, 0.11345614112675943, 0.015277225737375605, 0.16537538161642898, 0.022878568176413781, 0.063378867982255421, 0.10086100070408446, 0.027716622902106691, 0.2410036697004462, 0.011565131141029222, 0.087341825558643574], "deep": [0.050296069123647751, 0.099914433113681284, 0.11306391385488671, 0.015775854975295565, 0.16433804627374674, 0.023499129879518205, 0.064070602242888075, 0.099980380804167934, 0.029069112610697646, 0.2400029769596386, 0.012044345774706115, 0.087945134387125395], "standard": [0.07678571471919253, 0.085068318981166416, 0.10630632485751648, 0.03598062203026061, 0.094694124642604613, 0.034278475117993833, 0.063448193140330081, 0.076146882761382234, 0.082703217474775617, 0.21787778685224451, 0.042549863888567553, 0.084160475533965565], "standard_f": [0.074703826857578953, 0.086799891537278046, 0.10794519585864192, 0.034365510687663595, 0.091417920118226775, 0.031571556734872212, 0.060633293061236361, 0.07624054927211471, 0.083352117758122082, 0.22917982512417434, 0.041059885032102957, 0.082730427957988073], "hpss": [0.071020932765342909, 0.0871918343127078, 0.10757738516971244, 0.031842330020309173, 0.097023678847580619, 0.029400422557466482, 0.06229961308895833, 0.076398477945124527, 0.082961602675243523, 0.2319515166852141, 0.037196584007614837, 0.085135621924725249], "hpss_f": [0.070975974647393511, 0.088046243799144552, 0.10918509807308414, 0.031325752192106968, 0.094633041594663778, 0.02795847722562814, 0.0605161081880057, 0.075863062670724596, 0.08295548412975938, 0.23694071385167195, 0.037169506062552739, 0.084430537565264641]}