{"deep_f": [0.088181788998975857, 0.026465210679437513, 0.24570554245400106, 0.019451225929307956, 0.078844593441217012, 0.051095357554918737, 0.090948074172541041, 0.10988576958809901, 0.025149922957330845, 0.16290418533311229, 0.022732874138983512, 0.07863545475207516], "deep": [0.094014138490977561, 0.030003754646711015, 0.22522412918848886, 0.023097658595778101, 0.082085106429745078, 0.055403683767410047, 0.085959997414009545, 0.11450187093532653, 0.028177501061575138, 0.1586446589194887, 0.026497837932286494, 0.07638966261820293], "standard": [0.093942478322755527, 0.063486120292234688, 0.12798699234372718, 0.016563324483501406, 0.071930800153755955, 0.027421772155671355, 0.15052416251125786, 0.12233372555088969, 0.043035702603460353, 0.16933698046695697, 0.027301864330909874, 0.086136076784879112], "standard_f": [0.095776793778822603, 0.063341294727925226, 0.12936771984586984, 0.015938113362821513, 0.071621243428960965, 0.026270637945603404, 0.15113013886157536, 0.12183442974977553, 0.041499286944494083, 0.17017947255230942, 0.026056686997602885, 0.086984181804239086], "hpss": [0.096186119511624452, 0.065886845344346134, 0.13673415318709564, 0.0077091891839533985, 0.075764840459900284, 0.022059937091540662, 0.16674115170089027, 0.1299707172847844, 0.028879150557380315, 0.17843527201712731, 0.0099568649179751414, 0.081675758743382038], "hpss_f": [0.096775200843458684, 0.0657907325359431, 0.13699755199637828, 0.0076253128530127685, 0.07553543385666886, 0.021889642997750525, 0.16659976252927308, 0.12968419209362916, 0.028768782796552653, 0.17853680684349324, 0.0098499074301300251, 0.081946673223709757]}