{"deep_f": [0.062122719406898196, 0.027752472495995811, 0.16040961905895762, 0.015662351570234639, 0.13786482124231461, 0.025582070694375358, 0.049660746869641455, 0.21936391122464635, 0.015913624835028114, 0.12824923462287421, 0.013943654120448715, 0.14347477385858487], "deep": [0.065344457719860791, 0.028768335243904573, 0.15432470814813462, 0.017147860255013362, 0.138435726739392, 0.026254568845389511, 0.048590074876164839, 0.22130071868189044, 0.016950779605790087, 0.12788810282113244, 0.015057958379595747, 0.13993670868373159], "standard": [0.054637875126858443, 0.043589317309754808, 0.086448114788281155, 0.028692084743529148, 0.10153643076234919, 0.046602502431457728, 0.10189711732193288, 0.15501163477529636, 0.053783668214766885, 0.12907725363280093, 0.042184138190498086, 0.15653986270247441], "standard_f": [0.052872173153856492, 0.040874459863898586, 0.084088500606487357, 0.026744783732015897, 0.099445201058946137, 0.042765626641750508, 0.098450637526657128, 0.1595158601219541, 0.051682103224641424, 0.13303352871811541, 0.040543189833803603, 0.1699839355178733], "hpss": [0.046752278790699327, 0.038456263129836896, 0.084409186583779411, 0.02250547674988965, 0.10481851994822154, 0.042783093077730351, 0.10495992770409796, 0.16685482731258622, 0.049576615467942828, 0.13322826686974287, 0.03662675358260211, 0.16902879078287078], "hpss_f": [0.046712927154817459, 0.036896578261204536, 0.084019025612764364, 0.022060224984017589, 0.10318735191577942, 0.04035116539157535, 0.10136057593825647, 0.16815616210030446, 0.048954136875840881, 0.13630203304119323, 0.036319168419974519, 0.17568065030427182]}