{"deep_f": [0.038178361832190449, 0.10948920139530016, 0.084090791165928394, 0.027386762818591898, 0.17552243946945403, 0.028863957001095095, 0.10748227452748572, 0.045706458010075043, 0.071640024801861865, 0.17731149431214155, 0.02118257917155256, 0.11314565549432333], "deep": [0.050385714206391104, 0.1020146330703957, 0.094686036836233958, 0.03407631822890287, 0.1508357947868765, 0.040400671418010084, 0.10220060909060283, 0.056627114105798154, 0.067372955236835383, 0.1681598388785184, 0.02880981827031481, 0.10443049587112022], "standard": [0.038683739106211271, 0.098753923032329619, 0.11375102657674493, 0.040657514441319292, 0.13078408571401406, 0.038096550339255159, 0.087427957209210774, 0.024334278701674913, 0.080605900849671563, 0.19493395367538421, 0.0467786555955544, 0.10519241475862967], "standard_f": [0.037320199802380917, 0.10047701588115718, 0.11668792762944569, 0.040596148421827356, 0.13102652786649227, 0.037206402351695297, 0.085629986385294177, 0.023185412873939996, 0.079912880424159463, 0.19621901820815899, 0.045998240297006554, 0.10574023985844221], "hpss": [0.0262990690772546, 0.10458257942204827, 0.10974561606678378, 0.025810626048934221, 0.14333674399717478, 0.032770873680044603, 0.091925757883926873, 0.019658737889346304, 0.082011467507152144, 0.21601512462688985, 0.039933510794793223, 0.10790989300565137], "hpss_f": [0.026164078613471441, 0.10508054469261728, 0.11066959553035975, 0.025794516938125119, 0.14308062855064291, 0.032636258189770326, 0.090972369232998562, 0.019381418635237572, 0.082013431246555898, 0.21623873125400012, 0.03981587096255574, 0.10815255615366538]}