{"deep_f": [0.047651007266854062, 0.029112800879501632, 0.26203299032884442, 0.014994774359663177, 0.088853264384311598, 0.033880474903661181, 0.11490111544522602, 0.090492736510404806, 0.023185273174752819, 0.16619869123404638, 0.017565962477623064, 0.11113090903511082], "deep": [0.053128234040360017, 0.031314794823589273, 0.24819191767766727, 0.017017369159472894, 0.091239897374501111, 0.035792967894021095, 0.11241691478017066, 0.092048094677167611, 0.024745134678876984, 0.167783469172853, 0.018837732931219847, 0.10748347279010025], "standard": [0.035262295817364508, 0.058177475921641839, 0.11305003788031848, 0.020024468365364215, 0.0995998786917935, 0.035489595515944508, 0.21415066442037806, 0.095048739396128068, 0.034701858757645983, 0.17811319740233983, 0.022762363650032195, 0.093619424181048946], "standard_f": [0.034632700008060506, 0.058124459891066925, 0.11299837901824053, 0.018995094403670774, 0.10012264152824039, 0.033782838265838118, 0.21635429192875513, 0.095038311028883687, 0.033191302021291148, 0.17995758610570886, 0.021717873453005593, 0.095084522347238409], "hpss": [0.023328059537445735, 0.056027845429420624, 0.11907280051332773, 0.0087212430022709751, 0.1038728176795487, 0.025142819036113671, 0.24064323423436518, 0.096964037836917982, 0.021711968579532084, 0.19496425044534685, 0.010451790599916619, 0.099099133105793935], "hpss_f": [0.023303025848282057, 0.055954943957294792, 0.11868844829515711, 0.0085798205247045855, 0.10377950007015407, 0.024898290135569903, 0.24090817576167875, 0.096907017535564383, 0.021571203841093591, 0.19555534072164277, 0.010351094438033415, 0.099503138870824473]}