{"deep_f": [0.11432635690137756, 0.043998153316324055, 0.11235331014652554, 0.018295480611479484, 0.15619925368180804, 0.030504585276911377, 0.059800608771115683, 0.11390271405844209, 0.016382088619566953, 0.26208793544658959, 0.013078412260060306, 0.0590711009097993], "deep": [0.10895584931400856, 0.045323978796010828, 0.11359466536850016, 0.020024847116596828, 0.15346792922263619, 0.031556895440578596, 0.062038808791857018, 0.11625096346583838, 0.019007307172377797, 0.25182495178204461, 0.015034936299185873, 0.062918867230365161], "standard": [0.085240819203373064, 0.063981392285812191, 0.10126274861385669, 0.027576208816009768, 0.11189423455047534, 0.051225481082019471, 0.10858114398398216, 0.10674783232152643, 0.057675855731243092, 0.18810082610585596, 0.038288058218852825, 0.059425399086992861], "standard_f": [0.083083486659264877, 0.064194247066106921, 0.10178874480691033, 0.025168121406438114, 0.1097268495778036, 0.049461330990663695, 0.11012514286514899, 0.10970262367754696, 0.055346174110180779, 0.19733655062455477, 0.036697143708107956, 0.057369584507273079], "hpss": [0.081742622384947589, 0.06409277371656702, 0.10095883232261314, 0.020826911410062623, 0.11856824712693317, 0.04860567490605662, 0.11363089526815212, 0.10997331709491621, 0.052521093545473831, 0.19950411882223387, 0.032238198659250518, 0.057337314742793223], "hpss_f": [0.081150907631068928, 0.064378215925297896, 0.10235442079382676, 0.020352846090715561, 0.11668058542314651, 0.047915767693646208, 0.11369416128196042, 0.11018325395379376, 0.051616475965743577, 0.20278158199123836, 0.032220957781670043, 0.056670825467891886]}