{"deep_f": [0.080347900345596732, 0.020344811002050708, 0.1918634286456129, 0.0069712387732697063, 0.12743467601573366, 0.027070333679117854, 0.049370236848911689, 0.20380761152778321, 0.0074672486913374414, 0.13885799352508266, 0.0073287749596203031, 0.13913574598588321], "deep": [0.083683880414568354, 0.02077598486489585, 0.18913221792809126, 0.0072519331613941918, 0.12897959656468319, 0.027391814516391375, 0.050055295017039148, 0.20056915588514765, 0.0076966489796515157, 0.14327602290033359, 0.007560906862295224, 0.13362654290550863], "standard": [0.068293662192544985, 0.064872647303973019, 0.10172508529734288, 0.030133002886509795, 0.10752265074161796, 0.036027033842426164, 0.13082065203185445, 0.1448276925462221, 0.052317240146209129, 0.12052449315168465, 0.03643395834487842, 0.10650188151473659], "standard_f": [0.072542489754078204, 0.063307355987456376, 0.10408736711379604, 0.030221196231541615, 0.10935922756979252, 0.031733209957508855, 0.12375516644787105, 0.15070986735294306, 0.048795711356133663, 0.12574296054122028, 0.031874279625660674, 0.1078711680619976], "hpss": [0.066572595594137821, 0.064986465715057812, 0.10189740840723271, 0.027517280894493026, 0.10921608401631878, 0.032835617602206206, 0.13451859885004075, 0.14974239984286256, 0.048906948662428604, 0.12093316956993939, 0.033207570795097362, 0.10966586005018489], "hpss_f": [0.071160115909554345, 0.062815567933645344, 0.10418816436012621, 0.028397819194547806, 0.1099107737580676, 0.029719166973930858, 0.12601556649308512, 0.15438205265430255, 0.046939970564944936, 0.12580452594374861, 0.02976078352373239, 0.11090549269031424]}