{"deep_f": [0.039780505116648303, 0.033548936932204308, 0.14014921321531437, 0.0088894821630297154, 0.18791300516723042, 0.014418547089421314, 0.055006009034550434, 0.19324860309417458, 0.01924638390720991, 0.11227991914164917, 0.0062536838965209993, 0.18926571124204652], "deep": [0.040337221067711239, 0.034176879317506244, 0.13836789443682954, 0.0092150050293846077, 0.18765918151018146, 0.014612495022854303, 0.055759752787852085, 0.19179056396366481, 0.019114372235515431, 0.11499207493530933, 0.0063906181887507874, 0.18758394150444019], "standard": [0.046621040311714879, 0.056177516381483536, 0.084320265017633594, 0.050047164827643757, 0.12343870527880935, 0.033840619125527986, 0.14026165216480424, 0.1077039404538097, 0.063592530473263006, 0.10591387779821841, 0.036460239965158472, 0.15162244820193282], "standard_f": [0.045799817468679324, 0.055165358766678198, 0.083230206476833588, 0.052475130925811089, 0.12594165254095221, 0.02987120814008808, 0.13672472961588608, 0.11094608891678895, 0.061140359292901743, 0.10889724668605603, 0.032864527208442483, 0.15694367396088216], "hpss": [0.043100339014522794, 0.055484019771413269, 0.083653414289089928, 0.048840206245678711, 0.12647755491315268, 0.030177861826955612, 0.14350409814854925, 0.10940511068643158, 0.062099204604464858, 0.10632509939856478, 0.033342564500957392, 0.15759052660021919], "hpss_f": [0.04404103331003318, 0.054297804704879354, 0.082697738930176956, 0.051496971090607191, 0.12694482319633432, 0.027599408062082432, 0.13865422836829813, 0.11242025208257575, 0.060374283442486479, 0.10923262544105208, 0.031126658082684285, 0.16111417328878985]}