{"deep_f": [0.045005028393404888, 0.11469670924130888, 0.10050992189675743, 0.021904722570496755, 0.13845262649848514, 0.029666267428879917, 0.13411914778750469, 0.043274716555286537, 0.035851271014770952, 0.23267325672042033, 0.018905122916945745, 0.08494120897573873], "deep": [0.047446557822854708, 0.10937793849512688, 0.10425522766430842, 0.02375170784045591, 0.13541041172784204, 0.03232561828755913, 0.13157199330200928, 0.046891201892670188, 0.037679746963208131, 0.22378448488476371, 0.020868537183441598, 0.086636573935760006], "standard": [0.059380845338005792, 0.20038211812648321, 0.086251101520221723, 0.020936968205989778, 0.15552216404581873, 0.021803998498300461, 0.13974108448408532, 0.016278861392870103, 0.031959977515449753, 0.12782055877112103, 0.019646291026551171, 0.12027603107510308], "standard_f": [0.057850313479455892, 0.20309709800191428, 0.08716350350880335, 0.020466340053485636, 0.15667949515499807, 0.020326475332272092, 0.14190082689109007, 0.01481250540371502, 0.029915447581391454, 0.12797733601861686, 0.018108419097977169, 0.12170223947628013], "hpss": [0.047073067647781276, 0.22748010964388668, 0.086182683494870044, 0.0093054071920575521, 0.17295744332622223, 0.010427118113223407, 0.15275311193656188, 0.0053789297176235198, 0.017975385128143773, 0.13494595496497319, 0.0081312544778911373, 0.12738953435676539], "hpss_f": [0.047018357645165494, 0.22764819586301452, 0.086404659750278348, 0.0092167816108989411, 0.17260090292023003, 0.010258199865359112, 0.15290900109161631, 0.0053245334545738683, 0.017862131846091495, 0.13505086923821424, 0.0080611765688260468, 0.12764519014573139]}