{"deep_f": [0.11261991060608867, 0.026946918818633848, 0.18254953870725077, 0.02145149160134506, 0.1007922026245324, 0.042336651890403039, 0.065440383544602646, 0.18188780788791331, 0.021346633922841876, 0.15000127178944983, 0.022998970071761944, 0.071628218535176535], "deep": [0.11766337981030152, 0.028585237723440068, 0.17243851736152446, 0.023086957277279808, 0.10456885559090699, 0.044277022944109193, 0.06331698279414813, 0.17876971512724751, 0.023560956458650285, 0.1488861817999268, 0.024225051443076445, 0.070621141669388807], "standard": [0.071776081562913513, 0.032572943150690974, 0.12414980896139097, 0.017933420061416464, 0.098522961385325639, 0.026719039616530705, 0.1140125865286704, 0.19406339963682998, 0.04783465038808269, 0.12229579880043746, 0.025975076219208464, 0.12414423368850276], "standard_f": [0.072314127370987427, 0.032119460707496564, 0.12595475532938952, 0.017122542164682807, 0.099908512504609498, 0.025333771770724996, 0.11309835264496529, 0.19515545400271536, 0.046456965299113841, 0.12281298509604718, 0.024086752095710817, 0.12563632101355671], "hpss": [0.069151806038225849, 0.025126092462402844, 0.13156196548462895, 0.0089904611388790332, 0.10580335485366237, 0.020239368895591227, 0.11974585046190303, 0.21483882044508951, 0.040373139934761174, 0.12607272605121733, 0.0095319384704857218, 0.12856447576315294], "hpss_f": [0.069497577884491291, 0.024970307317985559, 0.1318005706252583, 0.0088756025731436018, 0.1057526985367194, 0.020000727248582893, 0.11913063098811266, 0.21462932570222945, 0.040287573749240843, 0.12650798192922763, 0.0094113684481763223, 0.12913563499683195]}