{"deep_f": [0.11956608501764429, 0.0081732689591603146, 0.17804540632128751, 0.048826421365399789, 0.023541691136632559, 0.18554787603782141, 0.0084872049205071982, 0.16205805821982508, 0.013984260215572204, 0.062148971558999407, 0.17095698794608905, 0.018663768301061218], "deep": [0.1227371747325168, 0.0084900314200277074, 0.17399156030765928, 0.050570041834702463, 0.024370757345641047, 0.18244813788023434, 0.0087807257139972707, 0.16498802435422666, 0.014225112522315642, 0.062263163558823581, 0.16834393394454689, 0.018791336385308319], "standard": [0.09719297965254306, 0.024131696401062934, 0.15965205308970082, 0.017381851375135222, 0.04832484875782124, 0.092111982114548796, 0.050559088712395922, 0.1384493873367553, 0.031543042207027784, 0.17066307225985464, 0.10332007817359179, 0.066669919919562587], "standard_f": [0.094292722233937601, 0.022115093104363329, 0.16604336051246293, 0.015441737704555869, 0.045112464740386361, 0.089083935144036702, 0.051135598013457767, 0.14193377136387805, 0.028879624284326506, 0.17187940402597315, 0.10896926558328421, 0.065113023289337366], "hpss": [0.097636581252494303, 0.020689082353114268, 0.16517259165524745, 0.013335256397470246, 0.045979824629427485, 0.094907007587405778, 0.048574128943081427, 0.1442866057804085, 0.025671895946604052, 0.17499688063643806, 0.10465679496295063, 0.064093349855357765], "hpss_f": [0.095503441864353611, 0.019694421352632281, 0.16903265611909926, 0.012514421927424467, 0.04392323976398977, 0.091689352096744628, 0.049364616282432237, 0.14596620676360392, 0.024983503641115498, 0.17416976891206853, 0.10993235507719182, 0.063226016199343787]}