{"deep_f": [0.1606806763491124, 0.027838744389992221, 0.10039337415470388, 0.02002628562973266, 0.14317948238090797, 0.038209400649707979, 0.033542761651609965, 0.17548505264576139, 0.011883260568181675, 0.20675093538678224, 0.012829896815295103, 0.069180129378212316], "deep": [0.15759340417356152, 0.028939445060308371, 0.10285117001622456, 0.020789884385637308, 0.13992133368814272, 0.03907974997354733, 0.035865035542887613, 0.17262567426607647, 0.013126588848453481, 0.20812678556040581, 0.013840032531069872, 0.067240895953684945], "standard": [0.073196339558882481, 0.0336769433007751, 0.080862488313480557, 0.020240409735101404, 0.084241934611035074, 0.024837306711322272, 0.063716484823529915, 0.15044074509281555, 0.054699649619802324, 0.26027892702389616, 0.041849358220883995, 0.11195941298847506], "standard_f": [0.070289895476322986, 0.033237218427500256, 0.079723111335489996, 0.018117397069952305, 0.081463577105194834, 0.022704735381788667, 0.062478356168160935, 0.15158189540489544, 0.051922526046257793, 0.27502465996209435, 0.040279615030666127, 0.11317701259167637], "hpss": [0.068428819332225027, 0.029425505571084146, 0.080054000169704445, 0.013545170107807411, 0.087188550914499133, 0.018981567933619044, 0.061423832779878049, 0.16114221218730085, 0.049229621969303153, 0.28155693790648606, 0.034591612267904338, 0.1144321688601883], "hpss_f": [0.067324560814414083, 0.029426912776278697, 0.079711782128755432, 0.013067576535382994, 0.085022671357486396, 0.018236347819639648, 0.061091895186512486, 0.16060017067232149, 0.048644621814106476, 0.28708031950464807, 0.034563893774080895, 0.11522924761637328]}