{"deep_f": [0.12070947187289545, 0.027158389679000337, 0.17300364564399953, 0.026190014942106873, 0.095457662426457687, 0.056520958517363454, 0.04628189977369912, 0.20644790172372385, 0.02681574308641247, 0.10819968470164945, 0.031302848926593921, 0.081911778706097699], "deep": [0.1204930135132229, 0.031542445334590469, 0.16428736319831969, 0.029346771561696308, 0.098536162506685648, 0.058142286222245966, 0.051689473730504087, 0.1881189562123915, 0.031388209555862231, 0.11230041936238204, 0.033771941261683536, 0.080382957540415634], "standard": [0.13484457825184176, 0.04483756793835688, 0.13968754846119566, 0.026271940796802586, 0.066212317271177046, 0.011448026075771792, 0.047360318300276781, 0.11388630699979224, 0.062448382972769417, 0.100445544918161, 0.030507753317330397, 0.22204971469652451], "standard_f": [0.13643975144413606, 0.044682536177840085, 0.14117672025509784, 0.0255600169163465, 0.064726296705209435, 0.010335263670660511, 0.046917192945155062, 0.11234141330349218, 0.061106188047650757, 0.10032735803113997, 0.028617521473806418, 0.22776974102946512], "hpss": [0.13739636966160879, 0.039081462341677142, 0.15002799519132493, 0.017431811520440391, 0.069413170171265609, 0.0042589421193472204, 0.044391853437679839, 0.12364755133826059, 0.059545054844762385, 0.099407157173418637, 0.010765206353084136, 0.24463342584713044], "hpss_f": [0.13773277670623191, 0.039042689619952026, 0.15019011341170896, 0.017409228108128501, 0.068614214697548359, 0.0041507819829805217, 0.044376115262435158, 0.122878707350109, 0.059272383463814804, 0.09937098835376304, 0.010670942345207679, 0.24629105869811996]}