{"deep_f": [0.02153763757670998, 0.052466615161772825, 0.14704461160705207, 0.020508304679781448, 0.17208630726541921, 0.015728329328934355, 0.094894419670322097, 0.084409013392832674, 0.039796313414561704, 0.11092176645180439, 0.012622895437130131, 0.22798378601367916], "deep": [0.023825343379870148, 0.053918411785580482, 0.14580412050395739, 0.021341988928025933, 0.17224082419639883, 0.017545388697875693, 0.09547730956671481, 0.082744836912814909, 0.041270700367112265, 0.11377136799137216, 0.014173834043447166, 0.21788587362683021], "standard": [0.042089423060660866, 0.059643341934194689, 0.09575040940328397, 0.026547374284398403, 0.14238517469299009, 0.059613452136025535, 0.21431528788381754, 0.089863414957828444, 0.053574715073628744, 0.071810206015691797, 0.025110381523714698, 0.11929681903376528], "standard_f": [0.039994412181590513, 0.05880773143621687, 0.093797236288081509, 0.024642929197699226, 0.14483764744999589, 0.057459478546916631, 0.21981721307124663, 0.089757116345330373, 0.051811246005511305, 0.071867899378848049, 0.024341253112582423, 0.12286583698598054], "hpss": [0.03447165684872424, 0.0600713277987487, 0.09660656623737697, 0.018611976075947473, 0.14928429283690708, 0.054480512794491252, 0.2333519249843459, 0.090276744083697222, 0.045754108200560077, 0.070657968248821479, 0.019059203095875485, 0.12737371879450429], "hpss_f": [0.034196831579644288, 0.059632654134361793, 0.096104320843947363, 0.018502610883292171, 0.14944182933060229, 0.054743944587237012, 0.23475863957961191, 0.090330126177256775, 0.045288674313870882, 0.070492517176158356, 0.018945365870655193, 0.127562485523362]}