{"deep_f": [0.11123965568456692, 0.022023562394347548, 0.20092303371568138, 0.02340277706128803, 0.079448959289040499, 0.061650135774658513, 0.040142483913283233, 0.23180020992177411, 0.02144996031605078, 0.10209078813992525, 0.031946483093066476, 0.073881950696317228], "deep": [0.11093578872303644, 0.030995907507437928, 0.1798119262507348, 0.029041647648957513, 0.088437935840768547, 0.062662687376483769, 0.051135435152229826, 0.1948548904952275, 0.030445234847169485, 0.11170432652604498, 0.035125670587663971, 0.074848549044245247], "standard": [0.099014509448525773, 0.027785623980823095, 0.14416447405327354, 0.022604206184406745, 0.056806711743225637, 0.012828555705590558, 0.069584923791915512, 0.16665214803109721, 0.086198204433660705, 0.13079989291178459, 0.031266943967867028, 0.15229380574782969], "standard_f": [0.10236663520052572, 0.027118336252055512, 0.14703487993861514, 0.021322490208075147, 0.055332212204286732, 0.011523388084771933, 0.068390855180025717, 0.16327803083349726, 0.084050222945447131, 0.13288076265887883, 0.029148136024900802, 0.15755405046892018], "hpss": [0.1013317208436369, 0.018685501328707884, 0.15862785431769522, 0.01313990612140325, 0.056604129871975661, 0.0047495185489288654, 0.068197273205298004, 0.18457526292360002, 0.080200324277865526, 0.13382178297215475, 0.012724231742352011, 0.16734249384638181], "hpss_f": [0.10244680967931863, 0.018563019546506573, 0.15917003224054235, 0.01306082196575639, 0.056187259250589247, 0.0046521064741109281, 0.06791377753987729, 0.18281653311906584, 0.07948269362120329, 0.13391513740508459, 0.01253903831348425, 0.16925277084446053]}