{"deep_f": [0.093376035547275998, 0.0304261804565727, 0.093668940634673889, 0.012639644917162737, 0.21765255726757368, 0.016756109648697757, 0.040751515955572706, 0.21462037105153645, 0.015419460135195028, 0.13923672940823559, 0.010225744509148321, 0.11522671046835509], "deep": [0.09327151078401319, 0.031140126373958299, 0.093342884910509114, 0.013186674455590344, 0.21526554640943074, 0.017391445139273511, 0.040321756447068403, 0.21389170768158597, 0.015630287193307411, 0.1425692251087356, 0.010617415101153278, 0.11337142039537415], "standard": [0.067370399210138751, 0.041041051401560072, 0.068918244296565817, 0.025174044896365627, 0.11520313967509212, 0.058789483463025038, 0.10020520302581848, 0.16124369775074976, 0.066626352498838678, 0.11592435149329039, 0.050030215486034972, 0.12947381680252018], "standard_f": [0.067950307480254088, 0.039315021319452012, 0.067483466474896323, 0.023883590887929265, 0.11035167168848221, 0.053304579131960565, 0.095397403233552391, 0.16800909292435054, 0.066912947089217106, 0.12349961010972893, 0.04960530274507436, 0.1342870069151022], "hpss": [0.060825749071450365, 0.035937004692919737, 0.064816938310283206, 0.019314613932480594, 0.12065889284400927, 0.056509441604256076, 0.10200638466590993, 0.1712351963181013, 0.066308071239020064, 0.11742771250200028, 0.04689061726177652, 0.13806937755779269], "hpss_f": [0.061963525250050805, 0.034959324338273028, 0.064672689780961176, 0.019221908842808107, 0.11710609406601244, 0.053735429301910789, 0.098355310422375469, 0.17359188267814479, 0.0668001972728723, 0.12212531997306174, 0.04706297280015681, 0.14040534527337256]}