{"deep_f": [0.075344110269804726, 0.027069715574244656, 0.15383327395525978, 0.014158003861891168, 0.14079817327835265, 0.025813251010646229, 0.038388362300541268, 0.23762208316757494, 0.011427894711609668, 0.13700563550410752, 0.014133386657982859, 0.1244061097079846], "deep": [0.076274134168340085, 0.028113351134666099, 0.15296889265601271, 0.01502036015956142, 0.13928908234524751, 0.026967491825191051, 0.039746152761737555, 0.23286787163220068, 0.012240223681249929, 0.14185661071676925, 0.014890230784857499, 0.11976559813416619], "standard": [0.045204751026890859, 0.036885054133367921, 0.10401049755310438, 0.025109400266305724, 0.091222705895358372, 0.034318483266953956, 0.088863725207328811, 0.22007727952087017, 0.067770672121851866, 0.15699282411232512, 0.035512079487757496, 0.094032527407885355], "standard_f": [0.042677694434873105, 0.035638118100586591, 0.10273825296431001, 0.023019002378332917, 0.087240328493026015, 0.031642157425525778, 0.087179290007283167, 0.22928843892735398, 0.066789836970203159, 0.16458180100011499, 0.033878239860323622, 0.09532683943806676], "hpss": [0.038477888605865318, 0.032654455002465166, 0.10559449774070095, 0.018566516935209609, 0.093916240996471265, 0.02860876763847689, 0.088922335334787841, 0.23882434512588938, 0.064833817772319516, 0.1635449614820903, 0.029138108960048974, 0.096918064405674756], "hpss_f": [0.037672704380682653, 0.032088944692014697, 0.10497606621009123, 0.018072770683713449, 0.091579443323013723, 0.028035862496970706, 0.088279913969767601, 0.24185684329360482, 0.064484538519216414, 0.16677947673822355, 0.028849242799037316, 0.097324192893663827]}