{"deep_f": [0.020068955598031339, 0.026666771387749935, 0.24545821438377508, 0.008254065721457985, 0.067108465063342823, 0.0082043237031902382, 0.22747282573964148, 0.041495485812245353, 0.010982899099559284, 0.21028702371240923, 0.0046205748584049579, 0.12938039492019227], "deep": [0.020514429153314612, 0.027736157509239998, 0.24026865822845514, 0.0090038344282687994, 0.070817422052499426, 0.0085001855359924834, 0.22416099863460329, 0.043099661781743022, 0.011942367097260874, 0.20590688722402914, 0.005064155489096004, 0.13298524286549721], "standard": [0.025625250222478111, 0.095618876893589319, 0.087521823027733064, 0.034715016125279108, 0.12033224982788571, 0.036827008857714616, 0.24000067496215052, 0.044926784283697702, 0.03503878218740044, 0.16280781523500662, 0.042304415975050309, 0.074281302402014568], "standard_f": [0.021081545496792916, 0.096383710598505923, 0.089956550487007694, 0.033475429415497415, 0.11933936330547998, 0.033441849292290694, 0.25017376081697568, 0.043811138345205017, 0.029932580344422203, 0.1678126576987149, 0.041012628965208769, 0.073578785233898616], "hpss": [0.017890242775295124, 0.099569025896065144, 0.087324607129826273, 0.030570373197721337, 0.12387446626191483, 0.031153447734574288, 0.26009522622024633, 0.03833379277196753, 0.027161969297299936, 0.16918606851066081, 0.038697096343998878, 0.076143683860429481], "hpss_f": [0.016455957382770944, 0.098390434784793951, 0.0887026402671416, 0.030983736099635246, 0.12269359515930177, 0.029897102669625322, 0.261756814820156, 0.03892138402524889, 0.025558986140766338, 0.17216081736088498, 0.038369342885973594, 0.076109188403701192]}