{"deep_f": [0.026562778732025234, 0.02813133939179735, 0.29915613557186244, 0.010451379003403791, 0.089155503895323757, 0.025341825718049035, 0.13819994075508826, 0.057135076828670028, 0.023283262385155455, 0.17661084093653587, 0.013012474976377347, 0.11295944180571148], "deep": [0.030369896856093221, 0.033149272080409395, 0.27614894128280987, 0.013108772994194513, 0.098981831139743057, 0.027661176388521114, 0.13079794745381307, 0.059847306704602553, 0.027129275279271194, 0.17484627060257646, 0.015203517497301347, 0.11275579172066416], "standard": [0.027860819009571946, 0.076886215820767073, 0.29426327561157678, 0.04032836129477272, 0.092437717329462488, 0.0420326212097182, 0.16376039910187584, 0.053055718594069767, 0.030419865512864502, 0.10141437365172129, 0.016031262664131397, 0.061509370199467957], "standard_f": [0.027120757595242472, 0.077612292387771176, 0.30277492262827632, 0.038835436352765346, 0.091947670722188304, 0.038852910696571895, 0.16303061366384122, 0.051185016476081376, 0.028709847306720986, 0.10146368691434314, 0.015136392159101966, 0.063330453097095729], "hpss": [0.018333637858022622, 0.077492076101838739, 0.32606258409083988, 0.028689322641315976, 0.086737312220198121, 0.030443262029152481, 0.17738876360875341, 0.052821474009677842, 0.023703087044509227, 0.10725212783630883, 0.0091669381792947174, 0.061909414380088033], "hpss_f": [0.018297192632431781, 0.077607497610517259, 0.32801468593756805, 0.028735978712900536, 0.086472550289503888, 0.03031323883055935, 0.17647010901572754, 0.052254846102688893, 0.023315512449822665, 0.10711737807865507, 0.009066109033761878, 0.062334901305862944]}