{"deep_f": [0.073225864134303986, 0.034313079684359024, 0.24605032482172867, 0.017052208662407774, 0.086417986753947629, 0.036516107011692764, 0.12369252393026793, 0.076132987997778387, 0.025453812773615542, 0.16925698037927883, 0.019199893746672872, 0.092688230103946487], "deep": [0.080049853127820134, 0.037501028920300709, 0.23055189184342595, 0.019176193912974385, 0.090915586993218014, 0.039552331302773254, 0.11620519868379221, 0.080263524666094835, 0.027852890035254652, 0.16702035431757473, 0.021255069426031736, 0.08965607677073939], "standard": [0.098587258087091109, 0.10488725894574165, 0.24853687077295261, 0.027130101123893406, 0.092528278797341781, 0.020953775798110749, 0.10729548876076087, 0.035387316371556142, 0.026199124141207362, 0.11488535360155375, 0.018553711977180355, 0.10505546162261012], "standard_f": [0.098812409365463566, 0.10559576656181605, 0.25324337636151689, 0.025992197054153249, 0.092710443471780257, 0.019185734938442722, 0.10593707075568835, 0.034154384871205971, 0.025021826275975493, 0.11560760843998742, 0.017479139414021634, 0.10626004248994848], "hpss": [0.095442376550908592, 0.10861742048474231, 0.27233575091944912, 0.014139383123505617, 0.095066019863439877, 0.013710640821461392, 0.11676999848033236, 0.030459555355166305, 0.014685308633975522, 0.12128972481627336, 0.0084161631257470906, 0.10906765782499839], "hpss_f": [0.095404135885465396, 0.10875313621224413, 0.27303004441722273, 0.014071428098938403, 0.094916465387234999, 0.013536232468701207, 0.11621591413637206, 0.030336322163186553, 0.014602947400962041, 0.12143141336212242, 0.00830848853299547, 0.10939347193455459]}