{"deep_f": [0.037640642827538741, 0.024271829380105664, 0.18415456066589656, 0.012768914914398638, 0.12402243279897193, 0.028461660002533959, 0.043046755113970929, 0.21450640911297911, 0.014405973053635772, 0.10669258225411583, 0.010624754472909247, 0.19940348540294356], "deep": [0.040620666102251415, 0.025501262617685466, 0.17985830874058825, 0.013844621500551449, 0.12597924025213605, 0.028616926762044553, 0.044379568366822712, 0.21151508273664152, 0.015484244125712037, 0.10970092002430963, 0.011618216327074049, 0.19288094244418288], "standard": [0.061181445342813189, 0.037831836724648064, 0.12098515781399101, 0.036464063625713847, 0.1088832774210151, 0.042428522928454671, 0.088358700242450794, 0.14469194610063019, 0.042940826172779507, 0.11117029860266478, 0.04901966093399681, 0.15604426409084196], "standard_f": [0.060441666202378341, 0.036549132641443487, 0.11989386489136383, 0.034893290188467221, 0.10529654830466133, 0.040318061981505809, 0.087313209145197204, 0.15022951077568092, 0.041701812090979812, 0.11266526297866998, 0.048531389922917001, 0.16216625087673511], "hpss": [0.054417186215005055, 0.032918583382264562, 0.12477947382530913, 0.031158894336730872, 0.11281592648189795, 0.036852124273589859, 0.08886294382645063, 0.15383934440466773, 0.03706013130807484, 0.11353391455609219, 0.045601058973849938, 0.16816041841606708], "hpss_f": [0.054648256674750956, 0.032517965110019649, 0.12466954806939537, 0.030801130076663324, 0.11009731772688781, 0.036310171567505857, 0.088176777200876022, 0.15555197565627954, 0.03702176144674392, 0.11452627717616395, 0.045683014384913345, 0.16999580490980026]}