{"deep_f": [0.073409154580903427, 0.02407163354293838, 0.18369617414074721, 0.016895769019985473, 0.10735790228557297, 0.039277799610027073, 0.045742819328268208, 0.21328942895525846, 0.015746872811652095, 0.12783647477757867, 0.016633847307500328, 0.13604212363956764], "deep": [0.076851700995080111, 0.026072505400130473, 0.1778589588537762, 0.018704427655030671, 0.1108300393494123, 0.039456594683361115, 0.048249816071081489, 0.20773172629488854, 0.018282425118755462, 0.12900597398769348, 0.018274642295027496, 0.12868118929576267], "standard": [0.076835907460956185, 0.045649711196355795, 0.1360782318249659, 0.028696919305136057, 0.08097758692872202, 0.059109527346435944, 0.13405316006260823, 0.16606282060214933, 0.046181406616554684, 0.094555893905568775, 0.030719980134100315, 0.10107885461644665], "standard_f": [0.074537859558455266, 0.04414528225737864, 0.13813411571327927, 0.026799697459927271, 0.076851932555238076, 0.05820879462647624, 0.13597113422204193, 0.17293351431947504, 0.044279542223697489, 0.095478616476650888, 0.029440938322302865, 0.10321857226507705], "hpss": [0.073251341455757749, 0.04121705337910616, 0.14136550441770135, 0.022277135407451604, 0.081663658691986094, 0.056245562064611648, 0.1418863491059815, 0.17708100729876994, 0.040059688995206746, 0.094025569274076085, 0.025360180448567488, 0.10556694946078352], "hpss_f": [0.072454242705132205, 0.040917530280628327, 0.14228421798884314, 0.021918411648511056, 0.079602769968980164, 0.056109142045230126, 0.1424944942673789, 0.1786210966316383, 0.039815584513833227, 0.094458070986763135, 0.025314145103117195, 0.10601029385994407]}