{"deep_f": [0.21119639463174844, 0.014328305207555549, 0.12741665056218152, 0.021142968496411976, 0.098370108764203032, 0.076008354725277713, 0.023043831199768477, 0.20866678906618241, 0.012741194882288382, 0.14482630903199589, 0.021496453308519958, 0.040762640123866718], "deep": [0.20620047608540065, 0.015403271053376903, 0.1293925157108344, 0.021859769891346647, 0.097985915360447554, 0.074968577487957155, 0.024465964260100583, 0.21016697739677323, 0.014034480037801351, 0.14062291664998885, 0.022498607350110372, 0.0424005287158623], "standard": [0.1381289196041835, 0.044543875293312843, 0.14880527604607274, 0.026427811010362491, 0.08891198866507477, 0.054491399196842115, 0.055778804400236803, 0.1716957899847143, 0.073031112898009676, 0.12171144433901186, 0.026753842657764353, 0.049719735904414593], "standard_f": [0.13784498493040237, 0.043405465584376385, 0.15012665387920676, 0.024910423067370593, 0.089941308647937798, 0.053152383084627296, 0.054352920113907167, 0.17588417424189251, 0.072614469220557115, 0.1232528338851903, 0.02528716206646572, 0.049227221278065884], "hpss": [0.14557671860034854, 0.040985106772226713, 0.1568752912247583, 0.020343148168130112, 0.089573145823762551, 0.048422353352228567, 0.049504949596511416, 0.18559635950290043, 0.070913974824610537, 0.12610541672188583, 0.0192904939927852, 0.046813041419851771], "hpss_f": [0.1447868970021253, 0.040823111789749872, 0.15647240292160097, 0.020224060307151438, 0.090465534759607905, 0.048885072601426459, 0.049758959939635493, 0.18605730482394905, 0.070884039610649471, 0.1256403114488388, 0.019033175014165599, 0.046969129781099454]}