{"deep_f": [0.1649162734910162, 0.026536241493709881, 0.12023657562745735, 0.018199900736573946, 0.11557650800900129, 0.064536614478549761, 0.038526078190309974, 0.11713972613737544, 0.01281143138296291, 0.25866973834988422, 0.013422183326234176, 0.049428728776924835], "deep": [0.16109645032513256, 0.027308659830875794, 0.12075680185237267, 0.018374582439789157, 0.11668584125535807, 0.062744121988803109, 0.039246228883582278, 0.11935408920504664, 0.013272721345747994, 0.25695280087968003, 0.01374500851272094, 0.050462693480890712], "standard": [0.098414844369693846, 0.043177615245732028, 0.14937683236307175, 0.032325569584327765, 0.12585555644790761, 0.022523045205842539, 0.031419821251086485, 0.085246770069218006, 0.046039274174811871, 0.26887708817992306, 0.036377336900794567, 0.060366246207590506], "standard_f": [0.095683453239088459, 0.042575995380045521, 0.15017967736465754, 0.029095630462574653, 0.12233529533014963, 0.019535809918585445, 0.028714753095967566, 0.08553756407832562, 0.044268199238114918, 0.28973587647957333, 0.034964611675722047, 0.057373133737195305], "hpss": [0.098480460797403815, 0.038717441932390108, 0.15659556464521604, 0.024927365103043837, 0.13348181605123752, 0.014209730125165227, 0.023516834386032234, 0.087099710380943274, 0.039517245502240061, 0.29276924593218667, 0.030945435066984432, 0.059739150077156959], "hpss_f": [0.096319060560432504, 0.038567989379234224, 0.15738856572314205, 0.024322649246328487, 0.13037901508708538, 0.013547562308278995, 0.023302006665892789, 0.087513176345055177, 0.039277554129632505, 0.29974552914172548, 0.031125679994914765, 0.058511211418277601]}