{"deep_f": [0.10894512193688564, 0.02679069502717454, 0.17158770079293753, 0.019103805375704518, 0.13330660402654759, 0.04178657679694564, 0.045921935397075425, 0.19540548401884031, 0.023288126755009114, 0.12659736523458048, 0.021640981813813246, 0.085625602824485891], "deep": [0.10952822142659581, 0.028083299196279169, 0.16948920636737005, 0.020084289005101542, 0.13187255065574383, 0.043034827985184924, 0.047287949305649092, 0.19054952499404629, 0.024573834792351503, 0.12837558416273848, 0.022462633351096956, 0.084658078757842356], "standard": [0.051976013010353928, 0.035085343201747131, 0.16121120939211228, 0.021932168568116028, 0.11234488679904746, 0.017921971002323022, 0.031398221065356523, 0.1329370216404531, 0.048107504120502888, 0.15754066656913185, 0.02796243687410236, 0.20158255775675349], "standard_f": [0.050893414303045219, 0.034474879121508782, 0.16413555416648526, 0.02037457839026232, 0.11115922205079008, 0.015920796356192795, 0.02982581405784231, 0.13182686470371574, 0.046220691918898403, 0.16229210214656314, 0.025777109548229902, 0.20709897323646595], "hpss": [0.032399928605671549, 0.017495609401608218, 0.17606996346852866, 0.010727456505367137, 0.12378283031295545, 0.011021284595102073, 0.024292538264840791, 0.15104539837073228, 0.041664676818324947, 0.17112434247215838, 0.012164315553134041, 0.22821165563157653], "hpss_f": [0.032295591569804549, 0.017449963029949889, 0.1760929616702448, 0.010538821272919439, 0.12277510144277841, 0.010762988555920346, 0.024253508464461105, 0.15046030461915769, 0.041425067376576974, 0.17229424854744502, 0.012050025422890513, 0.2296014180278512]}