{"deep_f": [0.030571713645279382, 0.039782826923277795, 0.1039462295813032, 0.011145532990816323, 0.24007240368168414, 0.0088296154774928116, 0.042352364011777319, 0.18719995889665078, 0.030164944672566186, 0.090768617403020044, 0.0065601927234481818, 0.20860559999268391], "deep": [0.03131593260099725, 0.040044156356823228, 0.10345351603585314, 0.011613122676709641, 0.23855374514181835, 0.0090974790636692282, 0.043882317969750853, 0.18521735109147763, 0.030028441331965864, 0.092703340479846491, 0.00677270688629343, 0.20731789036479489], "standard": [0.035524456880373013, 0.060471359287916707, 0.083506779659897765, 0.048790693290198535, 0.13908598523829566, 0.039531936063042554, 0.1560046661087342, 0.075147370136329925, 0.069778711106259869, 0.072293553514167427, 0.033875446258726578, 0.1859890424560578], "standard_f": [0.030871786618965846, 0.061788417116109239, 0.078710992800155102, 0.050595862608365343, 0.14132025422383124, 0.036039276474839003, 0.16064397453562049, 0.077327775667859033, 0.067578609829357858, 0.071956005688029234, 0.030458322299043012, 0.19270872213782461], "hpss": [0.02957209906674442, 0.059554611902702913, 0.082595684140010298, 0.048344246784968681, 0.14481026813541445, 0.035669811902723371, 0.16039075878761194, 0.073248952327865394, 0.068769076190059023, 0.070929267152554404, 0.030307395022335995, 0.19580782858700918], "hpss_f": [0.027886352190709791, 0.060224636306693814, 0.078801173315370399, 0.050362054471738971, 0.14549478319174841, 0.034246493340069746, 0.16118893401901935, 0.074641409156684616, 0.067715310244004415, 0.071213825640821751, 0.028668893032417691, 0.19955613509072104]}