{"deep_f": [0.11070612060726102, 0.031871063451851957, 0.14871233412309201, 0.011095534307473428, 0.15704783833600894, 0.033533061832839287, 0.052079362255743618, 0.13232391655595196, 0.011411189379651122, 0.23652386807585493, 0.010390276611966816, 0.064305434462304911], "deep": [0.1094727754836166, 0.032368652982912721, 0.14872033751801622, 0.011463130485354266, 0.15573468979893776, 0.034033432154208863, 0.0518835027385341, 0.13184578332688443, 0.011789628951318297, 0.23759705610288734, 0.010742228268259582, 0.064348782189069836], "standard": [0.069805362873383237, 0.05573903218398045, 0.13113043978069985, 0.028708471776321569, 0.11537018090263841, 0.040575885927839318, 0.064666236695029883, 0.089958741474958678, 0.049223663740098823, 0.23868160444288464, 0.041328042101622511, 0.074812338100542664], "standard_f": [0.067111161307754436, 0.055884198436697397, 0.13081355450286342, 0.026516596864270041, 0.11151208263538302, 0.036171539081141665, 0.061299596088240246, 0.089642254964167833, 0.047297724488805988, 0.25932790606759543, 0.040721379946205914, 0.073702005616874511], "hpss": [0.064882444305436229, 0.053567743311977993, 0.13607298490974382, 0.022148076542979272, 0.12031469747206137, 0.035993370611767932, 0.062869455328354543, 0.091518913747266215, 0.044701498889274278, 0.25635360868830143, 0.035517558239641235, 0.076059647953195642], "hpss_f": [0.063921465536166275, 0.053515349364996773, 0.13631378036989042, 0.021849945206993567, 0.11761485721097945, 0.03372782982124016, 0.060133322408787285, 0.090449477886022853, 0.044195662862675386, 0.26651582018182829, 0.036041050473920054, 0.075721438676499248]}