{"deep_f": [0.11604882855694111, 0.016754651272062354, 0.17171847875211174, 0.015191488357817334, 0.098743057732948197, 0.057829173371075751, 0.026899692774023407, 0.25332975454048667, 0.008858456257283525, 0.12088185040144721, 0.019560680094029469, 0.09418388788977336], "deep": [0.11738735873697642, 0.017418351548284208, 0.1684411862585595, 0.015929444265298975, 0.09922799941706556, 0.058288430199048454, 0.027241007197144337, 0.25233482272283075, 0.0095340997773689564, 0.12210627225734838, 0.020138189807267063, 0.091952837812807386], "standard": [0.082457392879525193, 0.036372316432091455, 0.15845244326630714, 0.029852040136536938, 0.084858424487658402, 0.048790069440636449, 0.066632634317613265, 0.19475538004439408, 0.059889124434606152, 0.12274395929712467, 0.032769597006703628, 0.082426618256802697], "standard_f": [0.081160823381203159, 0.034098707848197414, 0.15844926538711068, 0.027802909642277638, 0.083606648094997862, 0.046825605943550071, 0.064308000840343937, 0.20517787713267316, 0.058566375308311783, 0.12518536674067124, 0.031123336488133754, 0.08369508319252901], "hpss": [0.078753484338481894, 0.028676519057397282, 0.16741079286233346, 0.020921206519679943, 0.083979923185581812, 0.044517445680308319, 0.064697882956463115, 0.2149965141694247, 0.057608860352048666, 0.1270351485224594, 0.026783279453922035, 0.084618942901899363], "hpss_f": [0.078782929270770602, 0.028165824650201544, 0.16726402992223577, 0.020744449640089056, 0.08341914249374241, 0.044050824710168114, 0.06363351121783202, 0.21677282044843701, 0.056866560552498745, 0.12844553251619523, 0.026704182788870757, 0.085150191788958648]}