{"deep_f": [0.12939418382695803, 0.025480000818220952, 0.17325424481731419, 0.017885095343032831, 0.14970551407038601, 0.045419680331606274, 0.048646708169761986, 0.14926519882795311, 0.026452598120711213, 0.13709525626922128, 0.020966794067182413, 0.076434725337651582], "deep": [0.12695221192570155, 0.030951375866109701, 0.16659670634580939, 0.022056216826171218, 0.13880529988579599, 0.050418893173052391, 0.055785917553780894, 0.13235339296231521, 0.031349392433641009, 0.14613173437403781, 0.024152978866660641, 0.074445879786924157], "standard": [0.054549406949989596, 0.039289949586209953, 0.18464991627531077, 0.035451014779911208, 0.18173833841497838, 0.025437321524794915, 0.046097014540681797, 0.12022909335826308, 0.063870495441893299, 0.18015464503431905, 0.034296593495368358, 0.03423621059827954], "standard_f": [0.054143567694631051, 0.038688054778110458, 0.18806478252930697, 0.034506636904865044, 0.18563239809385942, 0.022810592686628026, 0.045224158570013308, 0.11829311995297348, 0.06165270488956151, 0.18580995923206503, 0.032759848127848351, 0.032414176540137209], "hpss": [0.050364636563395605, 0.037124700643798574, 0.20969642864850416, 0.022295711845493907, 0.20707416036586559, 0.013480528278622428, 0.037732314111331933, 0.1307280352967484, 0.052554813097981157, 0.19596493688509375, 0.017737789939839519, 0.025245944323324887], "hpss_f": [0.050680529583757065, 0.037223219709940643, 0.20972082535799152, 0.022275635371571498, 0.20766672799393013, 0.013194526164830583, 0.037895913415343888, 0.12933770320012536, 0.051877758872761491, 0.19755274928334607, 0.017664641068902878, 0.024909769977498837]}