{"deep_f": [0.063745116936439694, 0.032559750154793621, 0.13403478400755023, 0.013465576357513897, 0.17312691366510474, 0.017550733443856811, 0.060545530445358743, 0.19590302892928335, 0.016646964227476548, 0.12549933827969686, 0.011004734043640331, 0.15591752950928509], "deep": [0.062311847829073772, 0.033972373681523046, 0.13288843049302668, 0.014424296482893026, 0.1735288646730152, 0.01799662186799433, 0.062438348194797433, 0.19031968899653243, 0.018255184643277699, 0.12707093935734184, 0.011699682879809934, 0.1550937209007146], "standard": [0.05543293716855658, 0.049668630175160752, 0.093444375000066721, 0.033255800087223703, 0.12694814204019692, 0.061784419266701238, 0.12706585173301574, 0.14683744098991539, 0.059056632149493228, 0.088432704121250552, 0.047371810161867312, 0.11070125710655167], "standard_f": [0.054377885892865407, 0.048181585479800261, 0.094147709869418811, 0.031244243150238323, 0.12458004176457732, 0.056801182650398116, 0.12388712302451124, 0.15388059948774865, 0.058832674988504051, 0.091855984196497389, 0.047358358659061899, 0.11485261083637847], "hpss": [0.048985475992495087, 0.04702793379730736, 0.092105715965434432, 0.02686254138699928, 0.13415189094651764, 0.059019563244989297, 0.13364247413277336, 0.15596804429880792, 0.05603348966995781, 0.085499656109140593, 0.043600561285342787, 0.11710265317023442], "hpss_f": [0.049292889028866402, 0.045693339946929978, 0.0926585539505244, 0.026619864925935967, 0.13281144930823899, 0.056090550336162642, 0.12977682278434371, 0.15855240677145732, 0.056371858820522661, 0.087632107301114884, 0.044268501126483534, 0.12023165569941947]}