{"deep_f": [0.037332503501757951, 0.03177510805187448, 0.21995872673196606, 0.010696768185470822, 0.10535512616364799, 0.01522804618997288, 0.16712080129086146, 0.068586005093405955, 0.016695998930289752, 0.2115357105563577, 0.0081406140883154652, 0.10757459121607948], "deep": [0.039135643180572166, 0.033781270872087502, 0.21022516616201981, 0.012013506735432207, 0.1128262180331541, 0.016524295673551386, 0.15763923767271129, 0.072489338613603849, 0.01869874923015542, 0.20656776177255221, 0.0092211576385554071, 0.11087765441560468], "standard": [0.051529996691289638, 0.068472823165637381, 0.11544781554602891, 0.027145624045944304, 0.11312040064136643, 0.072887247210138006, 0.14428966245605837, 0.043982067215156379, 0.037656976387430915, 0.18471615672820718, 0.036486249246199857, 0.10426498066654252], "standard_f": [0.05120593464909412, 0.067334645484732475, 0.11395909766864079, 0.025104136960534925, 0.11019161092389609, 0.068358955056379581, 0.1393294498272255, 0.04209919765512956, 0.035218130627158006, 0.19697241647786648, 0.035544165367967631, 0.11468225930137474], "hpss": [0.043030841592747504, 0.069010543302916949, 0.11921000327291727, 0.020659507238892819, 0.11878103374019486, 0.072558178931510536, 0.15569865924394066, 0.036277662520847104, 0.029307987505396496, 0.19804312673399496, 0.029283541776551243, 0.10813891414008953], "hpss_f": [0.043251936279550415, 0.067733219184984955, 0.11835541887076294, 0.02038573655361893, 0.11720069275506681, 0.070098294637864489, 0.15143373532736776, 0.035670040809524385, 0.029074666386778188, 0.20458704023162508, 0.028915727247309238, 0.1132934917155467]}