{"deep_f": [0.046822705908292586, 0.058221376557322062, 0.17385276620566947, 0.022596583413994609, 0.12936427919958463, 0.03322441808871307, 0.10026564051719035, 0.087663473174192208, 0.036386234044914513, 0.15318819935849079, 0.020509464583333355, 0.13790485894830237], "deep": [0.052415612815272516, 0.057323333840091986, 0.16576654771302263, 0.025807288668271731, 0.12887081833426023, 0.037337665079700072, 0.097931510829439239, 0.086858817922620984, 0.040741576524065057, 0.15072621012243223, 0.023221370628097687, 0.13299924752272566], "standard": [0.05545881009596329, 0.072580419317954337, 0.13491956018589876, 0.02407639856547052, 0.13573433376761432, 0.02365154319339682, 0.11828204639301045, 0.033190157114430463, 0.022784043701381332, 0.10705410658496481, 0.027587203643866427, 0.24468137743604851], "standard_f": [0.055361903534351206, 0.073292765205367413, 0.13829468237128142, 0.023087817539070552, 0.13377780128199263, 0.021571287347075328, 0.11639074654363489, 0.031724857552758827, 0.0214805115450914, 0.10519713096953007, 0.025802178265708818, 0.25401831784413742], "hpss": [0.035402585200923764, 0.065599546739679077, 0.14644624699952427, 0.012819011866107543, 0.15036346678213985, 0.012614030241384702, 0.13019944102690367, 0.026380024673389964, 0.010596883743091826, 0.11288095593007252, 0.012717373962231736, 0.28398043283455104], "hpss_f": [0.035468940569196035, 0.065824116773725058, 0.14739324603733228, 0.012759612001696508, 0.14865296700515343, 0.012379818997430963, 0.12950873825669035, 0.026214226293337708, 0.01052432046450796, 0.11223128827993593, 0.012636768933157927, 0.28640595638783584]}