{"deep_f": [0.089852737109289774, 0.043767409028697531, 0.14176170926257625, 0.022067932883259957, 0.11459669753499342, 0.038919082510018833, 0.046708962545994707, 0.17092120038211189, 0.020057568409756726, 0.16306585884505873, 0.015254599424300005, 0.13302624206394228], "deep": [0.097912859153421475, 0.044275186344446167, 0.13352755765881705, 0.024496959138471493, 0.11690145240686665, 0.039874813096063048, 0.048379434119531245, 0.16463940701383284, 0.022782180661917891, 0.16745709472036516, 0.016504024824527071, 0.1232490308617399], "standard": [0.11939431775474346, 0.054390098479334535, 0.072263740387636874, 0.027402988647449045, 0.085825443512665828, 0.039046616241845279, 0.080186460356591244, 0.096987852310727901, 0.040021028329596697, 0.18078816916504006, 0.056247093797322803, 0.14744619101704612], "standard_f": [0.12145687173049653, 0.054218518545849921, 0.066677098033631199, 0.025083350411316048, 0.084158682137701987, 0.037905107538927632, 0.079470318622021391, 0.098192461999405928, 0.037846799095663672, 0.18977654474618103, 0.054185098745899454, 0.15102914839290527], "hpss": [0.12234755301835905, 0.052281078279237336, 0.069041828301115646, 0.021139913095413156, 0.087743338382749475, 0.035008241049631454, 0.081403946275524414, 0.10071098924215809, 0.032747600740793019, 0.1882013604846027, 0.052165928782680504, 0.15720822234773515], "hpss_f": [0.12278981858294008, 0.052116659966063461, 0.066842540533381858, 0.020542242958399941, 0.086355479516510167, 0.03454841861243374, 0.080578838470048209, 0.10057464727309101, 0.032303005203191133, 0.19342363897459711, 0.0515190188750465, 0.15840569103429702]}