{"deep_f": [0.1457000639912357, 0.026960047021546425, 0.19234791925531228, 0.024236683792952095, 0.081875314092082679, 0.076035388962351097, 0.062542023221343404, 0.10261142405739805, 0.027501697136222858, 0.17596626254479292, 0.02651086404519459, 0.05771231187956781], "deep": [0.12198137795812375, 0.036409825137277377, 0.18158306713602523, 0.028893373956605895, 0.087793201790628106, 0.071561835198966361, 0.072351837009398443, 0.10054021762866357, 0.034508339677174989, 0.16476529445294888, 0.031715036262391243, 0.067896593791796134], "standard": [0.080717632537411169, 0.050594226733849265, 0.12820222670975612, 0.021315026367237602, 0.066016965365748484, 0.012057374933560674, 0.11487510377858062, 0.11565594164341139, 0.056524573902323995, 0.2327237958102715, 0.03447641020758975, 0.086840722010259316], "standard_f": [0.081277394895114749, 0.050457876945380765, 0.1294609526957097, 0.020555637165012158, 0.064925215689800267, 0.01111166741281565, 0.11476620738165706, 0.11349934289780808, 0.05436294270490994, 0.23789303432752607, 0.033577356724616716, 0.088112371159648845], "hpss": [0.077021470405395365, 0.049110376767528816, 0.14052174874046133, 0.013764674864116019, 0.069811001526623243, 0.0053929261860402302, 0.12716242745826564, 0.125585183801707, 0.043984046724802744, 0.25465462145291684, 0.01239715148144882, 0.080594370590693909], "hpss_f": [0.077420835621579823, 0.049178836718562484, 0.14099099228337195, 0.013699361313210109, 0.06922035160587163, 0.0052561568976764624, 0.12698315166180416, 0.12420293911847928, 0.043443033301460363, 0.25623267740676353, 0.012305097377821135, 0.081066566693399067]}