{"deep_f": [0.12638810137968853, 0.016655309435875169, 0.14420786851699458, 0.0088239310522095771, 0.16200355888491394, 0.029219546126891989, 0.031338881485704614, 0.20685896799478806, 0.0085201793869252775, 0.13083572806086297, 0.0075016933585966908, 0.1276462343165487], "deep": [0.12841944053600901, 0.017460059338012382, 0.14097472582396831, 0.0092911880104027331, 0.16349443703984062, 0.029773881757971341, 0.031984645194758958, 0.2023142799327349, 0.0089806130850916266, 0.13631409608262832, 0.0076911862300202659, 0.1233014469685615], "standard": [0.066343335769744924, 0.067441291409879672, 0.097005758714569332, 0.035131754830961204, 0.13731096813356564, 0.024678344679647399, 0.091477790864377115, 0.14066547396284157, 0.045565986555049932, 0.14627127923249467, 0.024316450905648251, 0.12379156494122041], "standard_f": [0.069298432364618384, 0.067953763616683441, 0.092136365459132979, 0.035451503984028875, 0.14344532318856235, 0.020606300504021912, 0.08656185838059241, 0.14595957551193561, 0.04325129159703385, 0.14986025374655224, 0.021145378990455106, 0.1243299526563828], "hpss": [0.063495345104176523, 0.067488476831577729, 0.097374251339563206, 0.032469924269387537, 0.14218722823060786, 0.019425119484288694, 0.091217978868303545, 0.14600809139535056, 0.042754462339275594, 0.15009045244325367, 0.01928540992122087, 0.12820325977299418], "hpss_f": [0.065491160456668501, 0.067005237237075244, 0.093200370398131158, 0.033582517358661898, 0.14641989788770152, 0.017966662804312302, 0.086899684231283039, 0.14960629407121659, 0.042417264617063841, 0.1508302473560551, 0.018107046163228054, 0.1284736174186028]}