{"deep_f": [0.099096360343466222, 0.024732268387058089, 0.19316477032288251, 0.015953829226794097, 0.093931021787745442, 0.035345399336214757, 0.088106798696429275, 0.13665611699851152, 0.012903281309640271, 0.20795278709077133, 0.012454809515831966, 0.079702556984654449], "deep": [0.10420244514123175, 0.026108599520629154, 0.18262803800311705, 0.017887417808554545, 0.096837132347942542, 0.036514604979267874, 0.082616771976388198, 0.14091072997487328, 0.014042762439088719, 0.2066064023681814, 0.013611991542716338, 0.07803310389800916], "standard": [0.061598666303281494, 0.062979485797209939, 0.12229400344337162, 0.023777350373065279, 0.066107353140732364, 0.047394617237862167, 0.12479896767120827, 0.15330053615800113, 0.051278661647776731, 0.19361014769653609, 0.031296001063482203, 0.061564209467472604], "standard_f": [0.059313764070696343, 0.061029785423716794, 0.12202871899595076, 0.021789881918945275, 0.063725492934911795, 0.044288866401088367, 0.1220583811214193, 0.15961386573862496, 0.049650352048862798, 0.2052868760956271, 0.029637480107786277, 0.061576535142370256], "hpss": [0.056996179116102622, 0.062008829865579977, 0.1255316519989898, 0.016541639618898391, 0.065170859118702559, 0.044539677686067057, 0.13130263286972066, 0.16250774406846835, 0.045875461972590931, 0.20486172931815691, 0.025015794286418268, 0.059647800080304458], "hpss_f": [0.056231727759224415, 0.060377004446002712, 0.12532890524525228, 0.016266359268410625, 0.064401810831487286, 0.042663386186625747, 0.12804665593952252, 0.16496127070280317, 0.045833526393531172, 0.21099247211918026, 0.024710089058071247, 0.060186792049888652]}