{"deep_f": [0.090050562727018293, 0.017359247807707475, 0.19711149082534324, 0.012451373736476644, 0.095440615668779497, 0.041554364395409125, 0.033965829607057393, 0.2244854061240989, 0.0077320671293166559, 0.13979650082554104, 0.012558825939756752, 0.12749371521349515], "deep": [0.090973389139388919, 0.017938977776338995, 0.19517906970375293, 0.012721536309719896, 0.096626374773158732, 0.041860754403043113, 0.034577680513817322, 0.2212564670257621, 0.0080870694781278816, 0.14313941048584919, 0.012729759359191975, 0.12490951103184895], "standard": [0.087747726105972867, 0.03588684568614247, 0.16337022749931787, 0.028418197919517434, 0.047588685128596028, 0.01907201761137154, 0.049441241974470501, 0.19654481970171128, 0.071010104804456353, 0.14778943885303211, 0.039735933452286744, 0.11339476126312481], "standard_f": [0.085791276795643995, 0.034648331269225736, 0.16432071877968701, 0.026932442499881686, 0.046124030388299576, 0.017610549772848698, 0.047675973747710002, 0.20387283097556719, 0.070930758918424514, 0.15083805989991261, 0.038104582983608082, 0.11315044396919098], "hpss": [0.085010885504056929, 0.031317102846568128, 0.17118746819444144, 0.022990029179752781, 0.043589203487053904, 0.013211122487901487, 0.046349358757197832, 0.21068989630915183, 0.070200349575010992, 0.152496443708901, 0.034801018788333402, 0.11815712116163027], "hpss_f": [0.084260753634768565, 0.030959479764409568, 0.1717699379974571, 0.022787769080729249, 0.04287287109044069, 0.012818419050809505, 0.045700519749868572, 0.21191020247390996, 0.070072076008147258, 0.15420459210625123, 0.034827359023625541, 0.11781602001958287]}