{"deep_f": [0.051295292576361756, 0.042716013849256752, 0.17311068174380417, 0.019343593683063591, 0.16813521769376016, 0.031956192974600547, 0.078985908551626655, 0.10262838135887338, 0.03645172026985867, 0.15316074310797098, 0.018688994733355883, 0.12352725945746761], "deep": [0.053276145950810393, 0.044959514085258112, 0.17083830060361999, 0.02078558691002878, 0.16097833292116812, 0.034006000099930531, 0.079764017846450236, 0.10191603123822666, 0.037040589404006306, 0.15629798544771908, 0.020104566745104604, 0.12003292874767715], "standard": [0.04416205349253248, 0.066474391885481168, 0.1442463790792152, 0.021656204922384268, 0.11574925967109752, 0.025076010371891558, 0.075804213172269277, 0.049901226771479394, 0.029099186739761796, 0.2018740057707834, 0.029749906379538612, 0.19620716174356534], "standard_f": [0.043754071276070748, 0.066974240286089448, 0.14770639745517505, 0.021041674298105134, 0.114833878192014, 0.023646193290724676, 0.072967950099850604, 0.0471080066630205, 0.027160859597009476, 0.20494863788878004, 0.028836585410627835, 0.20102150554253254], "hpss": [0.024473603613949912, 0.060252380240058974, 0.15278017597261767, 0.015121434867753631, 0.12434659342332526, 0.021317107511562555, 0.079208979250158698, 0.048689430406963934, 0.020901123230688032, 0.21904224770505093, 0.020741154654143803, 0.21312576912372663], "hpss_f": [0.024551890582498376, 0.060438603539633054, 0.15388692949448179, 0.015055805689536397, 0.12312555149362524, 0.02094194655667311, 0.078059537462224451, 0.047949184471420041, 0.020664312670333983, 0.22016316882861431, 0.020742755601426768, 0.21442031360953237]}