{"deep_f": [0.05570244880647169, 0.040084120644163439, 0.21108549777447125, 0.015208433951776377, 0.15270165724189325, 0.030209260369986578, 0.071902886387958928, 0.12527226691510585, 0.027867781061050333, 0.14244535872934472, 0.018705113357867356, 0.10881517475991022], "deep": [0.067401912257574026, 0.047856847713345786, 0.18662595995190617, 0.020161327367104895, 0.145335184821269, 0.03640136797311639, 0.074521960844687277, 0.11725720337336629, 0.032099214056352431, 0.15246015838705787, 0.022708138761937925, 0.097170724492281951], "standard": [0.043396682711180079, 0.14111443933016085, 0.19263095104445691, 0.024284745129266386, 0.12116584525616407, 0.025427960674527794, 0.11727504648278514, 0.11448001788060827, 0.047356476767647572, 0.11656612509104253, 0.014577297497293381, 0.041724412134867023], "standard_f": [0.042990412147115797, 0.14699487819724991, 0.19789779077081507, 0.022971096108933515, 0.11790008622228045, 0.022888106336102568, 0.11716613350110525, 0.11358937629095266, 0.046066112621200361, 0.11771788758830228, 0.013580696570391416, 0.040237423645550496], "hpss": [0.031645271420709838, 0.15518745156188732, 0.20972721389753041, 0.013229132533933704, 0.13065415768249597, 0.01694622805109882, 0.12364842830173893, 0.11802486188505509, 0.037164918309453045, 0.12228613200823528, 0.0057624030207035866, 0.035723801327158008], "hpss_f": [0.031771332292040246, 0.15664168988146898, 0.21097637929015919, 0.013058594485915266, 0.12858126366823955, 0.016567509901514905, 0.1238024611134082, 0.11759641557180889, 0.037182395582962609, 0.12283642657996628, 0.0057076496358603309, 0.035277881996655554]}