{"deep_f": [0.04537469708556497, 0.038314866814413789, 0.26407037842648712, 0.015751844725785068, 0.082196044722096254, 0.039949549267775115, 0.11154683029313824, 0.07385091578073795, 0.022789832576720799, 0.20539952788712074, 0.020207444166146622, 0.080548068254013255], "deep": [0.048601155385094859, 0.039982877373595439, 0.25126469793727374, 0.017211958961635822, 0.087358641704376669, 0.040755768145112614, 0.10790565076774193, 0.07606678943036814, 0.024721521688175003, 0.20293674002914525, 0.021117879870035286, 0.082076318707445278], "standard": [0.03432410990952986, 0.067315861056075718, 0.15379376253506974, 0.024129360945069223, 0.10043170437889748, 0.017732041876585478, 0.12609907760931183, 0.044572007097374418, 0.038538154811660834, 0.25419140437126064, 0.027607284890408167, 0.11126523051875664], "standard_f": [0.033042336398809782, 0.068193460408712603, 0.15751886385814998, 0.023644874521486437, 0.099564159048841874, 0.016206003614875786, 0.12663693777814744, 0.042469599951186328, 0.036318523556864803, 0.25800465237214654, 0.026237967276171139, 0.11216262121460718], "hpss": [0.016656876022035215, 0.067834434065338248, 0.17056947643146811, 0.016985733799082456, 0.11007931293946278, 0.0089359588012061317, 0.13889360718805979, 0.035407260419888065, 0.017343117278976458, 0.28387088630461249, 0.013893920790867674, 0.11952941595900239], "hpss_f": [0.016526162287019908, 0.067989761059518761, 0.17121096747774045, 0.016979401214435443, 0.10947572905739039, 0.0087248999402095798, 0.1386450026821108, 0.034873878967762104, 0.017210658441141155, 0.28495705217114503, 0.013837733391829424, 0.11956875330969709]}