{"deep_f": [0.10252378993950707, 0.02619634862640214, 0.13515016442876202, 0.014774586986675716, 0.13858777302553113, 0.031978867437421718, 0.035017493688130799, 0.2174198760803597, 0.010866531292982751, 0.16449655168855026, 0.01291034122707869, 0.11007767557859804], "deep": [0.10187108507951829, 0.027269755897882862, 0.13449161835294948, 0.015784282071880019, 0.13661670663191142, 0.03301394841415517, 0.036900102979660364, 0.21257553149239028, 0.011967517318243243, 0.16778412024058251, 0.013639591037592236, 0.10808574048323413], "standard": [0.078998826516738063, 0.032729364184344766, 0.10265401204039029, 0.027693298999523532, 0.086168073746336629, 0.023969655673660821, 0.060174415257591408, 0.153771525542619, 0.062130648021800378, 0.17252761117357898, 0.037312054461814723, 0.16187051438160138], "standard_f": [0.077271323220504715, 0.031156428942207354, 0.099897289125731759, 0.025671529634775748, 0.082556424157410518, 0.021258044139898132, 0.057788536544343995, 0.15655485418251908, 0.059957784354579775, 0.1798055438282477, 0.03593422636289955, 0.17214801550688186], "hpss": [0.074903757824867176, 0.027337448243926726, 0.10433843456290073, 0.02204918731960432, 0.087765865507312218, 0.01804972162724899, 0.057952601885927914, 0.16365149383390601, 0.05852631604151462, 0.17962696828024199, 0.031410619916013821, 0.17438758495653561], "hpss_f": [0.073829811384968441, 0.026824101465998514, 0.10318356028029939, 0.021617932851075019, 0.085046958209911344, 0.017192291448015144, 0.057403803074273695, 0.16418557294602809, 0.05801418764822721, 0.18278610340675897, 0.031344030657314913, 0.17857164662712924]}