{"deep_f": [0.058431341215248338, 0.027145545574076672, 0.27626361353456674, 0.015454618479103191, 0.077417125524225291, 0.059074949881924105, 0.084391218017905709, 0.1041946143334829, 0.02240845885140301, 0.16987850678572983, 0.022496016338596846, 0.082843991463737374], "deep": [0.065314123504276594, 0.031256442754943055, 0.25065012365659822, 0.019028498126950795, 0.084541958449933521, 0.057330171949499659, 0.082525911508565281, 0.11080724261194269, 0.025389827102231702, 0.16553156655019002, 0.024746758545347372, 0.082877375239521073], "standard": [0.036654031664709354, 0.07653206522479733, 0.15849072350953372, 0.016114051750156164, 0.069476906155653897, 0.027673734702687608, 0.12982034465470679, 0.08622098115646612, 0.042236280414436549, 0.20914301913050887, 0.027665675629424534, 0.11997218600691911], "standard_f": [0.035524485599514856, 0.078286917527592134, 0.1622150645412461, 0.015058863137229386, 0.068861398946379535, 0.026066785650083073, 0.13032010809599678, 0.083746410785260142, 0.039660345415579598, 0.21181141269796575, 0.025856184701282356, 0.12259202290187041], "hpss": [0.017612150796578782, 0.079215222293159221, 0.17239176424659394, 0.0085383208647494269, 0.071442194882312432, 0.021413149042473364, 0.14173139973192972, 0.087620736673419963, 0.031229036670692791, 0.22860490995996194, 0.015616485420500465, 0.12458462941762791], "hpss_f": [0.017547586346914546, 0.079461706473390778, 0.17288143428565231, 0.0084226466780377776, 0.0710636163691786, 0.021217061756138373, 0.14140382700306034, 0.086535854286742056, 0.031144568749681075, 0.22941595640950305, 0.015562624011706707, 0.12534311762999437]}