{"deep_f": [0.039224962888492872, 0.0395016838807161, 0.21018728691621774, 0.011847694684018957, 0.11702583692472315, 0.022070148883050995, 0.12248238473194556, 0.096365407879275403, 0.016156070795925202, 0.2072589812146457, 0.010120193536313665, 0.10775934766467476], "deep": [0.041309580537622848, 0.040105589123774384, 0.20369479619266878, 0.01283516651749861, 0.12070001685245747, 0.0228222951632065, 0.11688696872761876, 0.1014061056883044, 0.017209119073219963, 0.20392747541764311, 0.010952794639090421, 0.10815009206689474], "standard": [0.047872087386590885, 0.072817601991133463, 0.14398418883359554, 0.030523824640431949, 0.10698113729255969, 0.057926415504631547, 0.13436931921355882, 0.090563657280728113, 0.042032213487328419, 0.16700277226990795, 0.032235048601760227, 0.073691733497773471], "standard_f": [0.045415248023383044, 0.0722013902755613, 0.14524291786155877, 0.028187787604479844, 0.10187607698899122, 0.054299069794428036, 0.13464188758181961, 0.094762491140702537, 0.040622212108888778, 0.17639378407555892, 0.030797870471893963, 0.075559264072734278], "hpss": [0.040589038623158991, 0.0727654264614324, 0.14876344163577676, 0.024319671661784427, 0.11081730603766433, 0.05511659270384154, 0.14138691275020071, 0.091059567450509124, 0.037176378268504, 0.17627213493992033, 0.027349739227339947, 0.074383790239867367], "hpss_f": [0.039978718092452924, 0.071943756922055985, 0.14946335475328992, 0.023968357306418844, 0.10821385157655808, 0.053326463317507442, 0.13997089940856641, 0.093217525537856144, 0.037058426309355075, 0.18049084614658004, 0.026935613711717474, 0.075432186917641864]}