{"deep_f": [0.074426482439837127, 0.035058397129250379, 0.18023567143330699, 0.021712098004356011, 0.10139347078434893, 0.045031789604403558, 0.063164705443735245, 0.17011112034740283, 0.023883760399205305, 0.1693335927845657, 0.02329435067175277, 0.092354560957835091], "deep": [0.075305011048534029, 0.038555682228727732, 0.1756437139267483, 0.023903342328695659, 0.10078619059856857, 0.048275320805535753, 0.066788126358284336, 0.15631922189423142, 0.026719901688201396, 0.17264603924421795, 0.025384020500522689, 0.089673429377732178], "standard": [0.030725637595537668, 0.031289102006000297, 0.09334759133018973, 0.013760068727781604, 0.064565438459965666, 0.013024990508452064, 0.091531512320456573, 0.16783826689603792, 0.034026014941331222, 0.24951170407311593, 0.027664388570900443, 0.18271528457023095], "standard_f": [0.029116228403567316, 0.030783656433085397, 0.092585791902455, 0.013023984969931481, 0.064069167230563287, 0.012080775815125337, 0.091509543120185971, 0.16969795166704091, 0.032895333253814378, 0.25476146817947132, 0.026269936181223991, 0.18320616284353558], "hpss": [0.014192268428855449, 0.023319016893707769, 0.098729119519891481, 0.0063368202566061738, 0.066118386411748359, 0.0030496784977011907, 0.090140258345602339, 0.18491238965624224, 0.021960612282080762, 0.27995585643742998, 0.01050156920175422, 0.20078402406838028], "hpss_f": [0.013977420818259374, 0.023298222955612201, 0.098598808656728182, 0.0062846797557119024, 0.066198979662719121, 0.0029953974855225691, 0.090246312135507961, 0.18477438581232508, 0.021795401139556508, 0.28070331153156636, 0.010419712636973343, 0.2007073674095175]}