{"deep_f": [0.031018001365066421, 0.13456098260109303, 0.086760069406202248, 0.018201687819608958, 0.18339638004078612, 0.021619688289010505, 0.072220557014482933, 0.062944705909644211, 0.040932664962681185, 0.22502874390753003, 0.012091157114133279, 0.11122536156976087], "deep": [0.032117164701991795, 0.12826756276797319, 0.087517121849381402, 0.019891483441976724, 0.18124458511049604, 0.022558787480870649, 0.074642133808791311, 0.06378271882923417, 0.044117286405082522, 0.2171723637655629, 0.013164542993904241, 0.11552424884473504], "standard": [0.092280989782269285, 0.10503937085571381, 0.083019710302079719, 0.038950805689892953, 0.11446486292163607, 0.043696454569144345, 0.076186860287767111, 0.025258624105069918, 0.078787338235564386, 0.18675550669765517, 0.041111936861737718, 0.11444753969146951], "standard_f": [0.090425855209925535, 0.10653478229575114, 0.080850416292499644, 0.037174336564580045, 0.11115368612572615, 0.041619090314916424, 0.076531144065843257, 0.022424239018633739, 0.078946093429326, 0.19672784475370936, 0.039945239221194723, 0.11766727270789408], "hpss": [0.088514076824487253, 0.10987500930707714, 0.07977042120377148, 0.034183992349262587, 0.11949518426574011, 0.040230148265572765, 0.076882607152240531, 0.017470330827020351, 0.080165019021263648, 0.20036318170368736, 0.035411047656685748, 0.11763898142319101], "hpss_f": [0.088348439364579714, 0.11018621617067012, 0.079147756866889879, 0.033584283967786913, 0.1169349502203637, 0.039640837158552385, 0.077112448725831451, 0.016660264551224442, 0.080254839243374704, 0.20399860053813651, 0.035359415726100532, 0.11877194746648963]}