{"deep_f": [0.15982606253146259, 0.0086241826907405075, 0.16120043820411825, 0.030575160634415521, 0.046402987062355183, 0.15921085040084762, 0.012058816513790736, 0.17783477138024298, 0.0084461891450114367, 0.12271735282063791, 0.058173955005121174, 0.054929233611256185], "deep": [0.16198141298536026, 0.0095067299770740347, 0.15626261148041243, 0.033731587960113836, 0.046766003990099503, 0.15716717571629438, 0.012628793554565178, 0.17862513310814526, 0.0090707752487489985, 0.12230881959332635, 0.061100405924800441, 0.050850550461059331], "standard": [0.087377974823863974, 0.050920877394036647, 0.1080867848577991, 0.016863890878368818, 0.087186298977379006, 0.074387256165988208, 0.061920318681945342, 0.20920164625083162, 0.03652087083146488, 0.17333975973322335, 0.032665362909895385, 0.061528958495203824], "standard_f": [0.08727830686577806, 0.051024274842216721, 0.10777751230536209, 0.015663789005350676, 0.088534358788718695, 0.070436723680045846, 0.060518716565181464, 0.21525085874858271, 0.03480477439359464, 0.17692954765338387, 0.031484543298194105, 0.060296593853591027], "hpss": [0.087274405328856525, 0.05007320674950104, 0.10891159243045788, 0.014518910918770138, 0.087583654823368051, 0.074462507838518696, 0.060597069976760468, 0.21510027526070613, 0.03361116713660732, 0.17655607586839059, 0.030514698805437338, 0.060796434862625794], "hpss_f": [0.087156969291553157, 0.05021785648635823, 0.10881156144736336, 0.014052301881802358, 0.088595657871354677, 0.071122582757878361, 0.05984451136729637, 0.21818839061006204, 0.033185828900822514, 0.17800763687093257, 0.030519392470324438, 0.060297310044252123]}