{"deep_f": [0.12326239135527707, 0.0075873453498455827, 0.17894547066793737, 0.0016051373434278337, 0.14452102296243685, 0.016190678294082175, 0.033848683182883192, 0.24295149215254258, 0.0019078341555641392, 0.092658392149149324, 0.0025594300725441696, 0.15396212231430986], "deep": [0.12307718099828205, 0.0078721693566599065, 0.17916795019872372, 0.001676403972595591, 0.14415733311422951, 0.016566572884272768, 0.034285464672153591, 0.24099520209190786, 0.001996986339580582, 0.095270875452194884, 0.0026176142517752004, 0.15231624666762433], "standard": [0.073750799997231692, 0.060201200846650774, 0.18074138041638493, 0.034930146216872321, 0.10020284284758371, 0.041329182271225819, 0.06796735620595698, 0.095831197585748915, 0.058281117873389375, 0.12501268807532334, 0.042862264501548633, 0.11888982316208367], "standard_f": [0.071125945387503844, 0.060042991785443638, 0.20016436629950371, 0.032352248835862622, 0.096019740936091572, 0.038516278590878666, 0.066924237887363583, 0.094877082099945387, 0.054575804170432111, 0.13182467752138147, 0.039780197116083854, 0.11379642936950939], "hpss": [0.058709680548286319, 0.054605470097156113, 0.20398283934619602, 0.024843721313288606, 0.10865664808059257, 0.029415485667267881, 0.066722623950709478, 0.10467701095390355, 0.053558259237300933, 0.13062496875516774, 0.028780218399723202, 0.1354230736504074], "hpss_f": [0.058253471391756968, 0.055083986840479292, 0.2164727804536748, 0.023886103809739968, 0.10396941854349442, 0.027412716664016481, 0.067272248071702942, 0.10317854987354419, 0.050875607989786936, 0.13524184866893005, 0.027476605845924595, 0.13087666184694949]}