{"deep_f": [0.012567246223389865, 0.030940138247481087, 0.25984428642476898, 0.0018729308148120714, 0.05644188436574725, 0.005480235263628239, 0.16761708359020999, 0.1344987783483873, 0.0018335808697757681, 0.20644455377663201, 0.0018756909478974055, 0.12058359112726999], "deep": [0.012804755472588327, 0.032026582237107908, 0.25787298133889353, 0.0019407529386993954, 0.058524236869502123, 0.0055973126915495235, 0.16477197532690432, 0.13579051000614192, 0.0019035836934351293, 0.20551644958459397, 0.0019481501011849557, 0.12130270973939888], "standard": [0.065414585784223905, 0.11399160797455385, 0.15170462963441347, 0.028549755570952493, 0.088999041516159574, 0.043060332427808649, 0.081032412536823639, 0.093167337695558225, 0.051380435365467887, 0.15860158103064931, 0.047156970630645084, 0.076941309832743915], "standard_f": [0.062975835545303144, 0.11418185954281682, 0.16289605879798316, 0.026406020423664422, 0.087124308597900574, 0.0404257460496514, 0.081302699862617206, 0.093041978119232704, 0.048502545745285633, 0.16553784455601039, 0.045008035684736963, 0.072597067074797406], "hpss": [0.046517686723763663, 0.12634379194060194, 0.16438211612004502, 0.016191375570027977, 0.092845724890277481, 0.032047845825299591, 0.085383638988383817, 0.10070782084875533, 0.044183522997053318, 0.17893149374720166, 0.035384401119479075, 0.0770805812291111], "hpss_f": [0.045727549281352871, 0.12468955859404908, 0.17360032351822327, 0.015278322510203836, 0.090700810286064137, 0.030141454489262608, 0.085714782967455425, 0.10101213820021, 0.042850416981570341, 0.18242495353141525, 0.033996684901589892, 0.073863004738603438]}