{"deep_f": [0.092990969172695906, 0.0073845133601140468, 0.2292702391397505, 0.002054127448715041, 0.087047336122063418, 0.021803772372085962, 0.048137960642138308, 0.23220471551135247, 0.0019153969927901378, 0.10527026350743872, 0.0025325068859538852, 0.1693881988449015], "deep": [0.095691888635982492, 0.0077915801958345693, 0.2264022888654996, 0.0022514877646651007, 0.089403523333947993, 0.022394535316220172, 0.04843963160639668, 0.22958368587724123, 0.0021559856052474759, 0.10804537865152518, 0.0027471698608135813, 0.16509284428662593], "standard": [0.07819194964415499, 0.067215913225866106, 0.16512747742344541, 0.045680067682615143, 0.07567432946058715, 0.035743436687800528, 0.092210962919731534, 0.09630858221409605, 0.049329885229657401, 0.12579952953291967, 0.047981388467169823, 0.12073647751195631], "standard_f": [0.076411487718019921, 0.066965306803836222, 0.18166372900590999, 0.041761226532749052, 0.073685999527036944, 0.033907104645073814, 0.091165830801083161, 0.098719077540171271, 0.047775089806968034, 0.12912262196337104, 0.045036129347587932, 0.11378639630819266], "hpss": [0.06651426074157557, 0.064613693953395043, 0.18316946977568369, 0.039437289387839997, 0.073433277069562736, 0.021984187049912157, 0.09922920523839987, 0.10482882287270062, 0.040851261647886668, 0.13096986769641006, 0.036863264864138774, 0.1381053997024948], "hpss_f": [0.067300616238760699, 0.064798497025094035, 0.19615333348839445, 0.036590702998831312, 0.072199269695584725, 0.02018630390227372, 0.097844481737340588, 0.10350917790174352, 0.039760608977003446, 0.13531174701217955, 0.035385809211058175, 0.13095945181173582]}