{"deep_f": [0.014799851393663908, 0.055144288079838427, 0.22246001285357042, 0.0035136381658618225, 0.10691738831901, 0.0067663199161488649, 0.14516975465409257, 0.11350614347387099, 0.0062100778467957998, 0.21116472835713443, 0.003212778251623707, 0.11113501868838896], "deep": [0.014889853861534106, 0.056804037299797258, 0.2193378176941114, 0.0036162708616452343, 0.1098628031823249, 0.0068630159820652599, 0.14128366050527905, 0.11548378981731068, 0.0064202015257246873, 0.20954542069988502, 0.0033034252109102342, 0.11258970335941215], "standard": [0.062081078272921052, 0.10462196033333988, 0.16521778944950327, 0.03090912331470486, 0.096089801215775331, 0.038431608080433263, 0.091728760109636348, 0.056700467694243376, 0.055615433291986503, 0.15189065638110341, 0.044296673092210151, 0.10241664876414268], "standard_f": [0.059670410412760624, 0.10143571547528986, 0.18492474842945056, 0.029561015344354249, 0.09079716012754549, 0.035182586185254307, 0.089902140420085888, 0.054610368209305031, 0.051229202487760202, 0.16141826628085698, 0.04030036747347452, 0.10096801915386223], "hpss": [0.05008350024901205, 0.1130220402131516, 0.179065070498231, 0.023617403946895158, 0.10251234728592853, 0.030210055278039074, 0.097658395733296974, 0.051062935081199821, 0.049147974269744377, 0.16298489723234352, 0.033747277072672666, 0.10688810313948534], "hpss_f": [0.049639137521989021, 0.10894214415352896, 0.19234139133564881, 0.023406315095147345, 0.098253980379434086, 0.028320813828759461, 0.09508609607352031, 0.050441227383397604, 0.047346407639061679, 0.16934973599758554, 0.031029032785752916, 0.10584371780617417]}