{"deep_f": [0.033918354887512873, 0.015986132970456712, 0.24993078766289792, 0.0029003488683137075, 0.078528500670675488, 0.014287200078698062, 0.061680914007169386, 0.22553267785573047, 0.0032344772980089534, 0.10922830449737303, 0.0028628225352263373, 0.20190947866793701], "deep": [0.035992194596188846, 0.016867830605652945, 0.24646589596816265, 0.0030129923727601079, 0.081951915957914415, 0.014362250118186986, 0.063868896843333536, 0.22049510211510218, 0.0033859370392028331, 0.11502024110540467, 0.0029579222005760961, 0.19561882107751474], "standard": [0.056870969062225628, 0.082197910558581777, 0.15816654394759624, 0.035721723686908444, 0.089726180066680025, 0.037333437203606414, 0.091356164375121215, 0.091167964977763388, 0.048114081845368133, 0.14422673742534922, 0.043557804308679005, 0.1215604825421206], "standard_f": [0.053587066178633055, 0.082127394223184436, 0.17680809174536957, 0.03235687892289308, 0.086491578963936305, 0.034584616133818726, 0.092384078497926472, 0.0888547225506056, 0.045747494120203305, 0.15270027472764483, 0.03955855410518358, 0.11479924983060096], "hpss": [0.042669904908487939, 0.083304037397704742, 0.16853576001671441, 0.028454392727939287, 0.093452244342327309, 0.028716782457249561, 0.097310201072107083, 0.096047039833852585, 0.041081569691253261, 0.15429363217088485, 0.033201236205612453, 0.13293319917586666], "hpss_f": [0.042518286566196842, 0.083070926945482779, 0.18003354240754929, 0.026737397459180676, 0.090655245670014498, 0.027001245085739568, 0.098113417601977337, 0.093579555774284479, 0.039823061044101341, 0.15884865039046456, 0.031431025806693637, 0.12818764524831486]}