{"deep_f": [0.010068388511672591, 0.14900457186961907, 0.1377668347236321, 0.0043273258754391881, 0.17407084894242408, 0.0045827101021587166, 0.13124807706276118, 0.044633095273485288, 0.012519150309636929, 0.26293869949169851, 0.0035822691955185709, 0.065258028641953736], "deep": [0.010512461174808255, 0.14850345572543297, 0.13646230395058218, 0.0046525596543755777, 0.17520911805781725, 0.0049780131126677656, 0.1288533680041658, 0.04634029132455305, 0.012997695583832576, 0.26087920231562528, 0.0038723032211343614, 0.066739227875004969], "standard": [0.059037061390971528, 0.12062064874008369, 0.10010600853549681, 0.036208720988354093, 0.1318227476796448, 0.045798613792448421, 0.092216783131037261, 0.044966866667329054, 0.062446152430981325, 0.14637694501206142, 0.045031563498591269, 0.11536788813300031], "standard_f": [0.053884822766381631, 0.12201359538097169, 0.10736597179553053, 0.033291979081746373, 0.13139667173209826, 0.042483334396915394, 0.093905707751063078, 0.044695947139890273, 0.057939942173349954, 0.15670902712423104, 0.042936343039483182, 0.11337665761833854], "hpss": [0.044280945012734566, 0.13147898508225683, 0.096711132148275369, 0.02870560276034112, 0.14778172779377152, 0.040028927019939188, 0.099302747960112681, 0.037118013639928449, 0.057421016436058986, 0.15809990456690337, 0.03554451356466188, 0.12352648401501587], "hpss_f": [0.042336776465334305, 0.13003344563150079, 0.10381726362530067, 0.027417491906685371, 0.14513292481200105, 0.038151795639344767, 0.10006332319791095, 0.037251066317035134, 0.055087324622130694, 0.16478706059872797, 0.034434941911254562, 0.12148658527277366]}