{"deep_f": [0.016086082816510264, 0.027976169338344292, 0.25350252014717661, 0.0027610583448528488, 0.072533126369116047, 0.0064791328727130974, 0.16907432175528209, 0.11618925581294086, 0.003898574631641308, 0.20336890363677262, 0.0022299720546627173, 0.12590088221998727], "deep": [0.016553637118306319, 0.029019861556617305, 0.25073388871805752, 0.0028634186505152566, 0.07551828451501888, 0.0066362563602920524, 0.16515557064205094, 0.11807323260196068, 0.0041089268678788596, 0.2019150522126128, 0.0023209067795195567, 0.12710096397716986], "standard": [0.058108372696098066, 0.10296507843425813, 0.11610112444244429, 0.034015054878571073, 0.10534119954721796, 0.036749783353006556, 0.094284634489813002, 0.073249354099153063, 0.050433941868218361, 0.17791461434373484, 0.0513575409378315, 0.099479300909653318], "standard_f": [0.053920220515545202, 0.099813399474303829, 0.12419549358379001, 0.031210556221005204, 0.10523135247617482, 0.034044069318547844, 0.090120246228218376, 0.076287542764859648, 0.04800352844432202, 0.19141926347340543, 0.047306856016066101, 0.098447471483761304], "hpss": [0.036576555296346083, 0.11167996252355022, 0.11868400752364328, 0.025979690805590493, 0.11549408498285468, 0.025282215583277149, 0.10369049765046538, 0.071711444569157248, 0.041405983460784709, 0.20354096415959913, 0.0409157392291234, 0.10503885421560828], "hpss_f": [0.035295984750995865, 0.10921601242915098, 0.12669616093108649, 0.024627498170498797, 0.11363715790664188, 0.023328995973794123, 0.10027621243643524, 0.073918887537402139, 0.039788491735232176, 0.21245631931480816, 0.037538983851869261, 0.10321929496208498]}