{"deep_f": [0.010344200214392411, 0.022231183579533159, 0.26006504945646519, 0.0023412398928417026, 0.057982197462572889, 0.0050599822770712975, 0.15960528227775184, 0.14590901311962082, 0.0025175386547761172, 0.16906114060224509, 0.0017003638384921311, 0.16318280862423742], "deep": [0.010509997621808369, 0.022920935913856501, 0.25860695644688864, 0.0023939806480681538, 0.059463626577437222, 0.0051066263434758593, 0.15853040776960414, 0.14588892930670469, 0.0025901975730167003, 0.16936477055252863, 0.0017386866477841002, 0.162884884598827], "standard": [0.060461343631938023, 0.11107785736535628, 0.12947536000513987, 0.034305055633411949, 0.090275555045728442, 0.040010343192535006, 0.10449818403854116, 0.084683594651570382, 0.046536729854073228, 0.1505372547162285, 0.055562175269759102, 0.092576546595717985], "standard_f": [0.057606044880305955, 0.11280483857158553, 0.13884376993428912, 0.031944978373563165, 0.088100303057840279, 0.037970105240910962, 0.10427010032679433, 0.085947759937815033, 0.044363831060493249, 0.15675825145317743, 0.052112489963738601, 0.089277527199486298], "hpss": [0.040155766895006793, 0.12143964730589239, 0.13490216716068743, 0.025126221157981684, 0.094715884795385674, 0.02926936215832357, 0.11835233516173944, 0.088734672114594945, 0.036680209456856253, 0.16798900482746354, 0.046109740519805563, 0.09652498844626263], "hpss_f": [0.038998606626159331, 0.1222626311394087, 0.14225042035338356, 0.023709423471694541, 0.093063727013394076, 0.027629296354342341, 0.11745890453385689, 0.089179728550787069, 0.035415371939393682, 0.17430650083185723, 0.043025807162030902, 0.092699582023691787]}