{"deep_f": [0.090967329959888682, 0.0054110914448270674, 0.22971055088352776, 0.0023047247972997316, 0.087436992646783188, 0.024433961940143033, 0.029016495704166801, 0.25968714073488647, 0.0019912665569264522, 0.069773037213973182, 0.0030585941169407427, 0.19620881400063706], "deep": [0.09389144962314723, 0.0058225741919931216, 0.22645446403179531, 0.0025282907601116848, 0.089901502103363368, 0.025014112280080939, 0.029881812353259558, 0.25645724895162253, 0.0022550616966789424, 0.073191141252179584, 0.0032776128676565469, 0.19132472988811117], "standard": [0.094884746782740573, 0.063072289663982997, 0.17572921108334771, 0.039348368221918784, 0.068869278017479149, 0.03648696268974562, 0.077085171319605225, 0.11630934583838949, 0.050876315673187129, 0.11921687613046944, 0.045799158392529342, 0.11232227618660441], "standard_f": [0.095227650966962049, 0.059601820299137839, 0.19628503057940636, 0.034830880571113249, 0.065136680877841774, 0.034365018866172083, 0.074495290689867058, 0.12299401463741337, 0.048480021604586553, 0.12036366332655427, 0.042109651979692055, 0.10611027560125337], "hpss": [0.087992080709894852, 0.058070100293478602, 0.19772931482965414, 0.029693644412730352, 0.063843800044346796, 0.023677582714090453, 0.080435779393225923, 0.13375305142215368, 0.041527072633281786, 0.12380117000482649, 0.034154938011146788, 0.12532146553117005], "hpss_f": [0.090111940181440642, 0.0555511276039896, 0.20863244847710799, 0.027225991201114148, 0.062559989121560841, 0.022066679678767871, 0.07874174336132389, 0.13681419255827754, 0.040233004147484479, 0.12560924257819955, 0.031859589014809168, 0.12059405207592418]}