{"deep_f": [0.00789349319037215, 0.039695856481123261, 0.25463696795098956, 0.0024139635794949385, 0.060653146659893173, 0.003291533091089276, 0.21085091203669937, 0.075320118054585994, 0.0032183195908081041, 0.23192750443951329, 0.0016224632932781888, 0.10847572163215261], "deep": [0.0079825124884016774, 0.041314843719933388, 0.25183832886544244, 0.0025031053852458593, 0.063398174332582227, 0.0033820074256655534, 0.20690544463091973, 0.077425218283983119, 0.0033713255905356916, 0.23040620355619393, 0.0016888092741533167, 0.10978402644694306], "standard": [0.072784970251179429, 0.1178119949012166, 0.11975846447883624, 0.038006079118187285, 0.09861378320539918, 0.039809473351341121, 0.10435375861353134, 0.050571070117698173, 0.047950563094404972, 0.16325454214515708, 0.059132023679975061, 0.087953277043073694], "standard_f": [0.07065969147572608, 0.11977791329359443, 0.12864630238006511, 0.036922932473729415, 0.096981333654468205, 0.036443668223179765, 0.10249317281606991, 0.047323700015313434, 0.044153643116764694, 0.17296880477694462, 0.055559582017312668, 0.08806925575683161], "hpss": [0.055337105946264634, 0.13186048619515192, 0.1231252827728017, 0.03053012090533638, 0.10625405042683338, 0.028869221633915722, 0.11854860081675242, 0.042304058436251409, 0.037899722504201108, 0.18450573556520622, 0.05060405346540834, 0.090161561331876569], "hpss_f": [0.054987359846521408, 0.13066140332497719, 0.1325863898842273, 0.030386046473520813, 0.10410544315039105, 0.026210925717128752, 0.11597531094867361, 0.040013653656721777, 0.035141407797604052, 0.19260749910393474, 0.047710253908451294, 0.089614306187847839]}