{"deep_f": [0.070060566274618458, 0.012323883374994344, 0.1983786497825879, 0.0021013553309106587, 0.13590490266067679, 0.012186343088831528, 0.049856664162999234, 0.2257928694273113, 0.0042774306447391662, 0.10151167491397038, 0.0020820828562810091, 0.18552357748207915], "deep": [0.07151467434192707, 0.012673058126905735, 0.19720431614537237, 0.002149039128254971, 0.13676753727276786, 0.012401079204229986, 0.050475920543179613, 0.22360670294815013, 0.0043085592592006705, 0.10431887776971739, 0.0021214360790262521, 0.18245879918126795], "standard": [0.065626641157925353, 0.07662122492957818, 0.15955952007179675, 0.040376550487339145, 0.093365643684210811, 0.041144714245481148, 0.088720382473939985, 0.10737555107582274, 0.055427234425762181, 0.11553042058144196, 0.046905098484983698, 0.10934701838171805], "standard_f": [0.062571725556802571, 0.078324798108096769, 0.1704074530011469, 0.036942815026267714, 0.091768932068542503, 0.03929292560642797, 0.08899790198052733, 0.11108850199295119, 0.053717001570809809, 0.11676271206223365, 0.044188494662060186, 0.10593673836413335], "hpss": [0.050210347081155376, 0.076097549696004047, 0.17463407682527146, 0.033125684923317918, 0.097904279205879671, 0.030478690130506535, 0.094347957222909534, 0.11833421040227239, 0.048401836949068119, 0.11869201596340923, 0.036149131711946121, 0.12162421988825958], "hpss_f": [0.049131535615609449, 0.076530177597910184, 0.18201571615794565, 0.031008301130544834, 0.096923982450784013, 0.029180527313756838, 0.093687935191415356, 0.12028003481338939, 0.04759359605538778, 0.1219022724792705, 0.034182407223957177, 0.11756351397002893]}