{"deep_f": [0.011292505994278291, 0.073391797451531862, 0.22259965592841022, 0.0019676790686447118, 0.098192859760906859, 0.0048821598843254649, 0.15144716261413577, 0.11810413320082679, 0.0029032845000241912, 0.22580869499669423, 0.0026363648203696776, 0.086773701779852039], "deep": [0.011539284449066392, 0.075400909564447657, 0.21953335980091795, 0.0021468517941166361, 0.10085803357313711, 0.0051323405059234186, 0.14730604338549805, 0.12044480527323652, 0.0031460291801763212, 0.2240691986728767, 0.002850882163744448, 0.0875722616368588], "standard": [0.071242523573480557, 0.12697460297456378, 0.15322766409670283, 0.027336079923413279, 0.091940965727384888, 0.048004817851074889, 0.092815544364575328, 0.079134874083338705, 0.060096399153704752, 0.13573139897759551, 0.043339361931106157, 0.070155767343059325], "standard_f": [0.067966586744599766, 0.12852664926985333, 0.16896219130189893, 0.025416142057787909, 0.086542044961446171, 0.043894141195616368, 0.093814920989529121, 0.080053912937592037, 0.05540866807194831, 0.14352249872556391, 0.040995835288208694, 0.06489640845595554], "hpss": [0.057380092326221779, 0.14350425126354749, 0.16611915613823061, 0.017074705450165845, 0.097643587491953496, 0.039544703659859147, 0.10017881363646924, 0.080778519205169833, 0.056137725407783487, 0.14455750725136926, 0.030648469883674256, 0.06643246828555549], "hpss_f": [0.055830160099943106, 0.14124727898320735, 0.1773867117268188, 0.016426445398761962, 0.093209675660659491, 0.036824570357282337, 0.10036644497077674, 0.082834037109181205, 0.05338067192579779, 0.14979244675244749, 0.029527831657050883, 0.063173725358072821]}