{"deep_f": [0.01287925398994242, 0.029316359422917094, 0.25630776311224046, 0.0020077470587336705, 0.067781260966678483, 0.0059238459460794982, 0.1586692064773835, 0.13491549588545285, 0.0024375281277711886, 0.19775589983709457, 0.0021032996207855422, 0.12990233955492078], "deep": [0.013009319587723415, 0.030195057283275012, 0.25474144647791014, 0.0020578378995044946, 0.069562571932419784, 0.0060208536265306308, 0.15606847833384146, 0.13644166922657405, 0.0025076913730924582, 0.19706314047583723, 0.0021657637243085097, 0.13016617005898282], "standard": [0.064071782175609257, 0.1209459618338509, 0.15743766241698326, 0.030393112777507992, 0.076733610219346424, 0.043360460104450715, 0.12483952387480926, 0.07086080360518851, 0.046922437323816776, 0.13752186253818033, 0.044976439539050249, 0.081936343591206315], "standard_f": [0.05945101954393734, 0.12779041081719431, 0.16917515008167824, 0.027679697916896982, 0.072087344781967641, 0.041391723141495522, 0.13198849033370624, 0.071216714633805689, 0.042970277119458694, 0.13782980121916102, 0.04319252096810039, 0.075226849442597846], "hpss": [0.044897049432402962, 0.13446616301886877, 0.17362475355912674, 0.021154478490306002, 0.077184953488310851, 0.03381834634556774, 0.14302546824052526, 0.070440559176875389, 0.036928943586921836, 0.14895230246026622, 0.032603294813672627, 0.0829036873871557], "hpss_f": [0.042454082883104247, 0.13847602198620568, 0.17976860600307779, 0.019787772733851575, 0.073512847560301686, 0.032835623886806074, 0.14773459455875348, 0.071852306028111643, 0.034752512020978503, 0.14959184007959045, 0.032022167045061854, 0.077211625214157045]}