{"deep_f": [0.015676201726746979, 0.031692966512485252, 0.26021417939086783, 0.0020475185201606649, 0.060359134103399791, 0.005925220772545526, 0.18705260461882536, 0.11038707962142008, 0.0025515783217376093, 0.21435207472668924, 0.001999215092510474, 0.10774222659261133], "deep": [0.015860516062984512, 0.032696532846092342, 0.25846806190638111, 0.0021059017826788582, 0.062091480639865478, 0.0060405664607254186, 0.18431938273244636, 0.11185297595954613, 0.0026269357839498555, 0.21315680179491481, 0.0020596386870963819, 0.10872120534331874], "standard": [0.059581878380542783, 0.11376629550759711, 0.13427159853748913, 0.027681333556287605, 0.096950330488574446, 0.042120607718015492, 0.103129857288774, 0.087546864027515339, 0.051381915142087238, 0.15239485671132358, 0.047228691642924044, 0.083945770998869351], "standard_f": [0.056873129578358592, 0.1167953209298464, 0.14186017662798442, 0.025676075509148064, 0.092736222428067269, 0.038949549582094206, 0.10338129126070833, 0.087923111890557015, 0.048740847321949055, 0.16223870386627368, 0.044781953543880919, 0.080043617461131894], "hpss": [0.039375446483914521, 0.12622458176439286, 0.14292164545145616, 0.016601512668782091, 0.10420467377131366, 0.031979573866332371, 0.11577094143649132, 0.092586854481010089, 0.041450216844411997, 0.17018177545570526, 0.034573655031966535, 0.084129122744223267], "hpss_f": [0.038450251532032138, 0.12672989128412848, 0.14974621289807971, 0.015903626578292539, 0.10072457026711351, 0.02967654584903354, 0.11476541964688305, 0.092189951363843822, 0.039725985957897877, 0.1778481569615524, 0.032756878147935188, 0.081482509513207693]}