{"deep_f": [0.011575191222479344, 0.023807681475723479, 0.26734682407376797, 0.0019430216606867096, 0.051316659088567508, 0.0053723903722499725, 0.17854934209814791, 0.12740081253866467, 0.0021295282828708816, 0.1963204211483176, 0.0017807896493682424, 0.13245733838915566], "deep": [0.011876033947954646, 0.0247139217417673, 0.26532405032431811, 0.0021285782500910845, 0.053096211812865675, 0.0056341031976079705, 0.17558442522575524, 0.12904982024638229, 0.0023759613882660714, 0.19486471234935174, 0.0019609672827626016, 0.13339121423287728], "standard": [0.059537483282138461, 0.10416466932674286, 0.15115910491933982, 0.029728365608083968, 0.085017346857660908, 0.041549352727013558, 0.12140418002643839, 0.081452827235273043, 0.048090792414539195, 0.14077483828563656, 0.051507757497084292, 0.085613281820048973], "standard_f": [0.057287634575543298, 0.10227513395790166, 0.16527693662078979, 0.02747833966611956, 0.080607409806722125, 0.039132019291400914, 0.1194833708620089, 0.084592025686935676, 0.045776699790373146, 0.14635368662494275, 0.047494291121851731, 0.084242451995410417], "hpss": [0.040256029610013705, 0.11554332992667231, 0.16523306637328891, 0.019572774821795882, 0.087645855869213918, 0.030295611103887798, 0.14055793947943288, 0.083823130243819502, 0.03727544166351103, 0.15312947565077675, 0.039175061829649145, 0.087492283427938231], "hpss_f": [0.03910966309042517, 0.1116561835282277, 0.17518708053943399, 0.018696755288943649, 0.084554003413669102, 0.028630904455210007, 0.13704002423270734, 0.085998865483181988, 0.036895978210531977, 0.1598978539752583, 0.035925822211885533, 0.086406865570525238]}