{"deep_f": [0.057145753263285914, 0.012139438454359672, 0.24164616646990192, 0.0026273845500871433, 0.080261329131940992, 0.018914884963686231, 0.084704656708611492, 0.20056284472642899, 0.0031784889765379297, 0.12857945114305463, 0.0029373762615263733, 0.16730222535057898], "deep": [0.060125276554601821, 0.012390008602028843, 0.23874569233847606, 0.0027044770759906511, 0.082813006170864498, 0.019383834334129522, 0.084145015067173756, 0.19909559986478936, 0.0032826310956126591, 0.13021967014835106, 0.0030248916432489251, 0.16406989710473285], "standard": [0.076842973982874208, 0.083779038226903232, 0.14994324500102008, 0.037729304433995942, 0.083190187286751302, 0.034689306979495745, 0.099737991546030386, 0.10350342211589608, 0.046199121227494179, 0.13037831287645063, 0.045002575079061684, 0.10900452124402668], "standard_f": [0.076515585151855664, 0.084383140304972001, 0.15924739814179295, 0.036533679870554843, 0.078669722972351364, 0.032378054024997029, 0.10042764966636712, 0.10793149077508053, 0.043065903080740653, 0.12958391873815622, 0.042232202676714695, 0.1090312545964168], "hpss": [0.068337789337041099, 0.085604412265007673, 0.15974513259719514, 0.031181828206871775, 0.085130458255149727, 0.025280522390838878, 0.10635824452281799, 0.10921691583536293, 0.038373121206978993, 0.13785821646028684, 0.036400682671603818, 0.11651267625084523], "hpss_f": [0.069996001867475441, 0.085053856540811948, 0.16541033359177762, 0.031331247150652775, 0.081901856847794996, 0.023572005830226707, 0.10589666174671053, 0.10948416973392583, 0.036537039546578227, 0.13947773981276471, 0.035194895629390335, 0.11614419170189076]}