{"deep_f": [0.050470505003152435, 0.053415858690260949, 0.15516714559493738, 0.0042888936610937702, 0.17781614801157847, 0.014286561517516817, 0.053003795581360584, 0.15565370635606007, 0.0072563879470198952, 0.19706735123514554, 0.0032464985517574388, 0.12832714785011648], "deep": [0.051003127499810001, 0.053688657816834684, 0.15433300375310746, 0.004336539256983513, 0.17878412742392097, 0.014593217313240588, 0.052624647736467946, 0.15472141248472696, 0.0073493729298005619, 0.19839018020651647, 0.0033099734274313836, 0.12686574015115945], "standard": [0.053860979315038325, 0.069795385970496643, 0.1360910937715574, 0.040903668667251251, 0.11825228383630478, 0.032674649946616084, 0.075767093521831308, 0.071020772568511428, 0.04809256549911603, 0.17610627023260986, 0.039240801568353884, 0.13819443510231297], "standard_f": [0.049829054522620875, 0.067847515931860405, 0.14417406943884897, 0.037244503441236788, 0.1214602528703481, 0.03083528502545315, 0.073679897320561169, 0.071411646529692077, 0.046704154648453559, 0.18696844691229089, 0.035920802262504881, 0.13392437109612909], "hpss": [0.038628190128172715, 0.068004437877795004, 0.14021367247001182, 0.035860165975798046, 0.12882136311276834, 0.02338282738958207, 0.076989498488935229, 0.069680058709265524, 0.039261912191154595, 0.1958608881293448, 0.029585867117068156, 0.15371111841010365], "hpss_f": [0.037859467447543024, 0.066747014769325916, 0.14643918387684546, 0.033978053627700011, 0.12926149966206629, 0.022374314727062958, 0.076270752846668483, 0.068803755843299938, 0.038945885239375776, 0.20178396186780703, 0.028078502415217154, 0.14945760767708796]}