{"deep_f": [0.022367849924439916, 0.031735360677060162, 0.2584547897617665, 0.0024372311286975879, 0.070763777996082924, 0.0064903569801376812, 0.20687201120431095, 0.072812800848009437, 0.0040491064507109124, 0.24708087925510613, 0.0024546212355174568, 0.074481214538160256], "deep": [0.0233231688795499, 0.032773119623873186, 0.25514107884264536, 0.0027009320503537213, 0.07374830476862522, 0.0069269171302161012, 0.20218822971511363, 0.075743014702400607, 0.0044223307445687863, 0.24424020174560657, 0.0027468048832242271, 0.076045896913822672], "standard": [0.05060417125728936, 0.13396786260820676, 0.14018461495313655, 0.02655581720964538, 0.11042710442716294, 0.038638694381354394, 0.12185968655231028, 0.05587213773964575, 0.043739260616837021, 0.15039382239451213, 0.046635472704747584, 0.081121355155151759], "standard_f": [0.047789677787409744, 0.13746779670603779, 0.15227774722671886, 0.024455972563496051, 0.10589304171177585, 0.036474553516236317, 0.12365773787534819, 0.054835330317297495, 0.04060767842872099, 0.15676523711514737, 0.043425162059207621, 0.076350064692603789], "hpss": [0.035213444035000534, 0.14684309269951273, 0.14676302202066663, 0.017886621196822914, 0.11969367077688829, 0.030727919356983879, 0.13491174602973838, 0.051139330939514872, 0.035201638223468806, 0.16141376628843571, 0.039444294831210515, 0.080761453601756725], "hpss_f": [0.034642348917120307, 0.14635459302160708, 0.15659679102434099, 0.017164821974736767, 0.11534428711542317, 0.029493487410273394, 0.13464085855730829, 0.051209934956719244, 0.033860629096337767, 0.16591587988584397, 0.036956924189443054, 0.077819443850845896]}