{"deep_f": [0.013648555585659243, 0.023014975515823346, 0.25711223669256189, 0.0023000860592025689, 0.061434901666132725, 0.0046482437963825448, 0.18863372876540868, 0.11254182168812688, 0.0028220638707801169, 0.20067653282639189, 0.0015984483197132374, 0.1315684052138171], "deep": [0.013994376239359644, 0.023804885613296561, 0.25449881592358503, 0.0023649189784378986, 0.064106235632937603, 0.0047330225559230376, 0.1852869084334382, 0.11456434665784479, 0.0029334357139714599, 0.19930078811938587, 0.0016473125414480138, 0.13276495359037188], "standard": [0.067899831800874499, 0.10162080289879391, 0.12086627017007771, 0.038774658890031934, 0.096640776109506221, 0.040957457947542034, 0.10889788662135705, 0.057800633007876967, 0.045567198944525253, 0.16056799669710697, 0.051472147857147196, 0.10893433905516042], "standard_f": [0.065129587650126206, 0.10015751760106857, 0.13205025451946623, 0.036252074488125952, 0.094555889205909779, 0.037967252337049687, 0.10685889913300768, 0.056163006087994224, 0.043046241922922709, 0.17066442052556741, 0.047812063503320096, 0.10934279302544157], "hpss": [0.048866381050851566, 0.11012905872508462, 0.12408527662941483, 0.031508140787639076, 0.10415520492641948, 0.030376797470063242, 0.12392206758023297, 0.051603611485315698, 0.034780340243519496, 0.1820085105992742, 0.040291113184797112, 0.11827349731738768], "hpss_f": [0.047447416253423497, 0.10852123961592378, 0.13281681884083382, 0.030110081486844575, 0.10179712691647003, 0.028469828707628052, 0.12241660915999036, 0.051357540725048237, 0.033153811770141359, 0.18920964456831302, 0.037725821814823875, 0.11697406014055931]}