{"deep_f": [0.11985492776292986, 0.010225593105726349, 0.17996236727397391, 0.0027235978584366077, 0.1401214581085021, 0.019225395694007788, 0.032016332829806218, 0.23360913249467538, 0.0025388362738958023, 0.11041782373394679, 0.0034630972656020287, 0.14584143759849702], "deep": [0.1208117276123261, 0.010465066328274628, 0.17891609200205544, 0.0027702815074543228, 0.14094250109008663, 0.019442263512627084, 0.032578828826731528, 0.23157834446348011, 0.0025892224458939485, 0.11291587322750567, 0.0034935318796409463, 0.1434962671039236], "standard": [0.074733676730238979, 0.064655446364551963, 0.1507505688691812, 0.031630778242534477, 0.094267079641159698, 0.037155744532052531, 0.074143593656267465, 0.12418866265561844, 0.058371503370226389, 0.14028882653137684, 0.039329071609509589, 0.11048504779728234], "standard_f": [0.073526277292000036, 0.064432176272201519, 0.1582890991105976, 0.028994731300951794, 0.090179648081298899, 0.034878195383177983, 0.074102417511732285, 0.13061252128787504, 0.055896099914186183, 0.14453035826701935, 0.036813221282996883, 0.10774525429596253], "hpss": [0.059997330161097699, 0.059579559334504047, 0.1649410790473381, 0.020969635943435733, 0.10159379035461949, 0.024025680887178606, 0.0735192226869648, 0.143881888106798, 0.050149147785700621, 0.15476881360732267, 0.023622803771083757, 0.12295104831395635], "hpss_f": [0.06049830251904529, 0.059597908390307687, 0.1678993240761788, 0.019754790599596925, 0.099670122611329168, 0.022381819122117747, 0.073139264901733933, 0.1469334103857719, 0.048255463699389455, 0.15904002398612735, 0.022678527051231703, 0.12015104265717017]}