{"deep_f": [0.0088726742390751786, 0.020622317306524276, 0.2666461652123997, 0.0022699644463182495, 0.050385261136867456, 0.0032907649480699371, 0.2138233187929319, 0.08510084932038256, 0.0025128488448999272, 0.21632274419746206, 0.0013734282085042483, 0.12877966334656454], "deep": [0.0091436804711370057, 0.021212885051892845, 0.26502694641508989, 0.0024288393280286857, 0.051910608184238455, 0.0035271465048578379, 0.21096696549383015, 0.087098493744471928, 0.0027377826156683802, 0.21466480949555131, 0.0015312079261933734, 0.12975063476904017], "standard": [0.061721186344279068, 0.12643337423244849, 0.13579972745518931, 0.030318204104282962, 0.095775423151039679, 0.041859600574942778, 0.1240074403961689, 0.048111062668635872, 0.045357951937799429, 0.15579252624840689, 0.058164368563002604, 0.07665913432380389], "standard_f": [0.0594461014272838, 0.1309898169754061, 0.14679850926553029, 0.02799690041398727, 0.090454519853643042, 0.038866022048966338, 0.12552206776273736, 0.045155521280618699, 0.04148209422551042, 0.16701538162816382, 0.054985544170224908, 0.071287520947928062], "hpss": [0.041986043556597595, 0.14266659444990676, 0.14520892229787419, 0.019939442657799327, 0.10227424518235134, 0.031010321773441998, 0.14534758558313826, 0.038838018344654543, 0.034394436913980524, 0.17448635012076241, 0.048798219407966623, 0.075049819711526314], "hpss_f": [0.041333601980714889, 0.14323560261508134, 0.15503058061986455, 0.019035226075306756, 0.097738014049819577, 0.028840049118109425, 0.14490228104808917, 0.036886459839457479, 0.031800532815973663, 0.18330970321576204, 0.045106256097180664, 0.072781692524640576]}