{"deep_f": [0.031643591395431762, 0.014143650185659707, 0.24240422394465164, 0.0013661830641168811, 0.10074421654573987, 0.0094207432330787062, 0.059567260324359925, 0.22990363766638569, 0.0022842324653775115, 0.10900851887367664, 0.0017395315959977218, 0.19777421070552384], "deep": [0.032454644245708528, 0.014582435782310645, 0.2404735488185672, 0.0013987431562928045, 0.10293318859505937, 0.0094639408372487743, 0.059759993151168082, 0.22833027323620086, 0.0023513543896410828, 0.11113489136106904, 0.0017759082618674245, 0.19534107816486621], "standard": [0.064902711769462856, 0.058460555193445916, 0.17280409420893145, 0.036249411983379581, 0.086105062907881794, 0.040393489154532169, 0.077905922446887432, 0.10020944709243117, 0.048712995555372132, 0.14032310388450045, 0.047177886884046893, 0.12675531891912808], "standard_f": [0.063518691903750896, 0.057741830300883465, 0.1872669000783263, 0.034470596276196731, 0.080921261403972267, 0.038397807964140919, 0.07870257901881654, 0.10001300740338528, 0.045645885399932758, 0.1463805251930711, 0.044024588459851827, 0.12291632659767183], "hpss": [0.050296922203679102, 0.054207200265443553, 0.19128725139681382, 0.028255338160651657, 0.089873071175159719, 0.032198572271618951, 0.078618012756966241, 0.10800071345165083, 0.040573995402599192, 0.14996843570434434, 0.035413937752685275, 0.1413065494583875], "hpss_f": [0.050465677012511881, 0.054586918884632539, 0.19801730770046427, 0.027817956721360233, 0.087588713872374838, 0.030332965195798787, 0.079509505078153186, 0.10564648409777867, 0.038953526429131857, 0.15521689569306102, 0.034616546384098397, 0.13724750293063415]}