{"deep_f": [0.013757154565434774, 0.018527579617082728, 0.27449274996973183, 0.0017332128180824007, 0.049655844987527932, 0.0051218548680233818, 0.20897437682050632, 0.095956432657120228, 0.0030645732572889888, 0.20876389869735562, 0.0018340282649550543, 0.11811829347689075], "deep": [0.013932331215201276, 0.018866677392024869, 0.27346561389851887, 0.0017648382700872114, 0.051191949864039868, 0.0052233480002670833, 0.20659693995963205, 0.097543095769028393, 0.0031512602950149356, 0.20750229353827668, 0.0018926334633179648, 0.11886901833459081], "standard": [0.069413953110621401, 0.102581436358735, 0.17520755562910992, 0.027981241457219679, 0.079193411952636822, 0.036008876541888467, 0.12387206431565392, 0.054181331920901639, 0.047884736096633899, 0.16095572391178745, 0.047940433114228256, 0.07477923559058354], "standard_f": [0.06768185193168598, 0.099816780720920345, 0.19196361467381037, 0.025378177580859886, 0.074193923050098545, 0.03280041013576572, 0.12462150525899926, 0.05483938600803949, 0.045110594287197638, 0.17191581814985699, 0.043758839201297757, 0.067919099001467836], "hpss": [0.056755825841829019, 0.10990061642317128, 0.19181917142675464, 0.01985233030207742, 0.083298544800703644, 0.026668354613251198, 0.13866865954799501, 0.04785920899018354, 0.039460921461014216, 0.1753543607955797, 0.037837437327067895, 0.072524568470372433], "hpss_f": [0.056107448937841142, 0.10582447076229556, 0.2033801283791199, 0.018965124467963085, 0.080020452884071711, 0.024700964164469569, 0.13720787551613581, 0.048900497735659958, 0.037985675703512696, 0.18210255674268438, 0.035010892583189547, 0.069793912123056551]}