{"deep_f": [0.066683031395316089, 0.020064985083288082, 0.21812197665904118, 0.0025196598232503009, 0.12383654573146635, 0.018860259643765542, 0.051433991328559622, 0.19679393781715443, 0.0045922522290622108, 0.14460465343004084, 0.00360915596780583, 0.14887955089124955], "deep": [0.068656408539734745, 0.021288146031254285, 0.21361314463241118, 0.0029205717975937157, 0.12788850718228953, 0.019282990599179116, 0.052412383808351504, 0.19187534151482752, 0.0052122903204639042, 0.14965101485398244, 0.0039723039491532048, 0.14322689677075884], "standard": [0.057698189423227388, 0.067573745897426166, 0.14581812888905643, 0.030201495752394582, 0.11059945208964599, 0.033832319598623317, 0.078352452557358884, 0.099121813911023579, 0.055523384146517474, 0.14937552295757295, 0.043206025740661895, 0.12869746903649129], "standard_f": [0.053914382596656873, 0.066580298649040762, 0.15439839860357357, 0.026986477414713488, 0.10972161938125047, 0.032395168020132099, 0.078721664975922326, 0.10458008904207282, 0.054998361632187263, 0.1528678650437286, 0.039996187860790483, 0.12483948677993137], "hpss": [0.044912698423363102, 0.067303385908323812, 0.15498613200412895, 0.023330487574982805, 0.1209363738662034, 0.025776852347203304, 0.080311746717099022, 0.10443416046514203, 0.048591590273575166, 0.159795818143006, 0.030938723305956369, 0.13868203097101611], "hpss_f": [0.043583824453293632, 0.066337558140187158, 0.160155585475137, 0.021681848768029057, 0.11947719637464815, 0.02513203090706654, 0.080739406079092552, 0.10822331897066512, 0.049064149949104949, 0.16013788123923586, 0.029565095028482549, 0.13590210461505756]}