{"deep_f": [0.19245557732036189, 0.020698113163289976, 0.094790008595357481, 0.0037416880967425441, 0.21464290796821556, 0.035026309534808196, 0.017834016743810993, 0.19412607460827316, 0.0047053797165710872, 0.16219508768048127, 0.0063073210556033946, 0.053477515516484275], "deep": [0.1864291530375877, 0.021311749185576889, 0.099903815423117312, 0.0038776437123576751, 0.2093667990795251, 0.036884747806674376, 0.018812980360424839, 0.19038504607784468, 0.0048605679706237312, 0.16616964207495075, 0.0063743762353043257, 0.055623479036012641], "standard": [0.096760456714884951, 0.05450848101599811, 0.12869405279543245, 0.035271449166182987, 0.14251592177706368, 0.037188395036353787, 0.055538334302406969, 0.083597151404200112, 0.068216819248225785, 0.14083067310352526, 0.038885327841887973, 0.11799293759383792], "standard_f": [0.09905800683489524, 0.05444518809411384, 0.13269770811818607, 0.0337752904236873, 0.14077020656994291, 0.034089130800149393, 0.054343666641695938, 0.083949931229107363, 0.064587677130543669, 0.14903686417889903, 0.036709786044282475, 0.11653654393449672], "hpss": [0.093459862103298236, 0.049230710671559062, 0.13395350550069235, 0.027046983805874964, 0.16185287985140051, 0.02723148682701669, 0.04970423915997195, 0.085876541779439125, 0.06466972924214065, 0.15003518848864561, 0.026639576008851553, 0.13029929656110939], "hpss_f": [0.096181402394827073, 0.048996635652780333, 0.13693533765759955, 0.026046420276762176, 0.15811043955529544, 0.02553916943285001, 0.049478710125344959, 0.088495053053820813, 0.061796324813264691, 0.15433930049950412, 0.025722957843689186, 0.12835824869426166]}