{"deep_f": [0.013661776816979356, 0.032416122238539534, 0.2448418017029666, 0.0045522666937295626, 0.06873440127404136, 0.0066892719109198197, 0.17844892632545792, 0.10041513073990094, 0.0047842224396327585, 0.19944352709423055, 0.0026764438997827688, 0.14333610886381878], "deep": [0.01404623875415845, 0.033066352596146438, 0.24285620908824146, 0.0046358763055873676, 0.070998859588033869, 0.0067961692430628801, 0.17568702839984085, 0.1020151433258862, 0.0049162356895498761, 0.19855936612238154, 0.0027455174395115836, 0.14367700344759951], "standard": [0.05908384434912746, 0.11262016205044667, 0.10590129061718201, 0.036094319841900521, 0.098760614177088979, 0.038027746063382759, 0.1305520459589006, 0.058909388516550407, 0.044450702072151842, 0.14237482846954552, 0.049650309780020357, 0.12357474810370299], "standard_f": [0.055977652835717207, 0.11531312719993131, 0.10838648206814781, 0.03345380646177714, 0.09740108605494413, 0.036210295451884547, 0.13408749626760091, 0.05701422320549248, 0.042404645352625635, 0.14717592330744891, 0.046725379388349822, 0.12584988240608028], "hpss": [0.041673494380018446, 0.12313417550693954, 0.1037963445935941, 0.028597110150765673, 0.10641394992182014, 0.028728140310422923, 0.14961328194951509, 0.053842274570207897, 0.033360013923668497, 0.15503352832089121, 0.040695374921517508, 0.13511231145063915], "hpss_f": [0.040919977123000321, 0.123199130150198, 0.10833118838863749, 0.027266927949744342, 0.10454707049923995, 0.028013352108240831, 0.15120067848307492, 0.05258059900872683, 0.032387676188579843, 0.1579501916158593, 0.038986108589854802, 0.13461709989484344]}