{"deep_f": [0.047668250268745986, 0.010417364836521902, 0.24195520641083976, 0.0026124010403351773, 0.085732045228218104, 0.020343600927621452, 0.043916395317121437, 0.24124239607043979, 0.0036395656669424219, 0.091497621346824626, 0.0029813643690366886, 0.20799378851735251], "deep": [0.050418916169025607, 0.01086048588267554, 0.23895142420262369, 0.0028478943249545777, 0.088130361181362249, 0.02086686661890411, 0.044249845035001255, 0.23865224825677608, 0.0039247953659417379, 0.094331397914987999, 0.0032282439454911151, 0.20353752110225604], "standard": [0.069467594293580237, 0.071134964329297834, 0.16081962055116242, 0.041095984624707392, 0.10172795409538314, 0.035371175872033561, 0.087702325889566363, 0.085884537108481859, 0.054243842643978267, 0.1280096047334989, 0.044367997955475677, 0.12017439790283445], "standard_f": [0.066176943897202731, 0.071034380436472519, 0.17360442630010653, 0.038535060001624911, 0.10333351853495884, 0.033843693954403641, 0.086558329698989259, 0.085204822048035797, 0.05312200129411751, 0.12955907246321877, 0.041028660342374616, 0.11799909102849518], "hpss": [0.055915304473722852, 0.06979687964753771, 0.1751525353039653, 0.033767755370977835, 0.10855342157292117, 0.023335461801758099, 0.093244176062504888, 0.0903098616800313, 0.046043708467826718, 0.13573355675464152, 0.033744844928549365, 0.13440249393556322], "hpss_f": [0.054993358184393958, 0.069821434767329049, 0.18243975531279116, 0.032658927150099951, 0.10929993115673764, 0.021971899739619761, 0.092517873645241666, 0.087413888057519484, 0.044962103489478843, 0.14052866395426741, 0.032009659231979903, 0.13138250531054113]}