{"deep_f": [0.041737940150043083, 0.01508125433864998, 0.23953396142151551, 0.0028096390917923143, 0.087928029603252258, 0.019521902375355116, 0.035398986724858257, 0.25000451792856054, 0.0031100335441103066, 0.088916445861515953, 0.0033611547097701436, 0.21259613425057652], "deep": [0.043901186850403798, 0.016133422176553724, 0.23533014547401584, 0.0029383461348999516, 0.091939792625291131, 0.019599389869106112, 0.03644722425210728, 0.24610956604599521, 0.0032548914481983424, 0.094361323853413351, 0.0034871225940405078, 0.20649758867597476], "standard": [0.080163334048576909, 0.071681005049401364, 0.13464714202150244, 0.041079432802708364, 0.085520083246272707, 0.035294479001428652, 0.082668059570885355, 0.10790692195779772, 0.056482527662800999, 0.11706294107425202, 0.047552993015873041, 0.13994108054850055], "standard_f": [0.079495416605346453, 0.070480787316555507, 0.14059503634130982, 0.038070716949121258, 0.086205067139720856, 0.033618697495261633, 0.081868504321769064, 0.11034780043726035, 0.055646851523520377, 0.11752114069514238, 0.04515754353047418, 0.14099243764451816], "hpss": [0.065449309021282501, 0.067482014777294749, 0.14251543394590374, 0.034087252011162097, 0.088977392689112741, 0.023472703415652239, 0.08771797067233468, 0.12033393667379028, 0.048009989689920714, 0.12273166270406911, 0.037887428371582897, 0.16133490602789427], "hpss_f": [0.066572127598028802, 0.067550427302549759, 0.14606095720813994, 0.032831984761218659, 0.089298726532595921, 0.022157896380157079, 0.087711813707058855, 0.11886562905765997, 0.047197452598106766, 0.12543457464182139, 0.036741451221696267, 0.15957695899096666]}