{"deep_f": [0.01372890756042257, 0.031496198428972257, 0.24813267973606415, 0.003863588107281591, 0.075011324261975057, 0.0068580688254227381, 0.1849394082869654, 0.088252584993053565, 0.0051702406260263119, 0.21494818166413915, 0.0026871911843906432, 0.12491162632528648], "deep": [0.013797503869477765, 0.032409387206042341, 0.2457432187871883, 0.0039362788802131902, 0.077662776382861815, 0.0069618496805727266, 0.18096124799118746, 0.09080284960790258, 0.0053042667443429807, 0.21326880333481302, 0.0027560873383032348, 0.1263957301770946], "standard": [0.066681953988679529, 0.10160433404304176, 0.13860008434349466, 0.040512012859914702, 0.10955834568512168, 0.037756525099093802, 0.09832478657546484, 0.052286632042392554, 0.048317349278738458, 0.15937716927144788, 0.048937501872568477, 0.09804330494004164], "standard_f": [0.06421858582545191, 0.099474830127051869, 0.14995300792867247, 0.038476687348259687, 0.10908846018500963, 0.035163003133272634, 0.096191997258148892, 0.052138661852458502, 0.046919303199373853, 0.16690977300208462, 0.045508050261279138, 0.095957639878936934], "hpss": [0.049649110214175139, 0.10944298746790361, 0.1468751736211753, 0.032628165136631047, 0.12092449318414034, 0.026093365294558475, 0.10858847715563597, 0.044830170190499216, 0.037710116455892319, 0.18121254181254154, 0.038486328659876848, 0.1035590708069702], "hpss_f": [0.049452897256774639, 0.10649895516977843, 0.15495386392772492, 0.032122675353308282, 0.11936074274162331, 0.024289579703650293, 0.10611917977032614, 0.044007278785138867, 0.037353303052754916, 0.1864349696747937, 0.036189888197731446, 0.10321666636639515]}