{"deep_f": [0.060582187689716877, 0.011534713625333044, 0.22579514790657815, 0.0032049822117845182, 0.10022969305857679, 0.020447264356680026, 0.027234646318153432, 0.25692515437980479, 0.0033658052550878405, 0.081590094990213829, 0.0039911714937982999, 0.20509913871427232], "deep": [0.063416179690976002, 0.012208185057220666, 0.22153410464239154, 0.0034464511254820008, 0.1038397122437462, 0.020777927562941303, 0.027560017710817956, 0.25408348224677707, 0.0036486911452918835, 0.08529485665621872, 0.0042406862274208543, 0.19994970569071582], "standard": [0.066552726333166889, 0.064871449638144771, 0.16540414686329896, 0.037990697140481575, 0.087540089738515625, 0.034325242655262544, 0.082189599303016614, 0.11995527988270746, 0.055208969702490583, 0.12506101829192867, 0.041438294071950536, 0.11946248637903584], "standard_f": [0.062244273742054781, 0.06338913372678158, 0.17543679484525077, 0.034899450513052981, 0.085171120956739274, 0.032583197643423947, 0.081103450889729214, 0.12842864942199095, 0.05440968700640355, 0.12671062595646868, 0.038259398867226978, 0.11736421643087699], "hpss": [0.050407982156468634, 0.060552749698267377, 0.18443592814977577, 0.029249928296411345, 0.091581281886179547, 0.021525429769889446, 0.085132343164343524, 0.13732200940081749, 0.045263772421704443, 0.13218260897264039, 0.028137423823733042, 0.13420854225976914], "hpss_f": [0.048402279337662238, 0.060009065271083128, 0.18972320570019902, 0.027383252601569846, 0.091176671877048532, 0.020251256386722857, 0.084480250123844428, 0.14062805335104578, 0.044585625090802501, 0.13627349351329845, 0.026348656943440601, 0.13073818980328267]}