{"deep_f": [0.011286868128661604, 0.028747695789439167, 0.26240710111437493, 0.0021723530917167585, 0.057209896085914265, 0.0044660668717034849, 0.20479948404336884, 0.088267103594855179, 0.0034753306358369833, 0.21497294314612564, 0.0017788634043211448, 0.1204162940936821], "deep": [0.011432950936382193, 0.029995668731266273, 0.26041058348958956, 0.0022237805604050156, 0.059692344748628924, 0.0045215120738775916, 0.20205380724918492, 0.08948254948217936, 0.0036107975807055256, 0.21443042109292701, 0.0018330168713488772, 0.12031256718350476], "standard": [0.062346600444579132, 0.093558556071765039, 0.13900129171350334, 0.027422508611368093, 0.084100225097104131, 0.037142051657310562, 0.11515642001124984, 0.06220067305221455, 0.047867283828590963, 0.18556349102600808, 0.058625883691267172, 0.087015014795039175], "standard_f": [0.059909768918569799, 0.092402162513797653, 0.14980308430772488, 0.025639442890830737, 0.08095270191777959, 0.034000028976970867, 0.1141051831515367, 0.062734778687494233, 0.044681208914974291, 0.19886759840923418, 0.053985332163938457, 0.082918709147148731], "hpss": [0.046831069552038265, 0.10227488616205029, 0.15149927877971858, 0.018004924091864674, 0.089142830068228554, 0.025395691495288468, 0.12863184965138624, 0.056247310212647589, 0.037264756430735402, 0.20983010973374852, 0.048256171574062735, 0.08662112224823082], "hpss_f": [0.045724496427704119, 0.10110927848375167, 0.15983917364575392, 0.017071441273177886, 0.086245827920054779, 0.023204734488307822, 0.12785071379104274, 0.056044013343821947, 0.035313680751963478, 0.21847631606287896, 0.045063685128718452, 0.084056638682824175]}