{"deep_f": [0.030947714700152434, 0.016088826527485625, 0.24538438553068087, 0.0020835126768667884, 0.092437144998278639, 0.014148641859507115, 0.062154378495110872, 0.21912456768800617, 0.0029526577023867412, 0.12050914010927545, 0.0022309250334567161, 0.19193810467879246], "deep": [0.032011118961651493, 0.01651277304655796, 0.24401655030948705, 0.0021202046593515127, 0.093858471577905014, 0.014259256855084649, 0.06304245025677406, 0.21671162086875631, 0.0030103147889842465, 0.1236103664246411, 0.0022698598306292819, 0.1885770124201773], "standard": [0.062874299396602037, 0.070232348035930772, 0.15112483743474553, 0.037853202319440039, 0.074544213093369269, 0.032421210518446805, 0.091342713938319511, 0.095284247078954845, 0.043939006569524229, 0.16177899588410999, 0.048702076122802557, 0.12990284960775442], "standard_f": [0.060590726165616726, 0.069546920151448297, 0.16093112955333322, 0.03535328627371969, 0.074765520606117436, 0.030836952789135182, 0.089849490546933058, 0.09646106240376956, 0.042808062416676972, 0.16742022896638126, 0.045237345172049692, 0.12619927495481872], "hpss": [0.046379481874024797, 0.069876521243832576, 0.166146574584568, 0.031624631900625408, 0.075493570371665222, 0.020483854794734448, 0.095793397983942194, 0.10223266509212743, 0.031468733680918105, 0.17798467650080715, 0.037161286356150458, 0.14535460561660407], "hpss_f": [0.045641802299005843, 0.068802322894562215, 0.1743020413270239, 0.02983234634470119, 0.07562874427200493, 0.019340136844672763, 0.094321199798156383, 0.10269627959075592, 0.031243662517304868, 0.18115997031466338, 0.034889060653970537, 0.14214243314317804]}