{"deep_f": [0.012101112150122337, 0.02737334693644659, 0.26723561651704941, 0.0020529325934228056, 0.058130535620873197, 0.0049238559529365868, 0.19399074850089743, 0.10187627935250351, 0.0030258773239003867, 0.21250071294327061, 0.0019081030200224041, 0.11488087908855479], "deep": [0.012421236955326204, 0.028626096889804352, 0.26439881666913728, 0.0022683409948677812, 0.06106011667182859, 0.005219764747184893, 0.1900834193507796, 0.10380695028702296, 0.0033360642594211331, 0.21096842756351089, 0.0021179321057953737, 0.11569283350532096], "standard": [0.067473965474835237, 0.09640176802482299, 0.13995533262620041, 0.029490486181287402, 0.082060246909789789, 0.041993889582357141, 0.11319116768294886, 0.074543111876641407, 0.051933667727329332, 0.14573627448199711, 0.063854879161293399, 0.09336521027049681], "standard_f": [0.066004103715539456, 0.094456886430027975, 0.1516524742345263, 0.028047684563129043, 0.082638023328155674, 0.039161393865444316, 0.11022469522300442, 0.071545986053357144, 0.050753239569275028, 0.15397068343099024, 0.056931952159886771, 0.094612877426663661], "hpss": [0.053584175610614591, 0.1052503097701747, 0.15112771602244471, 0.020218609431444788, 0.085690020153061708, 0.033273890507651685, 0.12642181778725983, 0.074211135419622001, 0.042906650620921895, 0.15703084420857449, 0.056168633745748368, 0.094116196722481282], "hpss_f": [0.052371462538332379, 0.10172344357370458, 0.1622882498138741, 0.019243913933997141, 0.08665944819208167, 0.030747956610270615, 0.12151664213998367, 0.073496099524269651, 0.04219703541562822, 0.16420299968721286, 0.04872818436599953, 0.09682456420464565]}