{"deep_f": [0.012877039640946174, 0.033782844740012558, 0.25932501611630998, 0.00154203824440521, 0.074802638053113588, 0.005052510909026019, 0.1862252021993836, 0.09962999510584114, 0.0028897026799222713, 0.22836142026136297, 0.0017606378074495345, 0.09375095424222693], "deep": [0.013105051050635133, 0.03549552790044689, 0.25654590178289477, 0.0016152699024258161, 0.077727513547163271, 0.0052023515219789982, 0.18194706584571727, 0.10183238197262409, 0.0030220267408783788, 0.22695227478333832, 0.0018527104021266948, 0.094701924549770403], "standard": [0.058063020758420014, 0.10308281040692473, 0.1619093476946431, 0.027091017965743137, 0.087708079331432834, 0.038874635064572068, 0.10672850219513873, 0.073922280470979984, 0.047861244265683639, 0.15248958367225457, 0.051455863508169046, 0.090813614666038198], "standard_f": [0.056860450414773001, 0.1035162624238628, 0.17731615594533903, 0.025522180799682243, 0.083851140595850998, 0.03635277504259618, 0.10960182529219689, 0.07091049437054904, 0.045377121690487229, 0.15810475499661136, 0.047514043390541105, 0.08507279503751014], "hpss": [0.043530445383006856, 0.1118050268939126, 0.17603032535579041, 0.018704515031470283, 0.09188439887023285, 0.030200591787412027, 0.11501728346594145, 0.073978053008787542, 0.039624155886133453, 0.16581582826212812, 0.041883346497238322, 0.091526029557946101], "hpss_f": [0.043569079019476098, 0.11155329845380184, 0.18592600185082656, 0.018049018183649203, 0.089106010121122542, 0.028615952740175372, 0.11668648449766128, 0.07191257614105126, 0.038181151595027628, 0.16959085425904855, 0.038990709026177219, 0.087818864111982503]}