{"deep_f": [0.0647697724337742, 0.0075759866320943498, 0.25463857766651038, 0.00144100014412413, 0.064284540140438731, 0.015486276600511759, 0.098902349024210578, 0.19821773012624197, 0.0015649664703321379, 0.12672196442769348, 0.0017359726582802696, 0.16466086367578806], "deep": [0.067482369487898444, 0.0080708780709858857, 0.251369733051099, 0.0017168355912715568, 0.066834803400304232, 0.016130547546747219, 0.098234401434729515, 0.1963446091276945, 0.0018905893745389225, 0.12853498315573239, 0.0020033887777540396, 0.16138686098124427], "standard": [0.095227352682125316, 0.08149063064653489, 0.11746040681304516, 0.041506583114771303, 0.076956897472644156, 0.029606070147697477, 0.098087972231743328, 0.086083983946002307, 0.039459339763892945, 0.15082929819107851, 0.057176818684236415, 0.1261146463062281], "standard_f": [0.09546838764503783, 0.080726209742242261, 0.12381420445877941, 0.039035045313143113, 0.078288172197351083, 0.028483857464044127, 0.096325941327636999, 0.087493313174659318, 0.038366807661151282, 0.15389399463877917, 0.053924741788867664, 0.12417932458830779], "hpss": [0.089566878057548482, 0.083746725497374552, 0.12023258038034584, 0.03718976919034489, 0.078697116130964917, 0.020052601599040605, 0.10393295090624563, 0.088637114379618923, 0.029007223902660962, 0.16153406833433123, 0.050511151174415514, 0.13689182044710826], "hpss_f": [0.09010497834664212, 0.082938898070439374, 0.12542855209426348, 0.035881547934578394, 0.079327678393302736, 0.019096332258852048, 0.10290852846077668, 0.08809826554617331, 0.028647878012672059, 0.16389664979116728, 0.04821221980191176, 0.13545847128922084]}