{"deep_f": [0.0083030995995846801, 0.055660001406938525, 0.22727224113498637, 0.0023166952056124447, 0.10248428585808889, 0.0035449023115353201, 0.17200217924180883, 0.086760044902179673, 0.0085248065593739372, 0.21055089455650816, 0.0016844899561941041, 0.12089635926718902], "deep": [0.0083921143989188832, 0.056454550522464855, 0.22494582160899895, 0.0023996517838080576, 0.10531994962947841, 0.0035763285642250375, 0.16904754749961476, 0.087900100702430095, 0.0088408959789791405, 0.20926204837608689, 0.0017311505978116627, 0.12212984033718324], "standard": [0.063238973245301713, 0.096203320144239726, 0.13823519740735496, 0.03047591235058808, 0.11188541424231714, 0.049399704742018637, 0.11217498947849618, 0.059223580895129073, 0.055265358086479387, 0.13224220983349985, 0.053951368317111996, 0.097703971257463107], "standard_f": [0.060832548369289439, 0.094961943024102616, 0.15241409436915851, 0.028776498088463134, 0.10878226432740552, 0.046655080037738189, 0.10989100016126095, 0.058788915097932042, 0.053313034615464716, 0.14054323257404053, 0.049299245171759522, 0.095742144163384765], "hpss": [0.04792576184867757, 0.10600810633143953, 0.15001914226726662, 0.02008004954067448, 0.12618371333839445, 0.04060278457414656, 0.12648255171629241, 0.052006940848688399, 0.045700021156338241, 0.13931512067039872, 0.042927454593319793, 0.10274835311436295], "hpss_f": [0.046723777476055016, 0.1045203891847908, 0.16093906686862247, 0.019127336548885827, 0.12295359638785915, 0.038366411606765946, 0.12360136881636204, 0.051817847327639791, 0.043985827539321148, 0.14700490779367215, 0.038828000999950943, 0.10213146945007484]}