{"deep_f": [0.00787026213635484, 0.033763744827022164, 0.25687165652954874, 0.0020167042118777547, 0.062649364397454985, 0.0030407393598355205, 0.20904038307343739, 0.082561851816632517, 0.0035787434460158975, 0.21484717593216029, 0.0015271174366921993, 0.12223225683296765], "deep": [0.0080160328621418277, 0.034297985197626876, 0.25530558611833504, 0.0020573273071261195, 0.06462872068455057, 0.003105124699003617, 0.20616308638174505, 0.084563411277989428, 0.0036894083416100032, 0.21351054090046157, 0.0015644283643102364, 0.12309834786509968], "standard": [0.06838719892545489, 0.10381337882493835, 0.13217723836970091, 0.031033126615788022, 0.11059008533677014, 0.049153465783437898, 0.12206016463656159, 0.060543084343473705, 0.050219135665996249, 0.12892349621732771, 0.061386768285395313, 0.081712856995155361], "standard_f": [0.067145267257518806, 0.10365427845630749, 0.14466003206637976, 0.029808793207466849, 0.11081545945256575, 0.046427860891006069, 0.1196915935106683, 0.055387918369751502, 0.048787669924339014, 0.136596240673825, 0.056750371348357691, 0.080274514841813804], "hpss": [0.053470794685740987, 0.11758829619287403, 0.14371199217468775, 0.0203167423527452, 0.12201807395918197, 0.039657186410269184, 0.14061857731116409, 0.055536823625368291, 0.038901047005564779, 0.13494186803278913, 0.052513968597638475, 0.080724629651975896], "hpss_f": [0.053247397540876096, 0.11543835659901201, 0.15441241798027663, 0.019667081327302983, 0.12200552441943048, 0.037477037378836328, 0.1352232981706096, 0.051381720056851585, 0.038418686509463847, 0.14340596902187391, 0.047539231988305786, 0.081783279007160772]}