{"deep_f": [0.097465353545013053, 0.0080710566771271391, 0.21119470539555688, 0.002035984231960854, 0.11754701065420345, 0.020357040046464464, 0.036822023483560153, 0.23910515632250998, 0.0026541889708250159, 0.087677561005967644, 0.002852560412273609, 0.17421735925453771], "deep": [0.099537958344222785, 0.0086934523776107317, 0.20874495895356129, 0.0023840796062502747, 0.11916662074456423, 0.020934328188864666, 0.038109919198752965, 0.23519939732706069, 0.0030964478646242884, 0.091603432226084178, 0.0031891997508802397, 0.16934020541752362], "standard": [0.07661206095545274, 0.059057618865918253, 0.13447054288524138, 0.039200097418417283, 0.088420256542364573, 0.044772454495004249, 0.089235085519912521, 0.1131860000028997, 0.049628020493745754, 0.12021040600144592, 0.04959375574654655, 0.13561370107305104], "standard_f": [0.074822744486881185, 0.057860059900202154, 0.1405501999913179, 0.037554949768016897, 0.089306543167879227, 0.042123589110573796, 0.087486452227997114, 0.11464585448585822, 0.049043120857476377, 0.12496241513595381, 0.04638326349033918, 0.13526080737750409], "hpss": [0.063490751090703471, 0.054715668326863573, 0.14834699898718581, 0.031419910232503928, 0.093365675476404161, 0.035199080825124851, 0.093383793570190887, 0.12752003854012126, 0.03807524254208141, 0.12268021602839128, 0.035834339647343866, 0.15596828473308544], "hpss_f": [0.06315057448957434, 0.054696835953391088, 0.15199962856374519, 0.030178906071819646, 0.095818660481690271, 0.032653031593588948, 0.090611651713426583, 0.12728175266826672, 0.037944062903499887, 0.1297778648057, 0.033300666533618857, 0.15258636422167887]}