{"deep_f": [0.012327072907834224, 0.034693221147086818, 0.2427607786300279, 0.0018249300532784682, 0.086651268535510861, 0.0037442604442511416, 0.17193385324269803, 0.11681168291231973, 0.0035602608628218842, 0.19976249823757775, 0.001638552776843739, 0.12429162024974945], "deep": [0.012570193365749192, 0.035936815640559332, 0.24007200330995437, 0.0018933590672629433, 0.089632940267747443, 0.0038129078220208836, 0.16835546667423068, 0.11886992907028503, 0.0037040246408591108, 0.19820741490279653, 0.0016997545527750262, 0.12524519068575943], "standard": [0.066573225937312477, 0.095794094510118763, 0.15081938052906274, 0.026122579393096326, 0.099782353963475484, 0.048354780464478865, 0.10955775378560413, 0.080897336510077397, 0.053649701661010504, 0.1290816898176273, 0.053178549318827255, 0.086188554109308896], "standard_f": [0.064583512962420223, 0.095227839219257426, 0.16135340292373143, 0.024964123821664526, 0.099643471114127316, 0.045613028848614158, 0.1092536787828941, 0.078978607815040874, 0.051272011830355763, 0.13624834512850079, 0.048996990641139396, 0.083864986912253955], "hpss": [0.052565886394524829, 0.10534814213534179, 0.16675750050780758, 0.015092787902038805, 0.10791519622682649, 0.040022823054949058, 0.12145034663832473, 0.08272999984616429, 0.044822914337765675, 0.13297197612295183, 0.042198356204183982, 0.088124070629121018], "hpss_f": [0.050752808683112938, 0.10377267795251272, 0.17498261384795633, 0.014582287659123838, 0.10747557417077022, 0.037714304221249849, 0.11951468288350846, 0.082395313181485894, 0.042979268951054785, 0.14001339276822375, 0.038741263072897283, 0.087075812608104]}