{"deep_f": [0.0877459016519513, 0.012840142448406675, 0.19408540041940112, 0.0025763666007075376, 0.142171861566945, 0.016190461561425232, 0.039364674781529718, 0.2273962668655615, 0.0043911845527768211, 0.10174111757629914, 0.0031383974828033089, 0.16835822449219262], "deep": [0.089357593409718369, 0.013339103235888007, 0.19169455222413023, 0.0026616430437068871, 0.1444775188884615, 0.01633544651171507, 0.040137181729199896, 0.22478562185222217, 0.004539809518174993, 0.1048533429931001, 0.0032283046582053726, 0.16458988193547741], "standard": [0.054107708230900331, 0.065139658763453095, 0.1450469594887116, 0.033370759186751288, 0.11094291218889218, 0.048174939728249724, 0.093684305620684694, 0.10968561786463107, 0.053381462351870489, 0.11294712722087651, 0.044118100724559579, 0.12940044863041938], "standard_f": [0.051387906944879137, 0.06523399002273858, 0.14898504414369615, 0.031524117014922234, 0.11368803811605156, 0.04659253613194967, 0.092692197569315515, 0.1121713430554499, 0.052452828403207079, 0.11458022250020872, 0.041682203724250244, 0.12900957237333122], "hpss": [0.037919836654287831, 0.063053006165484399, 0.15816256166037179, 0.024321597010105445, 0.121998250254561, 0.040737247402868111, 0.098344818373682183, 0.1202912546198126, 0.044047965134245172, 0.11353362344507532, 0.031078536738537464, 0.14651130254096864], "hpss_f": [0.036971676055901626, 0.063472733039868265, 0.16080093500714709, 0.023517206808728763, 0.12229924690932846, 0.039445864097959644, 0.097752591678558334, 0.12127387656580675, 0.043371360772255896, 0.11650154087032313, 0.030095723251161874, 0.14449724494296023]}