{"deep_f": [0.012422352371474864, 0.023865053533976034, 0.25943278946695408, 0.0025936477877227934, 0.063255541606870191, 0.0040704909404983558, 0.210654920602799, 0.077178975361923141, 0.0043825358727739711, 0.2157531592204896, 0.0016768294458435514, 0.12471370378867443], "deep": [0.013053406992810797, 0.024646964644949355, 0.25667649532217796, 0.0028883203777539945, 0.066320098256625604, 0.0044808568669094202, 0.20611187958289295, 0.079833496862602632, 0.0048415171815056812, 0.21300749243466049, 0.0019567945071804664, 0.12618267696993066], "standard": [0.064557774487580155, 0.09211958242880966, 0.14023782550722366, 0.030858690092088824, 0.12246647467812531, 0.040672027247136255, 0.10472757065074288, 0.048692184215301151, 0.046256485725991073, 0.15632942672394179, 0.053540591864857399, 0.099541366378201795], "standard_f": [0.061574619014095881, 0.090675721443626692, 0.14723053027584018, 0.028890185445758269, 0.12448585414968731, 0.038230580915339797, 0.10266724516557588, 0.047192095962827904, 0.043982066395634199, 0.16820834581457336, 0.04930456337719423, 0.097558192039846114], "hpss": [0.04918135543418372, 0.099568093981746431, 0.15280729959442302, 0.020810251912897395, 0.13757737336916898, 0.029561903677806218, 0.11681418410340025, 0.040216234420151965, 0.03504446920222095, 0.17158542216927838, 0.042393944753358483, 0.10443946738136416], "hpss_f": [0.047726966974793561, 0.097531348642750398, 0.15965042393000253, 0.019688862684915657, 0.13734917052388884, 0.027459861363721062, 0.11381868628169932, 0.039252038024858119, 0.033579357457091383, 0.18229448639788415, 0.038963393928660571, 0.10268540378973447]}