{"deep_f": [0.090110338060227335, 0.0088054616056130394, 0.22193093952409312, 0.0021070351060914231, 0.097993355969702212, 0.019305715682626165, 0.05772367136659378, 0.2251388659283392, 0.0025416158592059734, 0.10544937608449256, 0.0028379603494276436, 0.16605566446358747], "deep": [0.09346405228211227, 0.0091772928954865652, 0.21835576589706437, 0.0021990933629144195, 0.10135228351439943, 0.019636027677914721, 0.0579361032915581, 0.22235714082104122, 0.0026676167707917896, 0.10860861895094034, 0.0029269953152627945, 0.16131900922051398], "standard": [0.086305946835980613, 0.06705862926894611, 0.1338951068708493, 0.035336587715172729, 0.080023269798486896, 0.038786143129738743, 0.10598404051142619, 0.12511769251130928, 0.04530620288990557, 0.11582642624295215, 0.047165404679491617, 0.11919454954574074], "standard_f": [0.085356028637712286, 0.065626042375458687, 0.13936559486925207, 0.032490116716375, 0.078834098317038179, 0.03757250702121917, 0.10828432870652373, 0.13179156899895461, 0.043716802193656069, 0.11471536860274852, 0.044357612791780868, 0.11788993076928073], "hpss": [0.078099042304635977, 0.066165569466752477, 0.14594300764868373, 0.026305969403780927, 0.082554211534230426, 0.027837492466129793, 0.11506406973094467, 0.14087537573562728, 0.031253156552932752, 0.11740940018489884, 0.034414123802723677, 0.13407858116865923], "hpss_f": [0.079305058757712432, 0.065340387902940111, 0.14932717756296873, 0.024507186788713959, 0.081882857876558232, 0.026751994076241865, 0.11573794099412611, 0.14421616265193135, 0.030130040279151601, 0.11795914205509256, 0.032831803309820662, 0.13201024774474246]}