{"deep_f": [0.0144615233478812, 0.047303783558811124, 0.23638834744575096, 0.0026041904515559564, 0.089234554791445791, 0.0055112259896707479, 0.16287968560756397, 0.11316593727628649, 0.0042739705713576766, 0.20811664248457734, 0.0023843404675153099, 0.11367579800758335], "deep": [0.014803901551739237, 0.048664029604117802, 0.23377239175683029, 0.0026864659939308147, 0.092104913804124292, 0.0056233520277171149, 0.1594733196669911, 0.1148093589011919, 0.0044078262902140109, 0.20744431984246214, 0.0024657834243951376, 0.11374433713628616], "standard": [0.066494575252230084, 0.10225066571216715, 0.13155146116579836, 0.034228656929850027, 0.10836367625956451, 0.043000478194973393, 0.10308298428345382, 0.072212925121796362, 0.053708900444672622, 0.14479880242148105, 0.050934882282875078, 0.089371991931137554], "standard_f": [0.063767939497666432, 0.099979722865969581, 0.13893051107896098, 0.032142671354158624, 0.11016495467390729, 0.041446295587890779, 0.10250921058449568, 0.072153510315302954, 0.05194227416032831, 0.15106575630393762, 0.047103250056807079, 0.088793903520574702], "hpss": [0.049637839052001538, 0.11382927458958712, 0.14101616963146146, 0.023489246451796335, 0.12028889105900244, 0.033650175066182841, 0.11457224686279378, 0.070523430777967896, 0.043156670722852612, 0.15877796258142859, 0.039024380560573044, 0.092033712644352339], "hpss_f": [0.048179221684414769, 0.11044817302680578, 0.14713837088462869, 0.022504736644921402, 0.12079130911236187, 0.032297819701442923, 0.11281438713819258, 0.071561042536451874, 0.042047328230606806, 0.16372708823259563, 0.036090706868875888, 0.092399815938701793]}