{"deep_f": [0.056723478573818771, 0.00954447386569416, 0.24160787720847629, 0.0020421385576345984, 0.090941010352521418, 0.019969933976440944, 0.037193554241898373, 0.24704882086175986, 0.0025971904913435393, 0.086000037036703322, 0.0027296800054489845, 0.20360180482825985], "deep": [0.058864504946206125, 0.010152914568664798, 0.23838151871310986, 0.0022823534403220188, 0.093773668301771418, 0.020287936511147939, 0.038319283980757679, 0.24329080552357829, 0.0029087922864376448, 0.090087171775329294, 0.0029543215150081574, 0.19869672843766678], "standard": [0.073183383707150343, 0.064664424757107236, 0.14693843368178736, 0.038360021233786769, 0.083710313272918016, 0.039547131287290829, 0.091496834002057867, 0.11677246491283276, 0.049230897750451301, 0.13050727181371374, 0.044566151642182923, 0.12102267193872097], "standard_f": [0.070901839377317852, 0.063838212110789161, 0.15329921114380604, 0.035986798358252331, 0.082557711705750991, 0.037966082380866024, 0.091487631582705911, 0.12349329841016292, 0.047918631777475823, 0.13152817692158869, 0.042048283949338967, 0.11897412228194529], "hpss": [0.057582441159386724, 0.062580784907661405, 0.16516610559589945, 0.028192747296606955, 0.087188196572796986, 0.027910564546004511, 0.095200906657548004, 0.13202688602756218, 0.036119522301163526, 0.13953843917059733, 0.030092454277912507, 0.1384009514868603], "hpss_f": [0.056400464233270144, 0.062242509062619931, 0.16931004660344454, 0.026843892703086101, 0.086951106252217109, 0.026612625531578608, 0.094294822200090764, 0.13570181475664389, 0.035369585305421267, 0.14139327067416313, 0.028740059503013227, 0.13613980317445143]}