{"deep_f": [0.0067184013251112319, 0.011288384224743696, 0.27033912257434944, 0.0019423131363269718, 0.044240270013295294, 0.0035390070622001255, 0.19721650330054322, 0.11579554754292366, 0.0030131638070630914, 0.16491267160614365, 0.0010925030446098764, 0.17990211236268969], "deep": [0.0067924780272337511, 0.011547729588910725, 0.26942804303939749, 0.0019864361048736378, 0.045321965856589229, 0.0035744892122995275, 0.19605957217064704, 0.11629808275184535, 0.0031063448025047896, 0.16437668423100779, 0.0011137456481115052, 0.18039442856657914], "standard": [0.05650796912897859, 0.096392244805124427, 0.12441267314192954, 0.038592298773893821, 0.089919505976094341, 0.03969850758248359, 0.13612129631657446, 0.063116666969771029, 0.039595709286210194, 0.13857086626411158, 0.059758438832714485, 0.11731382292211397], "standard_f": [0.054551915694915701, 0.095586398790409144, 0.13422576426813962, 0.036509084024703348, 0.089127764878568591, 0.037739159335512626, 0.13603907223797743, 0.062677705963247052, 0.038174955759950502, 0.14333606692426409, 0.057111577084207145, 0.11492053503810473], "hpss": [0.039852754213662543, 0.10557578224789683, 0.13011732863552955, 0.030980009145291209, 0.095379969129231482, 0.02697267334614482, 0.15731092819875553, 0.056959964220101189, 0.026063362431595242, 0.14869278616738979, 0.052110430158910412, 0.12998401210549118], "hpss_f": [0.039403254202877304, 0.10422612176047434, 0.13640839056644014, 0.029557889313352719, 0.095259759302771002, 0.026238428591383024, 0.15665172404126568, 0.056455841194792952, 0.025793758879532679, 0.15226176351198248, 0.050352070685897234, 0.12739099794923053]}