{"deep_f": [0.063077137610441023, 0.0080647082265141081, 0.25510942394053893, 0.0019513017764601175, 0.061748665339106182, 0.020990881317692854, 0.08296316923738449, 0.21108207500681, 0.0020670645479309961, 0.12145831287035572, 0.0025233118943640367, 0.16896394823240141], "deep": [0.066182889730337563, 0.0083844115021767286, 0.25227837388105195, 0.0020380933322298664, 0.064157819353897264, 0.021533775741431851, 0.08319162964036822, 0.20823148355415691, 0.0021582555775900704, 0.12471103523456155, 0.0026042705448063061, 0.16452796190739175], "standard": [0.093305643529072335, 0.076809652374573961, 0.1362687182096356, 0.039355736182586601, 0.077022522586838796, 0.033452555807223984, 0.097153105534654394, 0.11338305429535576, 0.041194605652183879, 0.12380053106527927, 0.057004207765705105, 0.11124966699689025], "standard_f": [0.094817918363550413, 0.073670379202981806, 0.14516445208386053, 0.036486074640872779, 0.076816992280981225, 0.031299777319336711, 0.094983515861976522, 0.11879959131533079, 0.040119697673939109, 0.12719856421203285, 0.053184533097890847, 0.10745850394724658], "hpss": [0.087868431210171918, 0.078953214395847876, 0.14531227757851359, 0.031268456906368869, 0.077889461867302903, 0.021236700680214212, 0.10452994351838171, 0.12514606806775116, 0.028065625546259652, 0.12948143070578, 0.049072047686679852, 0.12117634183672817], "hpss_f": [0.090801374435792281, 0.075548962631141803, 0.15199602132020448, 0.029625186042162483, 0.078038804458935462, 0.019549980053014816, 0.10156666006918388, 0.12774513309771127, 0.02767191343408567, 0.1330900206178128, 0.045551205767798732, 0.11881473807215621]}