{"deep_f": [0.011896770375070477, 0.028557314076425873, 0.25203689333918788, 0.00225161908651565, 0.071723843845610591, 0.0043486414767868013, 0.18806459019147434, 0.10173630681000319, 0.0041132551398768095, 0.20197889481333092, 0.001727003318428651, 0.13156486752728888], "deep": [0.012336484727248775, 0.029593492160799633, 0.24942707846316348, 0.0024914415313793421, 0.074443357138196956, 0.0046576949042944089, 0.18442857779066538, 0.10353787830460252, 0.0044989420889935666, 0.20000522569614942, 0.0019449402127193636, 0.13263488698178716], "standard": [0.062735671999123138, 0.095513046082410305, 0.12767607467804137, 0.035170097848907587, 0.100669362861562, 0.042754449521707226, 0.11905314020921408, 0.064732920779404041, 0.051895884051081566, 0.14063562557496725, 0.054440461215071533, 0.10472326517850987], "standard_f": [0.059431764631492121, 0.093042793380165412, 0.13668556930149148, 0.033086982174562338, 0.10212748961528827, 0.040824781096428064, 0.11899361651494179, 0.065095935978323943, 0.050628679148789699, 0.14370828966637977, 0.050855400847079159, 0.10551869764505785], "hpss": [0.046260079326199757, 0.10503910586660654, 0.13467583402778727, 0.025563583143725123, 0.11036983228964824, 0.031170975575068732, 0.13550743689231357, 0.05966553038094121, 0.041366333723544473, 0.15273256291078011, 0.044840771288128502, 0.11280795457525654], "hpss_f": [0.044110975712357732, 0.10239169430489618, 0.13960749298421965, 0.024609819397814026, 0.1113587400765188, 0.030184823014094364, 0.13495027367118986, 0.061011457568522803, 0.040620836713502084, 0.1549876891146279, 0.042230939967979449, 0.113935257474277]}