{"deep_f": [0.010780147250355728, 0.025521784766173193, 0.25559333207765167, 0.0025356953895868829, 0.072197994329902093, 0.0046265817109368886, 0.18484924589686608, 0.10495315824382827, 0.0048559405870840008, 0.19939796174956281, 0.0018635757273801836, 0.13282458227067215], "deep": [0.010934663696689183, 0.026571697293625681, 0.25295753631592782, 0.0026342416148217493, 0.075129938911670691, 0.0047174971060567937, 0.1809585884864717, 0.10706275951978048, 0.005079943908220013, 0.19732759919585011, 0.0019274978662126839, 0.13469803608467312], "standard": [0.057703376889842645, 0.092841956284268015, 0.13324814772841986, 0.035234500633326893, 0.094968075547106179, 0.038705815033019834, 0.12102495902774438, 0.072354899873659076, 0.048796028192212862, 0.14730754783175967, 0.051819057314729709, 0.10599563564391085], "standard_f": [0.053538163558516393, 0.089146697404967168, 0.14418360985558817, 0.031689936248958654, 0.094749985373720022, 0.036726886562637576, 0.12018224126692197, 0.077265987857107407, 0.047277752336928026, 0.15465526367493057, 0.047580421647074801, 0.10300305421264931], "hpss": [0.044701768770344458, 0.10048937298358389, 0.14031253220287757, 0.02734399244716797, 0.10114715894488795, 0.028234179465492032, 0.1347391655839752, 0.068940447209866806, 0.039216201359354247, 0.15911388840211946, 0.042661594171127824, 0.11309969845920267], "hpss_f": [0.042499359083075533, 0.096608261129281989, 0.1473144889802287, 0.025418938517011293, 0.10167841811913521, 0.027323507258649529, 0.13255813557384982, 0.072472675286287994, 0.038787605582253297, 0.16340161172405893, 0.039731709998988993, 0.11220528874717869]}