{"deep_f": [0.011210748057789679, 0.065370694221161471, 0.23458688430359118, 0.0024848653046998059, 0.090536399988087282, 0.0043672764391396064, 0.19530869730990713, 0.062538174338689578, 0.0045780208882859885, 0.25411427016084576, 0.0021825571831772987, 0.072721411804625144], "deep": [0.011306266336083325, 0.06718746592458201, 0.23140258290596277, 0.0025843755398188106, 0.093713458959558613, 0.0044483160841656908, 0.19092076296554567, 0.064874759641210311, 0.0047602915301778112, 0.2521095638054846, 0.0022637026718606702, 0.074428453635549716], "standard": [0.057283604530604534, 0.10610917373822783, 0.12261820788210136, 0.032321792237252282, 0.10596806283483595, 0.042855662351993097, 0.10567166797665553, 0.070536641579248355, 0.05744831783999018, 0.15879641444485887, 0.047766656136221615, 0.092623798448010386], "standard_f": [0.054622306259133002, 0.10402135178609227, 0.12996484455312346, 0.030357814677128961, 0.10482352955524808, 0.040401583085479503, 0.10803950095990164, 0.073617653839810171, 0.055529002672372374, 0.16358990106660226, 0.0449148597843161, 0.090117651760792006], "hpss": [0.043038557266746914, 0.11723214380193754, 0.12588593726495381, 0.023516017918678654, 0.11660766669562896, 0.032570359975540961, 0.11384994506679402, 0.068008039361811393, 0.050738457441266697, 0.17607672321502649, 0.037139471867498303, 0.095336680124116266], "hpss_f": [0.041888251728157043, 0.11315926631551669, 0.13349320357163622, 0.022688771461489014, 0.11591935751722303, 0.030924152050957582, 0.11366777039594328, 0.069855467976583235, 0.049982402938853615, 0.17840585876452311, 0.03474712958005223, 0.095268367699064854]}