{"deep_f": [0.067210476663667459, 0.010642739419086507, 0.23223378553109736, 0.0023599343424334385, 0.098901586956816168, 0.021758303855995503, 0.040458712656733682, 0.23435563743558627, 0.0031475207527135404, 0.1069958882285942, 0.0033506467216602642, 0.17858476743561558], "deep": [0.070045340275222717, 0.011243607092269703, 0.22818195680994818, 0.0026434878710632249, 0.10255835482018737, 0.022318951237396602, 0.04079103251181198, 0.23084128421376984, 0.0035131081623313277, 0.1106615063461442, 0.0036361452413032143, 0.17356522541855166], "standard": [0.060927535438651925, 0.060400639340477201, 0.15182904316641896, 0.039375606602803287, 0.087172323955896885, 0.033380643475533475, 0.086159799802095802, 0.12850207972905744, 0.051154624096003264, 0.12995212947464799, 0.042028097060754367, 0.12911747785765954], "standard_f": [0.057929644253830702, 0.056670452594514434, 0.16013526933732722, 0.036573156855788665, 0.086922151918605736, 0.03185973203448518, 0.084539007258573773, 0.13691280394974378, 0.05144521941827402, 0.13129591611902017, 0.038544933020142814, 0.12717171323969353], "hpss": [0.047176674982354651, 0.058490216728011503, 0.16402164177889858, 0.031195717506203771, 0.091802810009752503, 0.02220608407105935, 0.088044363965976827, 0.143474352556236, 0.040943088748751882, 0.13897273877773181, 0.029461272178380737, 0.14421103869664237], "hpss_f": [0.045892738549671262, 0.055631474078715437, 0.16951803045897801, 0.029460621121835163, 0.091826268437083053, 0.021185549376890003, 0.087195878938522542, 0.14773527341735249, 0.041440997539706738, 0.14000842371721064, 0.027458726992418234, 0.14264601737161631]}