{"deep_f": [0.015406229308965213, 0.018698440892204574, 0.23952119377924669, 0.0034484994196912781, 0.0877615684971772, 0.0046363401958194814, 0.17409115078202372, 0.097001179944955745, 0.0084891649971273082, 0.17106393994849725, 0.0015045978896550459, 0.17837769434463638], "deep": [0.016508734063357948, 0.019290936870105652, 0.23737696844384729, 0.0035168060122584737, 0.090703317514450946, 0.0047986030937559772, 0.17100597384895808, 0.098158434109427928, 0.0087604589387221005, 0.17053816224324397, 0.0015592104746148621, 0.17778239438725679], "standard": [0.062713482163849185, 0.084867259027141387, 0.12229963087255334, 0.048443162336206866, 0.091173839354470057, 0.038709694131922649, 0.12454644210881949, 0.050697958989504098, 0.041441605216164655, 0.14036435673602365, 0.059709611570986622, 0.13503295749235814], "standard_f": [0.059522875269129243, 0.081007868991834195, 0.13367665615572147, 0.046538884214087015, 0.092431679542084519, 0.036970487529539985, 0.12396622099246433, 0.049694138513013082, 0.040423714825802551, 0.14462151871517778, 0.054944667838323046, 0.13620128741282286], "hpss": [0.045005845319798947, 0.090712007799309935, 0.12586193381913674, 0.044213383516049178, 0.098378181168591247, 0.027030661574266323, 0.14286249605607884, 0.040487128653122768, 0.028801268072625712, 0.1533617482674049, 0.051355169810869322, 0.15193017594274613], "hpss_f": [0.044021878236359072, 0.086251768474261165, 0.13382816074512022, 0.043197534619459209, 0.098976396724830273, 0.025977624533098466, 0.14051052712428613, 0.040055809469022069, 0.028742251988566309, 0.15674324874317763, 0.047241238560981946, 0.15445356078083761]}