{"deep_f": [0.036386710703214836, 0.0059186439284059757, 0.26710742625121392, 0.0015353968502041038, 0.069120820469511068, 0.016562446780944668, 0.037255364016354597, 0.26741835208663423, 0.0023089400310845358, 0.056402359881136524, 0.002199916377512226, 0.23778362262378314], "deep": [0.038099678504385295, 0.0061891383922753939, 0.26508812890256633, 0.0015987185120617271, 0.071230651008976312, 0.016880201224373649, 0.038234627415039302, 0.26479397158764928, 0.0024139974890568161, 0.059050270392992356, 0.0022726244248380432, 0.23414799214578552], "standard": [0.06127143677913633, 0.056544716530171554, 0.17524500121431125, 0.04240936234829866, 0.073312215710397755, 0.036889714570337573, 0.098128516279886432, 0.12413993581112774, 0.047417986932704208, 0.11362986816356813, 0.041826853537567571, 0.12918439212249264], "standard_f": [0.057996157377762626, 0.055361010234480756, 0.18709993209181158, 0.039409594242349209, 0.070414504407699294, 0.035026618684757552, 0.098815846050984174, 0.12924826066171322, 0.046127760552530594, 0.11651565429654677, 0.038829582205942917, 0.12515507919342139], "hpss": [0.044992499036669444, 0.052519972694670028, 0.19868298287281044, 0.034072256669220473, 0.073670006825074408, 0.024528513949020534, 0.1043441800713697, 0.13884677365349746, 0.03630506430241251, 0.11647468409468199, 0.028119528252353011, 0.14744353757821979], "hpss_f": [0.043823511487854475, 0.052232558070855285, 0.20489510318618209, 0.032852364189205771, 0.071726824856089347, 0.02322339932124641, 0.10484480456085292, 0.14015837944897408, 0.035703673948298612, 0.11918624841568806, 0.026937903194977204, 0.14441522931977574]}