{"deep_f": [0.040174361660601114, 0.017961274156633372, 0.20487364518749268, 0.003510709639409409, 0.13584127664517984, 0.0082469490179093441, 0.10326206649841384, 0.16984002998256265, 0.0097690736986667977, 0.13127988991986722, 0.002422720076628727, 0.17281800351663507], "deep": [0.042023909206771216, 0.01844897784051111, 0.20314432949583899, 0.0038719143536770926, 0.13645650476481599, 0.0087468482895038235, 0.10163716026903891, 0.17002162945714722, 0.010069738135848305, 0.13107943814355255, 0.0026932037584753788, 0.17180634628481942], "standard": [0.057457199981593654, 0.072906895045838915, 0.13673465077928051, 0.035278844619868278, 0.095447942558755827, 0.042698005434640855, 0.11852542845469599, 0.10518591199613414, 0.053713054195452477, 0.10644888947360336, 0.050363622262340202, 0.12523955519779587], "standard_f": [0.05324806130292687, 0.070899768811817379, 0.14339794510842757, 0.032940551314945173, 0.092352226841724658, 0.040992561633607177, 0.11974226757674374, 0.11545484106816895, 0.052331143066998528, 0.10758133132455422, 0.046781995576661989, 0.12427730637342368], "hpss": [0.040935549415702127, 0.074172594179254717, 0.14768007490695459, 0.025077341812515752, 0.10368101560593479, 0.032363419445845046, 0.13245901836735799, 0.11224104175531324, 0.044461712077622124, 0.10812953449392014, 0.038864676141305766, 0.13993402179827388], "hpss_f": [0.03899567872748589, 0.072878105940628365, 0.15109995499591347, 0.023977519614046771, 0.10131968555814001, 0.031410008116876317, 0.13209096714622276, 0.11868057490203938, 0.043552952268545005, 0.10981858710566871, 0.036778639560675098, 0.1393973260637581]}