{"deep_f": [0.012392901506683705, 0.046273940426741038, 0.24049401656455122, 0.0019948270937255219, 0.091991359047148835, 0.0073985837493517337, 0.14720867229723547, 0.12350397727163734, 0.0040585968576597169, 0.19802094178186255, 0.0020631684002927748, 0.12459901500311009], "deep": [0.012815088155354617, 0.048089394384558316, 0.23817592925724096, 0.002201440017153018, 0.093900666206530037, 0.0077832279191242804, 0.14523059018750137, 0.12301800541112211, 0.0043780779997535414, 0.19897592662726832, 0.0022799888034701148, 0.1231516650309233], "standard": [0.054385098144719514, 0.097475986362486056, 0.13160287700061174, 0.036491352593846248, 0.08009703858711946, 0.034959463204304451, 0.10378364004644536, 0.093000767664900189, 0.05230041028309633, 0.17393356038348365, 0.046427788256617114, 0.095542017472369761], "standard_f": [0.050885261984676279, 0.096329685147333782, 0.13842329905752548, 0.033641015200580257, 0.079585412549876611, 0.032824798841812546, 0.1045404645807048, 0.094088786527267265, 0.050603069627016696, 0.18637388355558041, 0.043305434120653082, 0.089398888806972776], "hpss": [0.04405424958739261, 0.10400303285049761, 0.13698054062682788, 0.030393507127917347, 0.081161588187682543, 0.027324665834661643, 0.10931790265653346, 0.096079642725212078, 0.046238732104297679, 0.18705140251548583, 0.038626527106816452, 0.098768208676674948], "hpss_f": [0.042332211114778868, 0.10199583360962734, 0.14131377845428886, 0.029036779351267247, 0.081107607898347589, 0.025853073718187049, 0.10892598511255507, 0.096415163417749347, 0.045544105855635987, 0.19539386861519384, 0.036463981794277067, 0.095617611058091675]}