{"deep_f": [0.011804768099205373, 0.043190025148925629, 0.23931409713223828, 0.0023130742516556265, 0.098066589105305912, 0.0064058933319182951, 0.13566967045072356, 0.13147243327108474, 0.0050008609768253925, 0.18596463621005163, 0.0022284331486513175, 0.13856951887341429], "deep": [0.011843541809841511, 0.045075864964980179, 0.23702239960235236, 0.0023871333629880099, 0.10008710342937413, 0.006405597894447875, 0.13474579284978633, 0.13037925460786995, 0.0051676044480740892, 0.18738568259785068, 0.0022883181131427314, 0.13721170631929214], "standard": [0.069788692444297626, 0.096905264625232343, 0.15520035235532353, 0.037578868750081741, 0.087580323882178499, 0.041714345295158023, 0.084794652856311381, 0.069171924186430325, 0.061304394938746377, 0.15028222562483817, 0.042355244053913513, 0.10332371098748831], "standard_f": [0.067840085729674468, 0.096078658195285466, 0.16609136921223147, 0.035577776026318585, 0.086562625275098545, 0.039664791715491976, 0.086858971327406942, 0.068079282063212912, 0.05962973287790619, 0.15283620825769492, 0.04002052911786521, 0.10075997020181324], "hpss": [0.057870641247385592, 0.10464901964656491, 0.1685787034341002, 0.028583269466514665, 0.09316760751458654, 0.031810406037056656, 0.086960796170437907, 0.066626343252867384, 0.056309842952480912, 0.16479423399943449, 0.030686533539712717, 0.10996260273885798], "hpss_f": [0.056522778027475164, 0.10202502924918432, 0.17676114503230761, 0.027676087352799229, 0.092943714040417777, 0.030287992877763369, 0.088958350598698194, 0.065820871696480848, 0.054598141766639727, 0.16615007830169384, 0.029651467829845433, 0.1086043432266946]}