{"deep_f": [0.012335522509012707, 0.086416132347842151, 0.18960125916813847, 0.0029057466658195022, 0.14406488964797079, 0.0076550412730871159, 0.078346096504229384, 0.15063094835817886, 0.0067125469119604479, 0.17356160052331068, 0.0027073699749183026, 0.14506284611553161], "deep": [0.012555099605275765, 0.087989530755437792, 0.18747327321707752, 0.0029988188043581737, 0.145961660709856, 0.0076767384674396493, 0.079433215997378362, 0.14736027690197689, 0.0069157182650501463, 0.17707972382093509, 0.0027882216510210808, 0.1417677218041935], "standard": [0.068134564021001848, 0.097548295946215807, 0.11381858188082415, 0.039782100908783743, 0.09509663847455968, 0.042678100202706723, 0.1009812932462574, 0.081592588281388198, 0.065141647762997704, 0.1339815304085625, 0.04303663574145123, 0.11820802312525108], "standard_f": [0.063637279323795523, 0.096175738899625912, 0.11882894412056594, 0.037152674089290516, 0.095893331951175789, 0.041382911566409802, 0.10538851505378469, 0.085618584138691195, 0.061818346960664627, 0.13621607565270127, 0.041530259469629127, 0.11635733877366572], "hpss": [0.055769598347372787, 0.10609038972425267, 0.11470945150187875, 0.032484808150861882, 0.10277955366574532, 0.033295353404394261, 0.10793320527787378, 0.081045256528165646, 0.059570419166348629, 0.14354279652925514, 0.032655430526260867, 0.13012373717759038], "hpss_f": [0.05267915857104824, 0.10372411673599764, 0.11920855940960999, 0.030998017295329808, 0.10284287643539154, 0.032793058117023113, 0.1118155632756274, 0.08412388584446015, 0.056957701826131933, 0.14386158240026925, 0.032245578008285793, 0.12874990208082515]}