{"deep_f": [0.0081823422042176536, 0.065126432084333621, 0.21954192946384016, 0.0038036702002130869, 0.092596167559314463, 0.0041634282977733176, 0.17566506003860385, 0.088980475101633191, 0.0059606417368685514, 0.19286946054935492, 0.0023914665184016004, 0.14071892624544563], "deep": [0.008389904137733847, 0.067213229209557385, 0.21697045550302266, 0.00397441693071996, 0.095131049946288779, 0.0043559514501116618, 0.17307730764093496, 0.089071693705508798, 0.006292939439667823, 0.19405330943767726, 0.0025709042219500726, 0.13889883837682679], "standard": [0.069309212352241911, 0.10962965642959553, 0.11913572159360987, 0.044346613252883541, 0.083118854444954759, 0.046654620614911282, 0.11900206576359514, 0.050734563627227662, 0.06662610754811113, 0.13633560046673399, 0.051018015450031214, 0.10408896845610413], "standard_f": [0.067354411796823305, 0.10748866671650061, 0.13128796322699371, 0.041933750212349276, 0.082445293796698252, 0.044478489006986879, 0.12239657390352077, 0.047097515703881668, 0.063225675894481026, 0.14368667995631329, 0.048050423452790508, 0.10055455633266092], "hpss": [0.058281627849279705, 0.12135103994650746, 0.12139510309601793, 0.038627724012882544, 0.086100932062865385, 0.038646094645575842, 0.13130204641471227, 0.042451939437914032, 0.062064406020209885, 0.1456848678418276, 0.043260200539287572, 0.11083401813291978], "hpss_f": [0.056987976129690004, 0.11772673949870245, 0.13189912056798048, 0.037054377094572634, 0.085922500444398253, 0.037224213559562673, 0.13468355691297285, 0.040115880615498242, 0.058586025953561723, 0.15029080767647029, 0.041218544634201854, 0.10829025691238847]}