{"deep_f": [0.0088291568012471341, 0.045107031323751393, 0.25349465310574548, 0.0024566296909641215, 0.063580466856808793, 0.0036336765792004911, 0.21617073666798756, 0.062637328806719544, 0.0038590569366958576, 0.24212967528910731, 0.0015983514545053234, 0.09650323648726708], "deep": [0.0088756831701512825, 0.047188019492205878, 0.25017144906774103, 0.0025666171779254983, 0.066637510977878747, 0.0037198837859877222, 0.21203317578346309, 0.064596438274811041, 0.0040566321110185859, 0.24048804282388178, 0.0016660540548415626, 0.098000493280093831], "standard": [0.07525799769111842, 0.10648176741799326, 0.11558684860491199, 0.043394487954603794, 0.086953200138179754, 0.035721199421482185, 0.098991052334499535, 0.05210254808529647, 0.050694366504506691, 0.1746632457386593, 0.062932333727082887, 0.09722095238166556], "standard_f": [0.073596599017425088, 0.10490797373568417, 0.12849375507827415, 0.04126930913968499, 0.086460841403491265, 0.032911786079075502, 0.098031833208582636, 0.049107103348287745, 0.048103672044008318, 0.18588977791566108, 0.059653950477846593, 0.091573398551978505], "hpss": [0.06106716783197319, 0.1202110079716403, 0.11626570205305908, 0.036753662439185868, 0.092439831250288068, 0.023004317650278949, 0.10959867674082273, 0.042834489761070196, 0.038747127976703211, 0.20171372545669547, 0.055774963237630579, 0.10158932763065243], "hpss_f": [0.060418178400078473, 0.11616985029925329, 0.12748663501702651, 0.035860934724457734, 0.091788022194705957, 0.020360198683645379, 0.10814349518843801, 0.040808698360131915, 0.035898381048855295, 0.21054717055411423, 0.052830372323368437, 0.099688063205924757]}