{"deep_f": [0.056186689788919948, 0.0049062063593745941, 0.25597105400749709, 0.0018864988247917845, 0.074318372802054264, 0.022945416753398826, 0.028580786789606381, 0.2693308259754299, 0.0021119764624450911, 0.057498467030413468, 0.002928513943327795, 0.22333519126274079], "deep": [0.058974587246541428, 0.0050953479625532741, 0.25347557095869189, 0.0019600287765442321, 0.076410613236629329, 0.023333843396150255, 0.029312283181481678, 0.2668171023917032, 0.0021955279154459739, 0.060395878946287763, 0.0030160411981755295, 0.2190131747897954], "standard": [0.070134642992543975, 0.053079970608716102, 0.17026218624883915, 0.039182882299640655, 0.074484163593686689, 0.035167342689314006, 0.094666703158119619, 0.12782482997672726, 0.049808757033698289, 0.11917365952719777, 0.037482303676220553, 0.1287325581952958], "standard_f": [0.068639770472237585, 0.051604291020638321, 0.17840777085065293, 0.036273241514551031, 0.072273482597387889, 0.033516776349467016, 0.09393900328255253, 0.13390789310025988, 0.048678040890020612, 0.12336294660903167, 0.035356878029226692, 0.12403990528397395], "hpss": [0.056604787960143017, 0.046760075908493542, 0.19331352068503191, 0.029811647777321894, 0.075098422965817618, 0.022299117607830411, 0.098327660465912431, 0.14488593969876576, 0.037419377739162041, 0.12425271321046596, 0.023720129785702797, 0.14750660619535261], "hpss_f": [0.05606988872851127, 0.046042700070239147, 0.19800297583409721, 0.028326946112774122, 0.074873858462274956, 0.02107482710124596, 0.097612746731282257, 0.14758079486697118, 0.037021318576483518, 0.12708250737297194, 0.022626430084574718, 0.14368500605857368]}