{"deep_f": [0.011074217030624443, 0.018746423529347411, 0.27126956835431798, 0.0021874626380220205, 0.047009053251279027, 0.0081786361609695723, 0.21857483359627838, 0.07517344977136281, 0.0039348262897511655, 0.21272812485327808, 0.0016817441354326521, 0.12944166038933641], "deep": [0.011539170248604024, 0.019444779075713011, 0.26946840229221358, 0.0025406609557122087, 0.048641700454139881, 0.0084822493397311519, 0.21622783151485919, 0.076083953179022404, 0.0044477572454766504, 0.21149709436880129, 0.0020155058093118635, 0.12961089551641475], "standard": [0.053594333621103545, 0.10051009673172831, 0.12535742112008635, 0.032606989431881901, 0.091615136216742152, 0.040311905323745352, 0.14264350853999921, 0.055997145346937109, 0.042794786237191504, 0.16396817615702208, 0.053813005947463403, 0.096787495326098968], "standard_f": [0.051519423706031311, 0.099798046247297198, 0.13244962413804925, 0.030473703273435432, 0.088655492896048155, 0.038825746973713382, 0.14644951592687272, 0.055374163867142764, 0.040571814646742338, 0.1734306124328959, 0.049871269862896229, 0.09258058602887527], "hpss": [0.036474353517461949, 0.11180556300302051, 0.13267538490013658, 0.022310347104937237, 0.097696682821813569, 0.028248661597163018, 0.16586795141694799, 0.047240785600955258, 0.028286214643336083, 0.18366205044266856, 0.042952286578728301, 0.10277971837283099], "hpss_f": [0.035615934980545688, 0.11034719096492923, 0.13751747864721131, 0.021386280996663655, 0.096086779810994699, 0.02702755603934151, 0.16600443057871256, 0.046999890025597929, 0.027084758192810348, 0.19143163464616592, 0.039082349537398316, 0.10141571557962892]}