{"deep_f": [0.0090737528766836328, 0.054666190918040931, 0.24487105280485807, 0.0049871723563576454, 0.059763024296737369, 0.0060921714678306036, 0.21398910303588728, 0.066257371788724317, 0.0062053901414171114, 0.21557228326590117, 0.0051423890143011287, 0.11338009803326053], "deep": [0.0091292515142044825, 0.055645342371919655, 0.24340836547276659, 0.0050798537810330668, 0.061140318492246236, 0.0062153934684671952, 0.21093567801936153, 0.068583524423172906, 0.0063153768796271022, 0.2140323930599306, 0.0052965877246627276, 0.1142179147926079], "standard": [0.076445521927359095, 0.10115430374084804, 0.13288637298016159, 0.03001274074614391, 0.077585253108566093, 0.041266227093782033, 0.13250852403427246, 0.064800707295407725, 0.058997135533841831, 0.13482950013905853, 0.061225434009535028, 0.088288279391023627], "standard_f": [0.076276846478587068, 0.10176824032395283, 0.14763340585423268, 0.028197333790177262, 0.073666086898371688, 0.038032537967572909, 0.13227010120291677, 0.062160802888126636, 0.057046815191700261, 0.14309576955929879, 0.056066759565980839, 0.083785300279082223], "hpss": [0.067125135767807279, 0.1120872851798058, 0.14356013356263608, 0.020036970916176854, 0.079358610759806422, 0.031935366228900537, 0.15080864631593122, 0.057820456492967513, 0.049934588960076118, 0.14283413042143972, 0.053852679078928538, 0.090645996315524002], "hpss_f": [0.067433749742578472, 0.10951436623985203, 0.15416778057856834, 0.019772392751876994, 0.078126761575927253, 0.029944539153054596, 0.14723178932273268, 0.056523255808032448, 0.048885404506277222, 0.14993136671872739, 0.049746018066041849, 0.088722575536330908]}