{"deep_f": [0.0085087456394770736, 0.051244948767022645, 0.20861055738766843, 0.0071466998801176197, 0.11268454584845319, 0.0045825979544463673, 0.18422207544352379, 0.06035127667755634, 0.020637416012547278, 0.19274775655829754, 0.0043880913241497723, 0.14487528850673995], "deep": [0.0086622866178777159, 0.053095466036567708, 0.20358193802853383, 0.0073865573655149891, 0.11826587468695707, 0.0046601995197448074, 0.17879996887170474, 0.062452629225082712, 0.021422023609710013, 0.18989461615731199, 0.00454182204593936, 0.14723661783505509], "standard": [0.061514829129374234, 0.088051031407055572, 0.108492420193182, 0.036098836146786765, 0.10482050697560726, 0.044435269015602581, 0.14268052390000358, 0.059892105333507736, 0.054785231751094156, 0.12213566620627161, 0.062764259763313249, 0.11432932017820119], "standard_f": [0.057558202945109473, 0.090458122251834236, 0.11721011686592377, 0.033848800312877125, 0.10366963206450718, 0.041786386371147309, 0.14490030518310229, 0.060566094792811942, 0.050710867616226819, 0.12860979441592588, 0.059399719442912099, 0.11128195773762176], "hpss": [0.048876996601396348, 0.094161267450315278, 0.11003038772703885, 0.028135835878043726, 0.11449834685923385, 0.035195633700411212, 0.16330920554403419, 0.051703434025969039, 0.044830370023748123, 0.12598180246243817, 0.056917140862008705, 0.12635957886536239], "hpss_f": [0.048312233816856683, 0.093779680755131198, 0.11602885043814036, 0.027366330895022651, 0.11384814494373807, 0.03355144489506353, 0.16070944228522882, 0.051935301973320004, 0.042778705733328461, 0.13083649964895488, 0.054690564776063516, 0.1261627998391518]}