{"deep_f": [0.025968688745556828, 0.011275672518642353, 0.27267576509924835, 0.0038413862405437052, 0.056765554080414407, 0.022957109787841538, 0.030266948001015138, 0.27820460905686178, 0.0028818697101746383, 0.072330117378730338, 0.0069875473691605773, 0.21584473201181012], "deep": [0.027552125778777588, 0.012479901858622687, 0.26858384724648876, 0.0044425279671546731, 0.059718292343082818, 0.023583286386341655, 0.031046472977960687, 0.27543560423433527, 0.0034563086279722592, 0.077015511536797671, 0.0077282956459482945, 0.20895782539651764], "standard": [0.054085443090843739, 0.048739534287547563, 0.15558096395636647, 0.029205856956664406, 0.067426915367314266, 0.03039756303012283, 0.07682826872407951, 0.17175815084164645, 0.055889483982831271, 0.13998618605395791, 0.047045916099808655, 0.12305571760881687], "standard_f": [0.050373530804611537, 0.045793231270391976, 0.16581854239739272, 0.027044089209881102, 0.065038147208747232, 0.0279272510363868, 0.071925510645251309, 0.18343790019315626, 0.054510548739668846, 0.14531667106724799, 0.042878416397308293, 0.11993616102995577], "hpss": [0.039375657235021295, 0.043436236876325113, 0.17467000596056173, 0.019824352406119534, 0.067006418804400475, 0.019073560923513234, 0.075257091514211935, 0.19840318652892019, 0.042870254286252941, 0.1483117968861129, 0.034164305940309579, 0.13760713263825117], "hpss_f": [0.037955558647862958, 0.04154847137019551, 0.18119481747067193, 0.019069012684991119, 0.066203631579521499, 0.01767508267711778, 0.07206570110562717, 0.20225165842981138, 0.042353496102435731, 0.15240176574150643, 0.031960411459710653, 0.13532039273054783]}