{"deep_f": [0.038020414649768637, 0.042653615387008646, 0.17997336226531016, 0.0060768928270411278, 0.15532911975743846, 0.021545048492976018, 0.063611652808898592, 0.16714241488002904, 0.0089435176970814202, 0.16925075644872942, 0.0059583160201647153, 0.1414948887655538], "deep": [0.038458490924793198, 0.042784039315734573, 0.17927033925752087, 0.0062022875905775789, 0.15520104852219671, 0.022027062306488047, 0.063644139655338605, 0.16592483597300914, 0.0090416619851969426, 0.17107974472302587, 0.006061267093755515, 0.14030508265236291], "standard": [0.047392679000417264, 0.0587580370397792, 0.11060552279780075, 0.031924342145531893, 0.13242345749280679, 0.032492741516612536, 0.073659579809857934, 0.10140945979490661, 0.059813973299471079, 0.18166784583252188, 0.042757071584407509, 0.12709528968588649], "standard_f": [0.046210642404463084, 0.058113356185304998, 0.11382997253511476, 0.029690878532770811, 0.13402613329575355, 0.030099635684623646, 0.07058520404894611, 0.10060933395423265, 0.056921938458499202, 0.19507596567741337, 0.039922959430405573, 0.12491397979247258], "hpss": [0.035778882742384534, 0.058210972260390174, 0.11391556659494105, 0.023204124176044113, 0.14777869646196581, 0.023059950573428106, 0.072829360490925754, 0.10619604436170683, 0.05044688383907199, 0.19796440670920906, 0.030376924294913663, 0.14023818749501901], "hpss_f": [0.03566387937319488, 0.057822138307097579, 0.11526218224289951, 0.022371352638742185, 0.14801197528986057, 0.02192608937466976, 0.070631313707067711, 0.10615870694511315, 0.049250161774946087, 0.20520657321308192, 0.029467628915912737, 0.13822799821741391]}