{"deep_f": [0.035852452768235607, 0.019632777528244483, 0.23443885130442654, 0.0046645523396460524, 0.10737878784820645, 0.01652886262225129, 0.071440654652587393, 0.19443915392228742, 0.0063703777334719776, 0.13275171127555788, 0.005315854725856951, 0.17118596327922814], "deep": [0.037668575756741526, 0.019978901885549492, 0.23248746531936315, 0.00483309524720497, 0.10913813813401266, 0.016856485374423868, 0.07084521785382468, 0.19286210689722513, 0.0065257349715337658, 0.13513690263816078, 0.0054645895125090358, 0.16820278640945094], "standard": [0.057110282870085377, 0.056436536232849471, 0.14986305119706542, 0.035578532010529497, 0.11655116029614698, 0.027493005349281036, 0.070936586078643393, 0.094800919912568088, 0.048097218696458499, 0.17012641740814394, 0.041901656896311937, 0.13110463305191628], "standard_f": [0.054136519530289307, 0.055997988354985165, 0.15983176527086293, 0.032955910735598129, 0.11884465763608834, 0.025936041754973011, 0.067067843972622443, 0.094214887699100733, 0.046566877789384557, 0.17748199722435223, 0.038503786285227631, 0.12846172374651552], "hpss": [0.048411345547980843, 0.054843073613226531, 0.16106170808491402, 0.028038474472758722, 0.12676131708284677, 0.016687341114871704, 0.069057792162900214, 0.09832612551576074, 0.036659696511289003, 0.18459673473754795, 0.031092808815822489, 0.14446358234008108], "hpss_f": [0.047154612128172436, 0.054536832128733559, 0.16572699803865004, 0.026671757489050669, 0.12824588032179032, 0.016090023735157121, 0.066445529971245768, 0.097973614782509627, 0.03653351394132829, 0.18886887387760132, 0.029745019502019718, 0.1420073440837411]}