{"deep_f": [0.0096569754370956235, 0.027560508232219758, 0.25634187747297515, 0.0047668296322977387, 0.068340757337711194, 0.005595132400687609, 0.21945938842725052, 0.041626768892522488, 0.0083729290146144289, 0.21941805364079695, 0.0027358071590969564, 0.13612497235273177], "deep": [0.010145277322561031, 0.028049510935003949, 0.25477215323028507, 0.0051063937325664813, 0.070159145458365227, 0.0061370461014975675, 0.21648084200340503, 0.042908039761517525, 0.0089621497886097374, 0.21740205737438659, 0.0031532757859088394, 0.13672410850589292], "standard": [0.051931136359622855, 0.093113897762359385, 0.13842833834251034, 0.029430595558523523, 0.11932641686904823, 0.034744918269864117, 0.10301933154650564, 0.036968191478534418, 0.04501095027429796, 0.18915509027345614, 0.045471502726345883, 0.11339963053893155], "standard_f": [0.04877116418626886, 0.091277900620983843, 0.1534866061858379, 0.027160909482219782, 0.1195808392602027, 0.032477912414043235, 0.099275782650388403, 0.03411849797064774, 0.042884843932832539, 0.19955188275481522, 0.041550814434818256, 0.10986284610694137], "hpss": [0.038664910066161122, 0.099130200723943185, 0.14622738311575439, 0.022118029639459368, 0.13112989159450072, 0.024800191304645731, 0.11188163342629275, 0.026664640790158838, 0.033566944087757254, 0.20845195865958552, 0.035466082919647951, 0.12189813367209333], "hpss_f": [0.0381207497943956, 0.097113318740417967, 0.15516468177688819, 0.021206360398660959, 0.13075963658471948, 0.024034182757097605, 0.10907484397500045, 0.025242308805548848, 0.033370429049801628, 0.21100521697775182, 0.033744261384609946, 0.12116400975510755]}