{"deep_f": [0.010749223869530658, 0.019352578288505062, 0.26702845222936578, 0.0024038395686002269, 0.055853297559439997, 0.0047655034221247101, 0.19339182756629414, 0.10924930910668681, 0.0032065785669392654, 0.19495833677654004, 0.0017882072655226247, 0.13725284578045061], "deep": [0.010832657066577234, 0.019720277590470341, 0.26584588074271609, 0.0024619600722212147, 0.057086515361678844, 0.0048154766445648953, 0.19174839832739629, 0.11011024999612343, 0.0032894625817996084, 0.19406458384630518, 0.0018245491282943727, 0.13819998864185248], "standard": [0.053703409095156876, 0.09039817688814783, 0.11519808934728053, 0.034822653791199143, 0.08788834993176059, 0.040822394782968868, 0.13181573005249878, 0.077758618971147456, 0.045727462580504724, 0.16719783272331706, 0.055489408750921961, 0.099177873085096291], "standard_f": [0.050145271744466417, 0.089382032274270509, 0.11991550025119752, 0.032127765073444593, 0.086846871970558737, 0.039351075577085719, 0.1344271964846539, 0.080090020236508588, 0.044321795427314292, 0.17457646633693777, 0.052586407336437144, 0.096229597287124755], "hpss": [0.035326975650039526, 0.099100522546818975, 0.11798464602356927, 0.024324157117587491, 0.093806597490328353, 0.028698169669690621, 0.15110060792579183, 0.075999575223676452, 0.032697512934036131, 0.18947311181587898, 0.04540902970783247, 0.10607909389474975], "hpss_f": [0.03370297607827117, 0.097021579221393178, 0.12183044233407862, 0.023105837061760552, 0.093359447705956625, 0.027813389404390754, 0.15060818279165311, 0.076980161965111399, 0.032267513873987262, 0.19422595947152038, 0.043190050068513446, 0.10589446002336345]}