{"deep_f": [0.045481802187528481, 0.0079356188335056692, 0.26076122370554283, 0.0020832267787121127, 0.060894468853604777, 0.018514254224298088, 0.050762701543916731, 0.24864582911320895, 0.0021268683879923601, 0.085172243809996481, 0.002530845465208873, 0.2150909170964847], "deep": [0.049152284114272513, 0.008419208611364911, 0.25637086351308364, 0.0022013723776596679, 0.064882265815237344, 0.018892148336543423, 0.051848365627061778, 0.24435794485202267, 0.0022637480568233402, 0.09010150718590694, 0.0026227739059794465, 0.20888751760404434], "standard": [0.08740124278641706, 0.068396453891494791, 0.15576251766670357, 0.042224776483154869, 0.067896854194531384, 0.035027760500584058, 0.096797270361488066, 0.11228259747123789, 0.044063994664230888, 0.1288167686286241, 0.049588829467805448, 0.1117409338837278], "standard_f": [0.088302912948939327, 0.06532789131141549, 0.16782731337980183, 0.039580279628414844, 0.064331121660609045, 0.0328004476081485, 0.095565444876318642, 0.11861111664025033, 0.042915792482806185, 0.13134581840476509, 0.04646850220209095, 0.10692335885643972], "hpss": [0.078758704315790379, 0.068219445538759887, 0.17324221243688193, 0.034171645113252887, 0.065007460537329934, 0.021568494036064732, 0.10345364558542405, 0.12529657532505151, 0.030927346946615659, 0.13733963839659963, 0.037951923543545679, 0.12406290822468381], "hpss_f": [0.081370548179259525, 0.065808483466919046, 0.18092087269653107, 0.033280293046210573, 0.062756376567011773, 0.019644740827338608, 0.10221510934042839, 0.12713442085088011, 0.030022961027032318, 0.14009437311088543, 0.036062911081585394, 0.12068890980591762]}