{"deep_f": [0.010645338498033331, 0.014845667224880756, 0.27425093452096155, 0.0019884043650042777, 0.042755302487287421, 0.0048545785328714024, 0.19913348490805063, 0.10790763444212871, 0.0029379909981818073, 0.19082308564605063, 0.0014877237269406208, 0.14836985464960878], "deep": [0.010983627051904556, 0.015431394184936623, 0.27276864901720377, 0.0022678194110577767, 0.044017299084242768, 0.0052273112038704137, 0.19732663598139338, 0.10839073239287364, 0.0033188176748183904, 0.18980422009837358, 0.0017575630960645879, 0.1487059308032605], "standard": [0.068541134880512083, 0.091397410656919906, 0.14919063687561573, 0.039695754180651459, 0.085521999397136741, 0.038429505001023136, 0.11645681181622471, 0.054705815166830304, 0.050952971982123639, 0.14819044213758867, 0.050364637774537931, 0.10655288013083569], "standard_f": [0.066623899473089929, 0.089772448635066948, 0.16045092597520733, 0.038304797157970222, 0.08304644510818579, 0.036236690206220182, 0.11736289463335638, 0.053486433874653995, 0.049718733823062355, 0.1542740513587581, 0.047391806865536235, 0.10333087288889245], "hpss": [0.053888190061258404, 0.098477306087648028, 0.1626145959840346, 0.032011606768959741, 0.089264758415360898, 0.025575305452937579, 0.13169544268741859, 0.047118777648674073, 0.04132127340073706, 0.1641376704242436, 0.039091526334193008, 0.11480354673453434], "hpss_f": [0.052745123780970113, 0.096117050237089399, 0.16991764951222876, 0.031749763387467038, 0.087378563087790934, 0.023989746207727418, 0.13125634435737488, 0.046415889036786978, 0.040470439750917547, 0.16858834174618306, 0.037339793142889231, 0.11403129575257458]}