{"deep_f": [0.079772976851943928, 0.014871993014927067, 0.21230487661035849, 0.0023067098609312578, 0.11710522199104124, 0.022760558375413537, 0.046470427805434839, 0.20670986823994453, 0.0029038060182519309, 0.14112491646406597, 0.0028200615600008955, 0.15084858320768607], "deep": [0.08220252883765361, 0.015196776385152409, 0.21008716735464869, 0.0023844115155705063, 0.11879076803464732, 0.023418123969803716, 0.047153110112963463, 0.20354229452400385, 0.0029815440264105925, 0.14506467007618762, 0.0029009736600165226, 0.14627763150294171], "standard": [0.091598075855998204, 0.066258289816662652, 0.13632739355539114, 0.037008987856077341, 0.092618070581175854, 0.037426392091484136, 0.071177558881263189, 0.10975430700207765, 0.049286810049102611, 0.14381856697937001, 0.049227795045031095, 0.11549775228636602], "standard_f": [0.096585903518759647, 0.065904811194834476, 0.13681278548505127, 0.035095327288841328, 0.091948622860873033, 0.035369151755611644, 0.068221420910119429, 0.11414129050018318, 0.046512322348851484, 0.1484411619857223, 0.047506440850486074, 0.11346076130066618], "hpss": [0.083134118965493289, 0.063202659789475021, 0.14691166219432833, 0.02714036706497882, 0.09885908901982908, 0.026149374491979287, 0.069529291584074102, 0.12126299480458128, 0.040038971292141609, 0.15706268156060868, 0.038260592430407782, 0.12844819680210248], "hpss_f": [0.087309233618420662, 0.062601103631608757, 0.14624994969169419, 0.02646866699521325, 0.098214605549324874, 0.024593932111471248, 0.067109438649016612, 0.12414046920725097, 0.038074798405659263, 0.16068724111425006, 0.037476141175366164, 0.12707441985072374]}