{"deep_f": [0.044137027642447126, 0.012575016877731836, 0.24835357854873355, 0.0019549473044577466, 0.087035758015066078, 0.016092335129611019, 0.090849839213721834, 0.18743484351890741, 0.0026277516528780886, 0.15384046967572101, 0.0024808419054909211, 0.15261759051523313], "deep": [0.045454741528365726, 0.012797228912150184, 0.24700827016833593, 0.0020035618740626413, 0.088359041285754489, 0.016455108503405508, 0.089968244028445984, 0.18676603610654027, 0.0026705892837622573, 0.15523233918730711, 0.0025363063369556204, 0.15074853278491429], "standard": [0.077311709958898314, 0.070011662982652628, 0.15168174087566699, 0.036740997117203335, 0.088880017596297378, 0.035090339784398308, 0.076070006167318821, 0.10039602476225711, 0.050619229632842051, 0.15807483770510738, 0.047226709113350432, 0.10789672430400736], "standard_f": [0.077302962582877208, 0.069377012296211613, 0.15760996967898538, 0.034757033964746858, 0.086854963220916986, 0.033239150328862085, 0.074191476452492119, 0.10599316097789867, 0.048490951962114719, 0.16183844711647033, 0.045077998819472546, 0.10526687259895129], "hpss": [0.06403684422482335, 0.06911328130425598, 0.16775992189165723, 0.026311140565429238, 0.09367577699597357, 0.022771579626994196, 0.075484889633072635, 0.1095436935721268, 0.042255219398037738, 0.17648125570333031, 0.035031914491523403, 0.11753448259277578], "hpss_f": [0.064006370450821984, 0.068400960515932335, 0.17128996757636261, 0.024985353829470723, 0.092620808955801229, 0.021527965199247587, 0.073632316651557339, 0.11410197211293363, 0.041075533998569586, 0.17922753321676566, 0.033871404912660115, 0.11525981257987723]}