{"deep_f": [0.049348809328643342, 0.0072438133241551498, 0.27187362880684146, 0.001819506881432473, 0.044364348943357439, 0.029458294472210458, 0.069604766961069361, 0.22693643481540968, 0.0017119141410159155, 0.11126857142499517, 0.003026810202630886, 0.18334310069823873], "deep": [0.051607772349669456, 0.0076688686230870886, 0.26955123763338479, 0.002055463408626319, 0.045960479088401826, 0.030352220004117025, 0.07074274915186668, 0.22339347361411963, 0.0019779317778426263, 0.11495655980640924, 0.0032905502335052717, 0.17844269430897006], "standard": [0.081456280914325552, 0.079078471823646232, 0.14760556547342624, 0.034827499212019858, 0.075351689627433813, 0.043035651491432583, 0.091451259042981153, 0.11807285731993863, 0.045091376450300563, 0.13081044406772385, 0.05274201381107526, 0.10047689076569648], "standard_f": [0.078569150890051398, 0.077707461284987678, 0.15625096161045399, 0.031949371776643205, 0.07597412460086167, 0.040181220349837149, 0.089800596988630493, 0.12239656565425999, 0.044661101183070269, 0.13641394311913671, 0.048665595168974798, 0.097429907373092622], "hpss": [0.071819566021860987, 0.081260378914193132, 0.15995497602632999, 0.024942162884437156, 0.075770022163563322, 0.035159948730952795, 0.096184220301902157, 0.1322978852128803, 0.034774219403557738, 0.1390112641340297, 0.04276736054091404, 0.10605799566537867], "hpss_f": [0.07210903282552128, 0.078739402163392522, 0.16655568711122432, 0.023116744653691713, 0.07713227057605461, 0.031948725470572752, 0.092479246911652629, 0.13506930234152068, 0.034837376703207724, 0.14526373737875936, 0.038995540916976032, 0.1037529329474266]}