{"deep_f": [0.030745183454821454, 0.027171251127810579, 0.25765519692287214, 0.0017124723354048014, 0.069896272259288253, 0.0075174895851486453, 0.17571321221545069, 0.11316170031680128, 0.0024702023189659785, 0.22247867926012618, 0.0021051933428092927, 0.089373146860500713], "deep": [0.032139595197160975, 0.027946018800391752, 0.25523185241108798, 0.0017793039783178311, 0.072202717581536374, 0.0078010705713982198, 0.17196879850348532, 0.11534956542669046, 0.0025633368337887649, 0.22091734835514518, 0.0021868536651997689, 0.089913538675797378], "standard": [0.077851050822084059, 0.085840956344460484, 0.13599148345737136, 0.026836317934695028, 0.084025044050912004, 0.041135782524738408, 0.097007463050104534, 0.090875490298510109, 0.05312052286834635, 0.15392129676281069, 0.056379128181935002, 0.097015463704031898], "standard_f": [0.078301082181229234, 0.080296620018581386, 0.14376779121738872, 0.025024607782988827, 0.083565618968936953, 0.037594611059771486, 0.091170488567776403, 0.095305014377427943, 0.051562735537166803, 0.16600544297975012, 0.050530148507943351, 0.096875838801038727], "hpss": [0.067184296380804601, 0.091927181245416684, 0.14674856148493398, 0.01679047665260781, 0.088122471626817134, 0.031966017944006435, 0.10487896945375197, 0.095570616761658414, 0.044907441718690287, 0.16683462016805056, 0.046508634191158152, 0.098560712372103995], "hpss_f": [0.067935271860111682, 0.086859330629750237, 0.15201010182951585, 0.016076064532559293, 0.088684074319710315, 0.029285652250704067, 0.099413353395296639, 0.098488775629681988, 0.043820061654156625, 0.17635119310803743, 0.041518557166130191, 0.099557563624345688]}