{"deep_f": [0.0088456009977223235, 0.016129569531218149, 0.26823884806276849, 0.0016666841780088387, 0.056549465708066404, 0.0033705342559458818, 0.20269202134449099, 0.10262842300995915, 0.0036658469125889683, 0.1955029080538723, 0.0011838740938701334, 0.13952622385148855], "deep": [0.0089252398000921346, 0.016494033933551925, 0.2670006750238022, 0.0017041680307851119, 0.058124023515898397, 0.0034070044456229599, 0.20073511840460986, 0.10371207938570935, 0.003789190806840286, 0.19436165998319435, 0.0012090224667895297, 0.14053778420310389], "standard": [0.068341934900952556, 0.092459738840589625, 0.13643208364981546, 0.03370322714152979, 0.093337396597495875, 0.03638562179214979, 0.10337423528390524, 0.048429578079252501, 0.048605769344252467, 0.17490056620291783, 0.054832361393356725, 0.10919748677378183], "standard_f": [0.066780788337711561, 0.090121568839100372, 0.14499848503223789, 0.031955191417656681, 0.092481682520771033, 0.034172571944544372, 0.10137680681000097, 0.046177725413804917, 0.046734979691864721, 0.1852623058275826, 0.051120033392458401, 0.10881786077226634], "hpss": [0.052363337658236482, 0.10039799489920172, 0.14659647597312628, 0.025564495422565343, 0.10075788114802921, 0.024046954958152449, 0.11533951599348372, 0.039861354041229487, 0.03912358469851647, 0.19533330511223995, 0.044141132400430598, 0.11647396769478835], "hpss_f": [0.051078923206368934, 0.098073237844845521, 0.15267432706345332, 0.024538229023825041, 0.10089165389939059, 0.022559609201746808, 0.11355261095967871, 0.038436038106396883, 0.037916001980380434, 0.20169431062429669, 0.041473327617316022, 0.11711173047230095]}