{"deep_f": [0.0079031585470108537, 0.020389885426882765, 0.26448405405240921, 0.0021174631180128725, 0.052511845549026645, 0.0031014684597241407, 0.2200484530248108, 0.07489030594082581, 0.0035402680235429801, 0.20709976096785748, 0.0013539157521778122, 0.14255942113771847], "deep": [0.0082671425012282498, 0.021106138536813819, 0.26282779263483996, 0.0023173554790613371, 0.054379989622987721, 0.0033918425214623936, 0.21739008025528822, 0.076436037044954663, 0.0038611227868686369, 0.20580485825812295, 0.0015587602046213214, 0.14265888015375072], "standard": [0.068349308166295447, 0.096344304897930583, 0.1295294766988784, 0.033190764113183821, 0.093853077003126062, 0.038510261586057602, 0.11554009768887542, 0.054334295677110199, 0.047871165863340254, 0.16468894903195377, 0.058045639860009705, 0.099742659413238996], "standard_f": [0.065779871239264487, 0.094191954733012576, 0.14041070561260718, 0.030685205580074305, 0.091824209186020508, 0.036115355359803557, 0.11437570184889451, 0.054729683192295243, 0.046044600319621425, 0.17467500067402683, 0.053742505168292418, 0.097425207086087109], "hpss": [0.050145102830899346, 0.10615617702471249, 0.13728418010784157, 0.024121681892130636, 0.10239340821265151, 0.026407209041740251, 0.13181829907894088, 0.047121314615389855, 0.038307517521963687, 0.18402332884978778, 0.048686219117242226, 0.10353556170669971], "hpss_f": [0.049004796236471061, 0.10398105915189171, 0.14574447267899504, 0.022646787384003057, 0.10070884281735998, 0.024868342677933947, 0.13058670290234714, 0.047264807652870895, 0.037310306831089005, 0.18986142698776581, 0.045149017835757768, 0.1028734368435144]}