{"deep_f": [0.036614698118762654, 0.018388029717662728, 0.22899198916319904, 0.0047429312884929601, 0.10405603083673434, 0.022084445888756368, 0.050251964663531552, 0.22645198364032762, 0.0059230014553276478, 0.10349888191291734, 0.0054634024334168294, 0.19353264088087083], "deep": [0.038238617358931332, 0.019858718179625499, 0.22418231073597136, 0.0053027484079376658, 0.10736821222017853, 0.023060100711135227, 0.050870885146178019, 0.22141717236483316, 0.0066047777004890028, 0.10940400886055202, 0.0059919853813684091, 0.18770046293279977], "standard": [0.054303746361853672, 0.050784070002029648, 0.13060162390780286, 0.038284276861970792, 0.098517709253096233, 0.040397794983787878, 0.086885615227239837, 0.11906488822816974, 0.055129805449297548, 0.12916142332253011, 0.040541284645628714, 0.15632776175659291], "standard_f": [0.051294714088498186, 0.049297301156774519, 0.13076326258270887, 0.038068095749694067, 0.10075546449246084, 0.038907629376513056, 0.08871692273531466, 0.11986446921219224, 0.051261053384449411, 0.13035299329710806, 0.036634090666719257, 0.16408400325756703], "hpss": [0.044497170049131285, 0.046710521386110072, 0.13888721962350761, 0.03297333024337909, 0.10359240579837019, 0.034089787431662084, 0.089090252483330037, 0.12734376510546092, 0.047803268198027896, 0.13302093211421839, 0.029445179389080822, 0.17254616817772156], "hpss_f": [0.043198524805904956, 0.046518855362838729, 0.13805423149297757, 0.033284056146226905, 0.10544792176312524, 0.03290282090306889, 0.089823119757988651, 0.12594801579588191, 0.046218106079470266, 0.13416615920774291, 0.028301099141180692, 0.17613708954359308]}