{"deep_f": [0.035935364703654028, 0.02276559600425428, 0.19997555050171134, 0.0036569016306099173, 0.12735795739586575, 0.0058870556035111859, 0.13789314830637922, 0.12284195911356188, 0.010596339101968045, 0.16466166201393467, 0.001738828071722924, 0.16668963755282681], "deep": [0.038041090456044105, 0.023381557962719915, 0.19773291107618604, 0.0037363444262625022, 0.1298037952157845, 0.0061477105746007357, 0.13469794248030478, 0.12448010264608986, 0.010727493788522457, 0.16454252954443299, 0.0018048688387030613, 0.16490365299034906], "standard": [0.072049623283123934, 0.086868656368298727, 0.11544898601981679, 0.033687371991483493, 0.092985643860182363, 0.04571025736168418, 0.12861017937677016, 0.079360765641452211, 0.057302079201520598, 0.12602842461833666, 0.055830114128057988, 0.10611789814927289], "standard_f": [0.068892150934721855, 0.088347635390597853, 0.12798699236111186, 0.03111424831648673, 0.087492537898483561, 0.042725755607401682, 0.13149184442695372, 0.084195864505929863, 0.054683570688098995, 0.12963625545230634, 0.053010353633258379, 0.10042279078464909], "hpss": [0.057258174322355346, 0.092969402218936306, 0.1176362967143378, 0.025393130499117938, 0.10112032874344234, 0.033987712634462736, 0.14858068890960652, 0.077538748293607823, 0.047410313277531431, 0.13114677122339041, 0.047187380516072817, 0.11977105264713851], "hpss_f": [0.055570686777342747, 0.094716944517547558, 0.12736463087826763, 0.023369840491337883, 0.097940763143421053, 0.032180924367800443, 0.1483979138645336, 0.081415674091414855, 0.046180082218659983, 0.13494285890301086, 0.044714875381842732, 0.11320480536482062]}