{"deep_f": [0.0097661058190345144, 0.030859893044384003, 0.25871400311991344, 0.0021096407156618114, 0.061910571945048197, 0.0038301573131025715, 0.19155895670766646, 0.1037806719062158, 0.0029710491283009319, 0.21109889003553911, 0.0015281200884292539, 0.12187194017670383], "deep": [0.0098285159579519273, 0.031945790066569307, 0.25676648406331959, 0.0021689733321882754, 0.063944779816289488, 0.0038887017231643887, 0.18890643903003176, 0.10512365402461174, 0.0030782264733755374, 0.20988150342823367, 0.0015773099552082498, 0.12288962212905603], "standard": [0.067833291094292994, 0.10969100727023159, 0.13983681037144824, 0.025503037724118785, 0.085039895630348319, 0.04512409730277156, 0.11618276502441091, 0.081133947374740958, 0.057331404094450381, 0.14663091887194235, 0.050411544562523079, 0.075281280678720849], "standard_f": [0.065262381965244726, 0.11088239528907154, 0.15362151233982921, 0.023887447787821359, 0.080040394089346004, 0.042481891203738381, 0.116697778474273, 0.081775401258530292, 0.054939485442805101, 0.1536765840050085, 0.04737569771384393, 0.06935903043048787], "hpss": [0.050513751124710772, 0.12474783105931142, 0.15254254572057641, 0.015080117037846908, 0.09049310182304357, 0.033558866341128861, 0.13246989156153449, 0.081588850053098669, 0.046713415169165343, 0.15820454232203948, 0.038959046095240285, 0.075128041692303832], "hpss_f": [0.048822907996897445, 0.1247592896848992, 0.16202427843721048, 0.014240464035654399, 0.087422863693221373, 0.031664419853564593, 0.13212897624233208, 0.082284517149772168, 0.04531844937733167, 0.16384742923404075, 0.03683107701944436, 0.070655327275631508]}