{"deep_f": [0.058735603561067419, 0.0067674306629883461, 0.25380302108709452, 0.0019685089956676394, 0.067340579915991308, 0.019147346007808059, 0.054523919965435728, 0.24558070070228441, 0.001960223851090407, 0.079866954278614566, 0.0023881416816364915, 0.20791756929032101], "deep": [0.061333124797885552, 0.0071210394945870528, 0.25131535938648619, 0.0021345323141805949, 0.06938785489480527, 0.019729659488872966, 0.054659956029953258, 0.2432019244724164, 0.0021570208725331945, 0.082761585644913024, 0.002561985518413433, 0.20363595708495308], "standard": [0.073193166598560219, 0.075453120331284387, 0.14114308123516009, 0.031360491672036382, 0.068654840007623258, 0.038763402991716024, 0.092530809659234256, 0.12909918705363427, 0.05933271695724112, 0.13140986979754768, 0.045672839766239398, 0.11338647392972299], "standard_f": [0.068699274098868141, 0.074542840317736336, 0.15197707090408688, 0.028422146288681529, 0.06598029039893058, 0.036873115819291688, 0.091767449948049445, 0.13725967291488098, 0.059046965276423849, 0.13611507184323254, 0.042695458039912371, 0.10662064414990578], "hpss": [0.059764933253610909, 0.077077216944278312, 0.15398433813349471, 0.022540135978197155, 0.066509231495042731, 0.024903027739747362, 0.099294093085621177, 0.14673206164652619, 0.050785641834624723, 0.13664505950403624, 0.032779700711575543, 0.12898455967324474], "hpss_f": [0.058007128750913309, 0.077209832555620195, 0.16039472167264815, 0.020636792504303413, 0.065948281767335873, 0.023765202047482364, 0.098554127527171964, 0.15093189158266324, 0.050858831434149543, 0.14045799286373298, 0.03097774090940545, 0.1222574563845735]}