{"deep_f": [0.057496115447908405, 0.0236640868490356, 0.21879989694842261, 0.0033184444321409847, 0.1007963140651066, 0.055348437484962258, 0.043851410893301482, 0.18211285313056547, 0.0030276832890627371, 0.16583270490846705, 0.0043094381310469837, 0.14144261441997977], "deep": [0.059199929503533436, 0.024118058098777879, 0.21687393194827637, 0.0034343493449814646, 0.10155739577965328, 0.057323272370030827, 0.04380128651076895, 0.17894609931182701, 0.0031136732442242506, 0.16952837909609234, 0.0044495536604622745, 0.13765407113137193], "standard": [0.063733296377424087, 0.066966427527811651, 0.13268615057943547, 0.030293368222482662, 0.093464765498072616, 0.047235256523518815, 0.076099014784614658, 0.12691459433314145, 0.054755853413374356, 0.1532659760693357, 0.044593924658573994, 0.10999137201221479], "standard_f": [0.062658735484112549, 0.066500376626095856, 0.14024624636399166, 0.027898245210287623, 0.090416080271010599, 0.045177102730384937, 0.076132499337200968, 0.13281238359006503, 0.053289115256065528, 0.15543383225903593, 0.042429525450672669, 0.10700585742107652], "hpss": [0.048279054047068282, 0.066253465263301989, 0.14141528879213522, 0.021134012837869722, 0.099758728158437435, 0.037922804576498825, 0.076204424809229648, 0.14204899570984603, 0.045504252633379663, 0.16735051513316143, 0.032617061390098352, 0.12151139664897335], "hpss_f": [0.048969991316988606, 0.065563935758941122, 0.14643995139853147, 0.019929585773059609, 0.098051953105466078, 0.036700854582144241, 0.076322514351098159, 0.14510928312412547, 0.045133243711382075, 0.16779493848039848, 0.031390195464419679, 0.11859355293344492]}