{"deep_f": [0.070601499412878785, 0.028954817282235645, 0.19804637494663413, 0.0034340217192378505, 0.12467264009689887, 0.046968050122106225, 0.038289882059707639, 0.17665101392348126, 0.0035815656512268815, 0.17224666159959554, 0.0040954127467282553, 0.13245806043926894], "deep": [0.072244055492201378, 0.029397730719835993, 0.19640700905289485, 0.0035337224816586695, 0.12551312190808242, 0.048228314909540063, 0.038497409183586906, 0.17373396894144699, 0.0036583667904899696, 0.17590590154658553, 0.0042190972790348714, 0.12866130169464235], "standard": [0.073374028083710505, 0.068786245122626419, 0.12491351372935959, 0.031621141453597117, 0.10244571057376453, 0.04499820439326175, 0.073572586646855329, 0.09695826081190409, 0.05372040673563562, 0.16349179351975951, 0.047267438663443809, 0.11885067026608175], "standard_f": [0.071388173374754782, 0.067823887639156727, 0.13238568785252502, 0.028506498652512532, 0.10276442621896267, 0.042296113874025383, 0.070056000277843547, 0.097564548932456321, 0.051527295268773206, 0.17504177981275118, 0.044699471614946848, 0.11594611648129172], "hpss": [0.059100195459493098, 0.068953286622995449, 0.13123364536491627, 0.023338257746249279, 0.11383104357385196, 0.035249998110253672, 0.073635933610307333, 0.1029373313920008, 0.042506342402520214, 0.18194157408152609, 0.033893210289684381, 0.13337918134620144], "hpss_f": [0.05801751632366408, 0.06837977621679564, 0.13770453612046199, 0.021161050740604641, 0.11448071084564375, 0.033554751989609832, 0.070545868690914115, 0.10357675970933203, 0.041777557450938752, 0.18927189623498475, 0.032050626125553948, 0.1294789495514963]}