{"deep_f": [0.010802135495404182, 0.025603778694178386, 0.26626555995462636, 0.0020999971618225169, 0.050977564081953974, 0.0037800868129355416, 0.21384683374581129, 0.08191159994167177, 0.0024039454716594079, 0.22836968904166019, 0.0013970211617822504, 0.11254178843649411], "deep": [0.011107147079663428, 0.026388420617979854, 0.26426263871497413, 0.0022900602343495159, 0.052746048564907541, 0.00405468384519528, 0.21038726206012429, 0.084240609307523945, 0.0026494271817608214, 0.2262315847972679, 0.0015760372839047287, 0.11406608031234859], "standard": [0.062289942058819124, 0.095899955777549631, 0.14080456796917667, 0.028837412952965043, 0.091936364968366366, 0.047757706810927981, 0.11794090611120402, 0.07727761255248207, 0.05174705711033719, 0.14976339222249854, 0.056800027236793095, 0.078945054228880249], "standard_f": [0.059378690709248186, 0.096773894515795794, 0.15636761582294889, 0.026819013822472863, 0.087965035511811465, 0.044647228649255029, 0.11788664250089431, 0.078669818034296207, 0.048136860032894593, 0.15764210012696886, 0.052609496986244841, 0.073103603287168917], "hpss": [0.044792293504368322, 0.10678559390436534, 0.15218556628330482, 0.019636477373907557, 0.099048454527147986, 0.037273965695552615, 0.13470202435865528, 0.075482943359031149, 0.039659524466937081, 0.16167429164167932, 0.047110792496499868, 0.081648072388550721], "hpss_f": [0.043631069924133951, 0.10677350302103195, 0.16241646286664557, 0.018692734258531896, 0.095344737291817444, 0.035097751489519109, 0.1346867128468143, 0.077368976717819407, 0.037328010612690359, 0.16748138913566968, 0.044209219400292037, 0.076969432435034457]}