{"deep_f": [0.011280386719366592, 0.10071846747288594, 0.1870232775311301, 0.0051866614964140622, 0.11790544731177413, 0.0067144104487215604, 0.16037695216398906, 0.07345013102054887, 0.010800118160169573, 0.22709208614926302, 0.0042624687191600528, 0.095189592806577017], "deep": [0.011225573725612888, 0.10231822810036051, 0.18291881562824383, 0.0054651331437260385, 0.12117449901928598, 0.0068987596183705908, 0.15533494191183003, 0.076542864915808834, 0.011295193844123681, 0.22309826734031987, 0.0044347602161444333, 0.099292962536173326], "standard": [0.066675036463466827, 0.12103454344017832, 0.10223056669596722, 0.04416482548199599, 0.092320513211113245, 0.04753225433369096, 0.11304729563152539, 0.051058518440320104, 0.064858052227274782, 0.13586061423693899, 0.057738265667962987, 0.10347951416956516], "standard_f": [0.061215151577079734, 0.12679705015842241, 0.1126823078043713, 0.040152549775070372, 0.094005420309673363, 0.043624665803391673, 0.11524429496002814, 0.049055020701780062, 0.060246391957657956, 0.14518050665208301, 0.053070446209184989, 0.098726194091256964], "hpss": [0.057841084678648708, 0.13183076603733807, 0.10010706919407024, 0.040027491702327882, 0.09572408155803587, 0.042145135103031021, 0.12333373249865509, 0.046485560867518504, 0.061632084751746183, 0.14308212292143943, 0.049895196797896772, 0.10789567388929218], "hpss_f": [0.054635330908944769, 0.13323042341595745, 0.10853375699366941, 0.037338278269399158, 0.096968314493228, 0.039482020857630584, 0.12412073805259741, 0.045748973948242108, 0.058244361117239456, 0.14949395312483721, 0.046765126994602634, 0.10543872182365185]}