{"deep_f": [0.058617574494322144, 0.0092776592620340166, 0.25115110481958869, 0.0031674144308535546, 0.066263166681447674, 0.019585862741335516, 0.10305864302281872, 0.18179003588735815, 0.0048793802292570387, 0.12288238546899177, 0.0031518550382132696, 0.17617491792377948], "deep": [0.061469301934315448, 0.010057456242785909, 0.24699604940078465, 0.0037179762910433223, 0.06976751969402549, 0.020221672689727278, 0.10167425492195069, 0.18007604031761446, 0.0056611346951433794, 0.1243711256415629, 0.0036527170732902152, 0.17233475109775626], "standard": [0.096017412654086809, 0.069095349798227068, 0.13454168536618843, 0.042787603741990567, 0.0993562235489686, 0.033245156909327417, 0.10222555819453048, 0.084192693204552888, 0.047994176133072365, 0.11552873032657224, 0.05652442431825086, 0.11849098580423223], "standard_f": [0.099321306129961678, 0.067851914089712445, 0.13456414034791145, 0.039958936427076652, 0.10437991399825566, 0.030765565507925304, 0.098724595563810136, 0.088869887131742334, 0.046717400478590784, 0.11839145676232937, 0.052694877401498183, 0.11776000616118595], "hpss": [0.092497160703964534, 0.068558069682754325, 0.14353980857681287, 0.037048124435773995, 0.10460017649733221, 0.022865654099817126, 0.11068742917516732, 0.087047040964050776, 0.03853707335300556, 0.118264411943274, 0.047496993643822732, 0.12885805692422442], "hpss_f": [0.095436606193949794, 0.067653768118009827, 0.14417678050836572, 0.034565390017109787, 0.10793095905416192, 0.021280521512359929, 0.10728591129383747, 0.090261350422873587, 0.037944054470211937, 0.12233921757524097, 0.045077577736289023, 0.12604786309758995]}