{"deep_f": [0.02946120393376039, 0.03144838704965755, 0.20286747901101798, 0.0039255875842530872, 0.13338448500179967, 0.0052663157781487448, 0.14460198547640635, 0.10639324836827241, 0.015579197257389597, 0.18667791063673164, 0.001941861432071035, 0.13845233847049154], "deep": [0.030294020625927051, 0.032630254989392184, 0.19793158020241489, 0.0041657873505711873, 0.13845947022569549, 0.0054254545243188285, 0.13925786033475038, 0.10828782452722718, 0.016139540447365822, 0.18391531766194691, 0.0020420716575073571, 0.14145081745288271], "standard": [0.085207780185606735, 0.097717463400428181, 0.12732791872364813, 0.035924247730805305, 0.094607839663251148, 0.04544565627459974, 0.099810584897078156, 0.052013251224357286, 0.061501760130455059, 0.13859783226621497, 0.053432646055120971, 0.10841301944843436], "standard_f": [0.081303881077741391, 0.10190951384663309, 0.13652461602963345, 0.032607651364770292, 0.091224286499996809, 0.042175403264367917, 0.10427474878978558, 0.051675225391850842, 0.058596108951200196, 0.14986526004054429, 0.051039838749935465, 0.098803465993540687], "hpss": [0.071006000337408476, 0.10655056715760147, 0.134828033504969, 0.027637101598349895, 0.10418427341074828, 0.034790185777928875, 0.11178600444198744, 0.041686144403021798, 0.054043643421175326, 0.14997612350816775, 0.042679541093740732, 0.12083238134490111], "hpss_f": [0.068166073230650451, 0.10955490743950602, 0.14424965530670389, 0.025058847023328397, 0.10188660677394623, 0.032086474216168809, 0.11414057705810773, 0.041237771191330215, 0.051225558427037222, 0.16033423807536371, 0.040768597446430063, 0.1112906938114271]}