{"deep_f": [0.015880904270929891, 0.028216658894986073, 0.24703906378518931, 0.0042495120404948735, 0.072694198312479835, 0.0041758592451253225, 0.19714351428671714, 0.085130467486349198, 0.0039190833961986939, 0.19811003757947543, 0.0013846165584187704, 0.14205608414363546], "deep": [0.016034981978323502, 0.028848143492143659, 0.24501799635174917, 0.0043808047083684683, 0.07485562190683788, 0.0042578128192379905, 0.19461772189338833, 0.08644638766249739, 0.0040790784613418214, 0.19743313829010231, 0.0014371871986925292, 0.14259112523731693], "standard": [0.063529520789226843, 0.10808294733369803, 0.11196428574171069, 0.032122779803521996, 0.10024123223686245, 0.046728463145473312, 0.13804148457062226, 0.061085443190750023, 0.04581263999483632, 0.13802049796410598, 0.049430396053440774, 0.10494030917575135], "standard_f": [0.06071683914479261, 0.11061859937411593, 0.11674558482967053, 0.03037382731567586, 0.098308744871872175, 0.044818979275921378, 0.1422362621955123, 0.059454223731549988, 0.043910562739540207, 0.14443101756414012, 0.047412387193461393, 0.10097297176374748], "hpss": [0.04511339793243966, 0.11976013537309831, 0.11245235187823868, 0.024048416469065022, 0.11012245913909778, 0.03597629634310992, 0.15967927853964356, 0.05557886614929794, 0.034701273092652758, 0.15020196057514829, 0.037621283651104585, 0.1147442808571035], "hpss_f": [0.04401171398406617, 0.12060975760764725, 0.11832497853507462, 0.023306526911164471, 0.10843287042371373, 0.034604479133927966, 0.1603704259675329, 0.053645828683280321, 0.033474140715937586, 0.15646296091294362, 0.03627869330740955, 0.11047762381730163]}