{"deep_f": [0.05246003934460744, 0.034099155765784546, 0.16967432566283303, 0.0050745944103515054, 0.16571923344372827, 0.0072514129384855571, 0.10582895152620971, 0.11781105243253556, 0.013526470343194147, 0.17511183678769696, 0.0021566373133433312, 0.15128629003122995], "deep": [0.052221537788439756, 0.034442873402699782, 0.16939751970755026, 0.0051562312146478705, 0.1659107364682306, 0.0073551683540635689, 0.1052626171311359, 0.11822973010105287, 0.013603651696374543, 0.17478996770249217, 0.0022017741072049746, 0.15142819232610774], "standard": [0.073194087136546182, 0.079581367580288401, 0.10891814676307379, 0.039231208666887313, 0.11289445402024136, 0.04859637990956487, 0.1022677132699634, 0.052868968115184233, 0.050247737278013682, 0.13363662857501488, 0.056935748994561046, 0.14162755969066085], "standard_f": [0.068332334923266139, 0.081531173112243463, 0.11388954543090851, 0.035910450164043581, 0.11323599496073074, 0.045488876235925388, 0.10240220782606958, 0.052864486517580134, 0.048351889135039246, 0.14216394711880395, 0.054215403734675045, 0.14161369084071415], "hpss": [0.055436727990521281, 0.081082724696318262, 0.10863127368036146, 0.03312221561137766, 0.12970041959907699, 0.039214964004707517, 0.11505406718690098, 0.043255230247639248, 0.040826597787454517, 0.14157303022285081, 0.046903703290830358, 0.16519904568196092], "hpss_f": [0.05281826736033509, 0.082917927209596232, 0.11409941494189996, 0.030422035695244105, 0.12911247417832816, 0.037191056724643269, 0.11475476521738104, 0.043591169740610967, 0.039437408062803818, 0.14906301325565463, 0.044572980008970892, 0.16201948760453191]}