{"deep_f": [0.13921881610839482, 0.010869801390158446, 0.21477497069352278, 0.0022367296844188695, 0.09970726964073709, 0.023426562855198122, 0.12801535770305678, 0.10326427667693545, 0.0025420360064244145, 0.2299256149451675, 0.0028116212337559224, 0.043206943062229962], "deep": [0.14085408331184093, 0.01121482866801435, 0.21202819482849561, 0.002456757762654744, 0.10230764962126529, 0.024058690861598345, 0.12305261225152617, 0.10633757597186437, 0.0028006506233192517, 0.22741174254762553, 0.0030771011933161019, 0.044400112358479307], "standard": [0.092222283737647834, 0.084617456159726781, 0.16314785495892875, 0.032972737896113949, 0.10512674936910586, 0.037793762194359225, 0.07218797758867479, 0.066427138764635504, 0.050741505554757087, 0.17670962326412457, 0.043990398216598316, 0.07406251229532719], "standard_f": [0.089638296893569072, 0.08549000099412607, 0.17363717838821827, 0.031125726303000895, 0.10407960655370369, 0.034779711748726204, 0.070953923546410752, 0.063991750305586431, 0.048295897716317933, 0.18833791805405442, 0.042021802501264298, 0.067648186995021689], "hpss": [0.082648025657628674, 0.089142348655401285, 0.18283728087273457, 0.022662237908548852, 0.11722153970510396, 0.023063964154631026, 0.071709688561542875, 0.063833399411190261, 0.041592782856913965, 0.20344144010961129, 0.029485721596134818, 0.07236157051055836], "hpss_f": [0.083313479794127135, 0.089987869376624258, 0.18989320297201615, 0.021659369785223898, 0.11536380002793012, 0.020612833046991356, 0.070824788409502723, 0.062063429572431494, 0.03995086439676275, 0.21048602455055498, 0.028603736829180899, 0.067240601238654191]}