{"deep_f": [0.0089848209372097969, 0.016596307462153417, 0.26831151400192677, 0.0014894262290861134, 0.051019464193022716, 0.0038779091854373431, 0.18541736212941679, 0.11871118093104102, 0.0020743357800529984, 0.18424382068924491, 0.00086911045655459717, 0.15840474800485355], "deep": [0.0090635576765046143, 0.017153033232936547, 0.26717349697620735, 0.001536484093237729, 0.052206288115600005, 0.0039265500497210762, 0.18417199942827181, 0.11922532536536844, 0.0021491947401786182, 0.18399634167640996, 0.00090175034185261739, 0.15849597830371126], "standard": [0.072729101675349087, 0.10466874277444223, 0.17995710508995666, 0.031704093564739348, 0.083855293210994428, 0.04679846185781654, 0.11286940488174486, 0.064930670553169922, 0.043625716768523705, 0.14064857355334026, 0.047273313238336619, 0.07093952283158636], "standard_f": [0.070920262334684653, 0.10713961395146041, 0.19645511679213998, 0.029314506401229262, 0.078909344336483875, 0.043869216673549608, 0.115346369518093, 0.062714302587778825, 0.041347928752672028, 0.14592429346877325, 0.044313121629161213, 0.063745923553973793], "hpss": [0.055917645382098403, 0.11623460926680908, 0.20485217291764996, 0.020083073236660382, 0.085990646840643684, 0.034162024410456009, 0.12908339079935263, 0.060523962204570535, 0.031611069377571563, 0.15269279869933114, 0.03662796876051843, 0.072220638104338333], "hpss_f": [0.055406027860720367, 0.11798427377560837, 0.21639896001860215, 0.019105402175181713, 0.082735209135050058, 0.032437080892678001, 0.13111321664626194, 0.057740926089120778, 0.030190235938080005, 0.15553426722552138, 0.034884580891432572, 0.066469819351742732]}