{"deep_f": [0.069267235317046968, 0.024445265899119113, 0.20871460608064668, 0.0023076975614816173, 0.11011841672237473, 0.051696619754033196, 0.040911340152567047, 0.18042654225598248, 0.002829468336934397, 0.15793794442685563, 0.0030232279269654222, 0.14832163556599276], "deep": [0.070539935142136648, 0.025243825897586867, 0.20631081197076173, 0.0025505810806479958, 0.11197005956619514, 0.052482089991837101, 0.041039224414807271, 0.17764978633346157, 0.0031275151630940261, 0.16152922760808894, 0.0032756569899874393, 0.14428128584139524], "standard": [0.065333396164321808, 0.066645935209124291, 0.13522507109758189, 0.032718325245337528, 0.099727601038022598, 0.04752941080233769, 0.070309286678164204, 0.10583820755500273, 0.056282939350689128, 0.16386181277067172, 0.04489837861623109, 0.1116296354725153], "standard_f": [0.061003554561685887, 0.06400369278703312, 0.14101595606838055, 0.029781224284514431, 0.10204861773894783, 0.045005587289933979, 0.066355573251495867, 0.11070833992712922, 0.055459039795633644, 0.17659535847592009, 0.041712063862168247, 0.10631099195715717], "hpss": [0.048879944552450413, 0.065426041807270144, 0.14469544307831764, 0.023518668472607428, 0.10961421825235423, 0.037383296086893475, 0.069465122660259657, 0.11484668981300987, 0.045286563696066942, 0.18141239295983896, 0.032651945228972176, 0.12681967339195904], "hpss_f": [0.046375135992332214, 0.063675496296458758, 0.1509310502537298, 0.021727323887190349, 0.11185138308221594, 0.03595890786990362, 0.066927457999252649, 0.11692527699750095, 0.045314069298443865, 0.1877572301570789, 0.030435844676954066, 0.12212082348893886]}