{"deep_f": [0.10621461959144665, 0.019458250450486398, 0.21467197484365183, 0.0013381793930250623, 0.1032739141336351, 0.015844905082318322, 0.11743685907125341, 0.13547578819271353, 0.0016659044022663051, 0.21189576507559851, 0.0017466186345207954, 0.070977221129084042], "deep": [0.10648594652822677, 0.019734035077780442, 0.21402999773282577, 0.0014654695412000096, 0.10384703351826965, 0.01643907323797119, 0.11538890700377491, 0.13634230650082471, 0.0018266894802816066, 0.21102952205186129, 0.001884712162074697, 0.071526307164908973], "standard": [0.091926259644574015, 0.084220234017768542, 0.15321098531801611, 0.028037581354931125, 0.096309063220245322, 0.034361924663103581, 0.069295029814184922, 0.082625904279997192, 0.056109818566371948, 0.17983816111788445, 0.043062436937461764, 0.081002601065461255], "standard_f": [0.091467408576426046, 0.084649159341894806, 0.16289871107791928, 0.026579402557822655, 0.091125471867579799, 0.031492833157899497, 0.070445347588443827, 0.08089710981749057, 0.052781602706805847, 0.19079943235658664, 0.040921607439082283, 0.075941913512048709], "hpss": [0.084247658832039024, 0.088219381485169057, 0.16801311799559804, 0.017777703521248189, 0.1039319910145676, 0.022180683719011215, 0.068685274421316667, 0.085203019169522332, 0.048526637892686027, 0.20219566199487493, 0.028990681218240506, 0.082028188735726509], "hpss_f": [0.085471840040561242, 0.088372520157910403, 0.17432569394638786, 0.017495339219003019, 0.098692288264874653, 0.019552394897599332, 0.069850603464337191, 0.084069081518153913, 0.045503595459816248, 0.21087020555957059, 0.027943141222000773, 0.077853296249784681]}