{"deep_f": [0.050342203580680804, 0.017943489327916187, 0.2227601502754486, 0.003152058647606557, 0.10241053049654557, 0.012405493767663813, 0.082941508781937109, 0.19600901700472864, 0.0046270024528359778, 0.13049691351853585, 0.0023815350979114061, 0.17453009704818934], "deep": [0.052467986445248554, 0.018586681761099934, 0.21932271228250602, 0.0032643027130202719, 0.10579575024858764, 0.012573260524496423, 0.082123554903618778, 0.19442701763882192, 0.0047892602568529105, 0.13280508953330203, 0.0024621167323318092, 0.17138226696011369], "standard": [0.068691869301899799, 0.081276798130818076, 0.13859310115483145, 0.031931150901367847, 0.091563168227223837, 0.050378412565596747, 0.10534784786483495, 0.10152220917710437, 0.058651478026601346, 0.11369220641094104, 0.051446225953914473, 0.106905532284866], "standard_f": [0.066203486300052683, 0.083213382541137734, 0.14470147793953311, 0.029517216653940862, 0.087672256403256904, 0.048185780352808384, 0.10717574593038579, 0.10725446125594588, 0.056539841221043594, 0.11514720133736721, 0.049720808359438998, 0.10466834170508887], "hpss": [0.053209477057385261, 0.086304148832269598, 0.15118066883752904, 0.021961847463158071, 0.097946575506883252, 0.040150755310570455, 0.11735425104308397, 0.10907038826087764, 0.049451801512406156, 0.11345023805493157, 0.039543429104074275, 0.12037641901683074], "hpss_f": [0.052346370040946687, 0.087582989660572333, 0.15600250894264558, 0.020555589541516966, 0.095085887141666839, 0.038271193703579259, 0.11825613865891514, 0.11212792861525872, 0.047724238554372071, 0.11612449073286157, 0.038200720435024156, 0.11772194397264053]}