{"deep_f": [0.010987053838603898, 0.053891689864525201, 0.22980331561212278, 0.0025728463223239476, 0.092803205669197503, 0.0046706887990918787, 0.15940569771402022, 0.10997923611559406, 0.0034910701797944959, 0.21142262070534362, 0.0018115987994870952, 0.11916097637989526], "deep": [0.011105109882332353, 0.055667521873268407, 0.22702582864331328, 0.0026310801134879665, 0.095691554964238715, 0.0047574459387695637, 0.15577613784555427, 0.11168150565338464, 0.0035947394427046399, 0.21072869376818956, 0.0018691620783834876, 0.11947121979637311], "standard": [0.070185536608942417, 0.106202986563966, 0.12854076554213856, 0.030989220800449753, 0.082192081967480235, 0.049727046782986041, 0.11195696971899533, 0.086706844835260172, 0.062892508163745531, 0.13564333554128893, 0.049051522504833085, 0.085911180969913972], "standard_f": [0.067222489120692022, 0.10730234194721548, 0.1366708707707327, 0.028544645873900709, 0.079877602143676771, 0.047832883214324377, 0.11314041740512809, 0.091259091272181944, 0.062342931460425043, 0.13832029178321703, 0.046417029873153291, 0.081069405135352421], "hpss": [0.056210476700567211, 0.12085121942505082, 0.13581262637358127, 0.021812675138833754, 0.085339204684218739, 0.037954335400473549, 0.12502553536702768, 0.087606130987816444, 0.05538241940312897, 0.14509763395814032, 0.037616792953654304, 0.09129094960750693], "hpss_f": [0.053977979680396249, 0.12047911566674663, 0.14190604797675008, 0.020322117986710395, 0.084402840031589779, 0.036770446556826972, 0.12533502608483299, 0.09124875811258315, 0.055052773967887214, 0.14771834459592154, 0.035240037689299196, 0.087546511650455933]}