{"deep_f": [0.10111050877926163, 0.010491779128634518, 0.20320826736845188, 0.003075117976237943, 0.11114063936166611, 0.01940579863644645, 0.047809108647156186, 0.2242636863590047, 0.0027548045486502091, 0.11386730749915515, 0.0028994731133923732, 0.15997350858194281], "deep": [0.10363289093117681, 0.010991920037003541, 0.20042979756694818, 0.0033121647212554371, 0.11310947868123117, 0.019961098064293796, 0.048308157423111613, 0.22132940908639021, 0.0030109356762705033, 0.11751370230900934, 0.0031271449823358495, 0.15527330052097355], "standard": [0.066339944471006579, 0.069127958604456211, 0.14468921036325386, 0.029117047033577471, 0.076005254365881694, 0.042310784696304692, 0.10258060369896167, 0.14786685163532057, 0.059401336091861344, 0.11684961256487035, 0.044839723231515666, 0.10087167324298991], "standard_f": [0.062345123065621018, 0.067441475291164135, 0.15198673940167998, 0.026378708893361826, 0.072089790588136027, 0.040188648264870674, 0.10088251998096802, 0.16190472991500882, 0.059293456067201156, 0.11858648214809714, 0.04137880166000469, 0.097523524723886645], "hpss": [0.052009381828499346, 0.069404634795508249, 0.16034686018757124, 0.018725372471698285, 0.077004855831225349, 0.028273419484708615, 0.11085638679745966, 0.1724336123343258, 0.050121574394240677, 0.11814301327404407, 0.030232811296128745, 0.11244807730459004], "hpss_f": [0.049718383614921771, 0.068091191112462701, 0.16537293018294444, 0.017151298108507809, 0.07529527634483249, 0.026839750673754721, 0.10848284065938954, 0.1806285751016726, 0.050298464349504704, 0.12038426406037737, 0.027700832687579512, 0.11003619310405231]}