{"deep_f": [0.089921699456871895, 0.011268191073184839, 0.19018705588129639, 0.0017228445779321052, 0.1391553697927437, 0.010446081762195232, 0.055812921779814145, 0.22238428170710159, 0.0036601619765140678, 0.10480495127783213, 0.0018417404514197103, 0.16879470026309421], "deep": [0.091567652575052075, 0.011605480015547974, 0.18836183253995983, 0.0017754184794949879, 0.14078258893989656, 0.01063835060782161, 0.056369991726742771, 0.22029134817836396, 0.003758899352572764, 0.10709102371619217, 0.0018898355767308589, 0.16586757829162441], "standard": [0.069309631821436637, 0.083184697224846796, 0.13764942690011955, 0.03353716816874977, 0.090291664390487705, 0.037506222221209279, 0.090143371552895341, 0.10632565312149053, 0.058985083272074808, 0.13236240070435576, 0.051471574694987414, 0.10923310592734638], "standard_f": [0.064861003665635394, 0.083432111752523588, 0.14718349384396223, 0.030309762560851126, 0.089625040406026257, 0.035218327957942989, 0.089787958367634632, 0.11140784780596109, 0.056350898078950822, 0.13880516516692351, 0.04816675891069671, 0.10485163148289152], "hpss": [0.052491197599814438, 0.08619904967758163, 0.14672959906072819, 0.024965755046839941, 0.09677612246057625, 0.025775655766261701, 0.09779653518693944, 0.1171439970002357, 0.053417852631639284, 0.13947860215592264, 0.03896313460117995, 0.12026249881228092], "hpss_f": [0.050616983570252565, 0.085405186872087549, 0.15396495877862321, 0.022492408760175015, 0.095418283437225096, 0.02395058554449905, 0.097007391729842227, 0.12126442392499448, 0.05181539460054544, 0.14586857899619599, 0.036468613795427249, 0.11572718999013197]}