{"deep_f": [0.067813905837883603, 0.028955730330958614, 0.16700985051571005, 0.002610116665350696, 0.1707238355762539, 0.0075111281471686451, 0.085886482908981029, 0.15449258404006549, 0.012098704115915151, 0.15923731180578535, 0.0018077372433306378, 0.1418526128125969], "deep": [0.06801775748650063, 0.029411134360349599, 0.16644579846401236, 0.0026756213146012365, 0.17154480784020729, 0.007635301540286285, 0.085129408106067964, 0.15415044776148804, 0.012153675538284229, 0.159463045792336, 0.00184151221365113, 0.14153148958221526], "standard": [0.074221100517304933, 0.080054672210622319, 0.12347076642919423, 0.037297020951028527, 0.10439159309684577, 0.044296951584502427, 0.094141371788536432, 0.076942277903339629, 0.065580951654398589, 0.13007705859625407, 0.050056586987595131, 0.11946964828037794], "standard_f": [0.07111484269064805, 0.082440083755012106, 0.13483607200114919, 0.033611237918224464, 0.10146082639745953, 0.041538627739919821, 0.095100243028757067, 0.077672128351716982, 0.062656069429223901, 0.13793103513983665, 0.046809057901228669, 0.1148297756468236], "hpss": [0.058622310719645403, 0.082417500634953164, 0.1280608508207125, 0.029371986466266629, 0.11676739855979168, 0.034375454590782561, 0.10484831100870315, 0.076656195652946818, 0.06136199850785818, 0.13554178793150942, 0.03719219285290605, 0.13478401225392442], "hpss_f": [0.05766043330392312, 0.084804363233706395, 0.13787384455243074, 0.026297973210592591, 0.11211953457156493, 0.031792029976681055, 0.1052152167717101, 0.078434775376473045, 0.058418418865546495, 0.14397710460290072, 0.035204343573852784, 0.12820196196061787]}