{"deep_f": [0.059787059581507151, 0.010537720586202738, 0.22006286712701761, 0.001635380360785769, 0.11245525280821486, 0.010113246367402622, 0.060795218306825452, 0.23014672920006579, 0.0038469219644259979, 0.086303139650988972, 0.0014082209913630348, 0.20290824305519975], "deep": [0.061728516330859559, 0.011172351116907822, 0.21679884749572398, 0.0018501269207721347, 0.11536506243540656, 0.010401524937870318, 0.060917696900739969, 0.22795532748713757, 0.0041947351911846087, 0.088393835615265051, 0.0015975915611164697, 0.19962438400701599], "standard": [0.080515053108002041, 0.078957983517508878, 0.14550163257302184, 0.035110557075650563, 0.07264503028755856, 0.038775654004997932, 0.095132661970922114, 0.10282406016786787, 0.055238592935013778, 0.13397235244704064, 0.053006323071879968, 0.10832009884053587], "standard_f": [0.078122179047210291, 0.078206084456056021, 0.15361259157866156, 0.033304936889213106, 0.070532638699917868, 0.037414481312166854, 0.094289222969766898, 0.10518565630248707, 0.053386157243403502, 0.13853257814491063, 0.050279078401143207, 0.10713439495506309], "hpss": [0.065096074030418727, 0.081138794671953396, 0.16015554703278778, 0.026518884093608024, 0.072337969373909863, 0.026305765216837917, 0.10641237107377459, 0.11303940243375539, 0.047437008002405398, 0.14110875074521936, 0.040308373675309581, 0.12014105965002016], "hpss_f": [0.064953803019402415, 0.080848080072008374, 0.16681180657401903, 0.025561604460163648, 0.069950788929047839, 0.024422434400784676, 0.10562816305554248, 0.11301030521294704, 0.045910752603437174, 0.14663948674288746, 0.038312812177179897, 0.11794996275257999]}