{"deep_f": [0.11601810225624536, 0.013424892125071494, 0.19678784188928278, 0.0015797898175772315, 0.12164444150576086, 0.025593172338467696, 0.077397750707878701, 0.16116998590962059, 0.0019578206501964287, 0.19127663138384285, 0.0021922803310917491, 0.090957291084964309], "deep": [0.11641441057080446, 0.0135163676343399, 0.1964951923173377, 0.0016378098913700887, 0.12163461583267668, 0.02655418050970099, 0.07635664907556429, 0.16124294581554444, 0.0020049769708115526, 0.19122503213938372, 0.002250984966598926, 0.090666834275867303], "standard": [0.09859138871650204, 0.083601330980583227, 0.14499868938830215, 0.031361867337555277, 0.085558283081236419, 0.034556578468434775, 0.079765298464261988, 0.085445697675102877, 0.055214789609290674, 0.15585264149974695, 0.046419571727212512, 0.098633863051771131], "standard_f": [0.10136550173692338, 0.08274592473864513, 0.15421800462314034, 0.029822184463316435, 0.082469357216097508, 0.031889640484005048, 0.07913954585424629, 0.084496774158380306, 0.051967473971025913, 0.16406694181464601, 0.044542936955246241, 0.093275713984327407], "hpss": [0.093871634040745847, 0.087502034674326282, 0.157023497908578, 0.021430197365453475, 0.09058510701359955, 0.022690967800956058, 0.082517081907879888, 0.089229425233211881, 0.047353119307120356, 0.17218363039024223, 0.031705323772563514, 0.10390798058532295], "hpss_f": [0.096323223770968108, 0.086753631459239033, 0.16297300644951709, 0.020803397049765537, 0.088298780990039183, 0.020522768395842668, 0.082001123194031508, 0.088188999748230079, 0.045061733064552689, 0.17780691237085838, 0.030724107101905686, 0.1005423164050499]}