{"deep_f": [0.066074168864226901, 0.0063636227779243562, 0.24611645240618449, 0.0019458024605282099, 0.075765324867905118, 0.016486063506032246, 0.071683495177825782, 0.21502419936955214, 0.0022606347340828259, 0.10152120695810936, 0.0016984470501107466, 0.19506058182751787], "deep": [0.069116814548286248, 0.0066477028440465958, 0.24325184186191812, 0.0020307391701236029, 0.078339167583794167, 0.016915006988930201, 0.071919764884748147, 0.21217959373140094, 0.0023795462017610039, 0.10470460113265312, 0.0017714557821726204, 0.19074376527016526], "standard": [0.082683105441491836, 0.074642688374400051, 0.13148237316970485, 0.039726686793422249, 0.076101952480088011, 0.033034272537619772, 0.09049342568698554, 0.089273265443692573, 0.051890954943994816, 0.15117548127926575, 0.051182481257425652, 0.12831331259190873], "standard_f": [0.079422903138456943, 0.073868880518373314, 0.13761768622740791, 0.038451119639731676, 0.075933315022432335, 0.031351193870892427, 0.089952031727700582, 0.088807364184879223, 0.050446439803314098, 0.15975782990891813, 0.048870406308712422, 0.12552082964918113], "hpss": [0.07010112951247946, 0.074928784005235657, 0.14095473929254587, 0.031129107266148516, 0.077211131832845531, 0.020038351011064777, 0.097928340991098664, 0.095584178602519068, 0.042658408405520216, 0.16530420393119954, 0.037786248633409208, 0.14637537651593335], "hpss_f": [0.069214130963808129, 0.075150113199220839, 0.14555859538923036, 0.030248884900686543, 0.077478135643700874, 0.018533031521639778, 0.098021114285577526, 0.092958120375082859, 0.041909274818917021, 0.17117778921644172, 0.036735248605430905, 0.14301556108026334]}