{"deep_f": [0.060241082572758418, 0.025021360519505237, 0.172626185638797, 0.0034632021499923387, 0.16634474413302394, 0.0065927904018222598, 0.098687178777599027, 0.13911889541776459, 0.017690860843573908, 0.15078933150697074, 0.0017275566363235452, 0.15769681140186889], "deep": [0.061558596365799655, 0.025703761807316077, 0.17207458593918695, 0.0037291050592891239, 0.1657381915236924, 0.0069610934222828613, 0.099105085157060485, 0.13819852340529801, 0.017352360905896921, 0.15229172268764127, 0.0019332644150160817, 0.15535370931152018], "standard": [0.076809530907345214, 0.081722400213395288, 0.12611863633314219, 0.040373433463532303, 0.09734280656545144, 0.039651231898685482, 0.10374429127198664, 0.06917371301228635, 0.059129701374862571, 0.13708450087610993, 0.059213333331724308, 0.1096364207514782], "standard_f": [0.073523414218322397, 0.080542566595610168, 0.13877250503186067, 0.037994546815578956, 0.094204149945141355, 0.036866595567809891, 0.1032307135488385, 0.070620111456767568, 0.055279516764442739, 0.14721109842707714, 0.055512762646310089, 0.1062420189822405], "hpss": [0.061724966276929701, 0.085032255427736653, 0.13062713698241618, 0.032157483453479636, 0.10795597051162772, 0.028937896671070433, 0.11727741872731727, 0.065177234947952745, 0.052171001305096866, 0.14706230824925892, 0.049270267266334787, 0.12260606018077909], "hpss_f": [0.060948437088105413, 0.08447101082663884, 0.13970432230787377, 0.031152073357626129, 0.10416482161747996, 0.02640108577535694, 0.11689233472627571, 0.065485774676648206, 0.048979567948654337, 0.15508021570581626, 0.046757166686078516, 0.11996318928344586]}