{"deep_f": [0.057241218604136161, 0.042380547619127455, 0.16742120833674012, 0.0022725465694664018, 0.17390133987014508, 0.022543108217998788, 0.028599392564808188, 0.18670000332201758, 0.0042643756334093163, 0.16230291670034117, 0.0021717190120361571, 0.15020162354977362], "deep": [0.057315864304114485, 0.042200877171729143, 0.167438599600298, 0.0023530191445965253, 0.17335814051722692, 0.023339188014170356, 0.029024102056495457, 0.18563382408157569, 0.0043584452954518122, 0.16382018349524693, 0.0022562554061377757, 0.1489015009129569], "standard": [0.064936690614646117, 0.071198294727984182, 0.11230396035653023, 0.038507753524779108, 0.1082119347617177, 0.040005538477152047, 0.06630683434239501, 0.083382947958260401, 0.057561405009729526, 0.18103837441175966, 0.048687743206402609, 0.12785852260864344], "standard_f": [0.060812484493886716, 0.072656344154310784, 0.1135789259889257, 0.035688685992875321, 0.11021911334637605, 0.037658637663404555, 0.063421372691252767, 0.083214926004879314, 0.054769293958116839, 0.19782854297427324, 0.047038913840172163, 0.12311275889152638], "hpss": [0.048490834747285917, 0.070675612612278532, 0.11321501213539502, 0.0315133751837849, 0.12087500425710762, 0.029743064880558986, 0.064144160113391163, 0.086060799803430593, 0.050691340798707664, 0.20488720108000222, 0.034978376940348145, 0.14472521744770928], "hpss_f": [0.047628262059862682, 0.071670427532722944, 0.11521019442165488, 0.03022932687452095, 0.12080588025691434, 0.027871375491464099, 0.063231442794464784, 0.084032008262786048, 0.048938086508038152, 0.21492003069516943, 0.034730999520333365, 0.14073196558206824]}