{"deep_f": [0.01721293996463677, 0.028912500866837193, 0.23527683478754938, 0.0031058015932156494, 0.092327188441533911, 0.0057358694789170633, 0.14375919807942134, 0.12967150150675233, 0.0039407689618543009, 0.18559730430573329, 0.0014718379710295397, 0.15298825404251917], "deep": [0.017789483582837409, 0.029557633387494332, 0.23296529917201403, 0.0032075739482457706, 0.094820080969647183, 0.0058365959576162398, 0.14145284675993916, 0.1302605764906436, 0.0040771789718926409, 0.18558893828077069, 0.0015130684140112608, 0.15293072406488772], "standard": [0.056290553746350246, 0.10200099279641982, 0.11515729642877309, 0.027653173724516301, 0.087641481462012755, 0.033906747936348215, 0.099698130344617053, 0.091093215976456407, 0.051480699931733306, 0.18985342018877219, 0.054103299892629575, 0.091120987571370909], "standard_f": [0.052900646832646177, 0.10281131993193225, 0.11711688158417598, 0.026293528153443182, 0.085170678038914566, 0.031401830398340332, 0.10092636888420706, 0.091617179986171388, 0.048695773312294091, 0.19953507856444122, 0.052131811175113514, 0.091398903138320137], "hpss": [0.037960795757563663, 0.11230901808181729, 0.11854713105494963, 0.017889043736046432, 0.094637336474338973, 0.022094964948355007, 0.10880469508400227, 0.095357315916493712, 0.041533860624301248, 0.21649851565007175, 0.041560009136615117, 0.092807313535445093], "hpss_f": [0.037068524356078991, 0.11215624892491004, 0.12167441592898647, 0.017316821325505258, 0.092449164579123236, 0.020520067272817313, 0.10890449674577291, 0.094769644209501153, 0.040308671272688362, 0.22168484612389547, 0.040219235785237367, 0.09292786347548343]}