{"deep_f": [0.060820658505617076, 0.006058084129819884, 0.23607286433300473, 0.0012778528065165054, 0.10041042179560757, 0.012359954872335809, 0.038119785366460511, 0.25495752046850279, 0.0021019360534512165, 0.070463742087118877, 0.0015443156678287817, 0.2158128639137363], "deep": [0.062047524464076242, 0.0064944067596618476, 0.23435102022786053, 0.001481350068631093, 0.10167643596199612, 0.01280493810794105, 0.039031175031525103, 0.25245832160903864, 0.0023614610961761829, 0.073039155784023715, 0.0017592825622529495, 0.21249492832681655], "standard": [0.065963078210224138, 0.064809067147374069, 0.15381857870759486, 0.035117405235200759, 0.076286965177698965, 0.03567045173895371, 0.083229362638253507, 0.12794854578499998, 0.059680873883007066, 0.1460367521636359, 0.044347070742333655, 0.10709184857072344], "standard_f": [0.061420766022908281, 0.062663004410846282, 0.16467162399575486, 0.031168673145765394, 0.074915499219890172, 0.033839048013944641, 0.081598574004139501, 0.13498462693151167, 0.058425836451785201, 0.15318940296902153, 0.040681787298443468, 0.10244115753598911], "hpss": [0.051960306799824239, 0.063156021542019186, 0.16886016607108351, 0.027106959057684822, 0.077647024783425542, 0.024322551445008191, 0.086955103614667045, 0.14407999050138995, 0.052474310893050949, 0.1567762901117811, 0.028979367182867866, 0.11768190799719755], "hpss_f": [0.050433877655442223, 0.062125581115456796, 0.1757366721695186, 0.0251972876014687, 0.077068432471502954, 0.022556768017476272, 0.086390981315620785, 0.14562159753523429, 0.051526294793675834, 0.1629431076239036, 0.027088123803971451, 0.11331127589672839]}