{"deep_f": [0.14296159456581697, 0.010232166047257086, 0.17160881366813455, 0.0021383185074648763, 0.14633835374342061, 0.02055498029895533, 0.032390822527264419, 0.21584826039057589, 0.002213858507029889, 0.13249910024145814, 0.0027202914579301171, 0.12049344004469242], "deep": [0.14235899776828484, 0.010464543732735334, 0.17226254503919305, 0.0022037456612671708, 0.14581393490872036, 0.020955643064904533, 0.033367089613699004, 0.21378229516612673, 0.002291092775661818, 0.13485469508510842, 0.0027806648150547233, 0.11886475236924404], "standard": [0.078984898977373971, 0.066532764591668778, 0.13242150672489744, 0.031583760594593009, 0.092904956969892233, 0.03694172569003152, 0.068383293753176588, 0.11961008670331713, 0.059084380327578602, 0.15507186058791039, 0.047058328390546342, 0.11142243668901398], "standard_f": [0.076654811881197812, 0.065227688341521081, 0.13568155455240305, 0.028976555498148343, 0.092285184137874413, 0.034670359075461885, 0.066188401429388588, 0.12497752712107454, 0.057533622317434481, 0.165219134468303, 0.044205464324976525, 0.10837969685221617], "hpss": [0.066876890302009592, 0.064988930030597664, 0.14211042243642108, 0.020978108047538437, 0.10094357931844718, 0.025099016079545591, 0.066481399706651012, 0.13639350264992992, 0.050832366352026842, 0.17279480517900678, 0.030979569462974785, 0.12152141043485136], "hpss_f": [0.066186134769110921, 0.064022508678973036, 0.14459926704400311, 0.019403184748378311, 0.10119199151742898, 0.023380082168032907, 0.06491241477826902, 0.13827743848334054, 0.05027375110041421, 0.17921808636438347, 0.029275579728825406, 0.11925956061884015]}