{"deep_f": [0.0099749572018562223, 0.019657674128263844, 0.26387416124313562, 0.0022877365202914335, 0.05111428794215693, 0.0034350097378790254, 0.20383485899104478, 0.093290733148046409, 0.0033843487256800717, 0.19909612975715876, 0.0010915922227063947, 0.14895851038178037], "deep": [0.010019856983687313, 0.020405949176772773, 0.26221688039299135, 0.0023455931554066966, 0.053084380968215876, 0.0034802076132241949, 0.20189546293039939, 0.093923418132797309, 0.0035268820385584835, 0.19858501003681631, 0.001124866170422399, 0.1493914924007079], "standard": [0.067576093686274444, 0.10436214730568975, 0.12655970152757309, 0.032099248995098049, 0.095433253888480493, 0.038307302517984358, 0.10702232146142682, 0.058788445239120156, 0.053655129312912025, 0.16982337606446207, 0.057132127452165872, 0.089240852548812699], "standard_f": [0.065111161038842819, 0.10317650815396483, 0.1370751226603365, 0.029898295032319871, 0.094413711523163857, 0.035535068014938997, 0.10611352168829415, 0.056703989938957235, 0.050492472612494732, 0.18342572186499687, 0.053726287103022574, 0.084328140368667662], "hpss": [0.048156789864668412, 0.11643232023980686, 0.13340031006379269, 0.021217173177706276, 0.1049905403704452, 0.02524378284369188, 0.12193567786830485, 0.052699029273593143, 0.043784412994539307, 0.19305684549109881, 0.046191879138337229, 0.092891238674015109], "hpss_f": [0.047056597046220228, 0.11508704384301238, 0.14274274578796026, 0.019573702492125204, 0.1036348167125512, 0.022977425551792847, 0.12085372461457278, 0.051245061874172632, 0.041600192101761614, 0.20349530152380649, 0.043259794149829889, 0.088473594302194536]}