{"deep_f": [0.092435647286170389, 0.009955835165891283, 0.20539695736122809, 0.0023787604475053762, 0.12311258820163741, 0.018966406354640579, 0.031396063496742628, 0.23848076044811609, 0.0030652332769957875, 0.093867048157937213, 0.0027557254488124621, 0.17818897435432282], "deep": [0.093427440652162269, 0.010533601627081425, 0.20306005396178978, 0.0026376999355181238, 0.12517473405960228, 0.019289073644987456, 0.032399074453384399, 0.23572342947832772, 0.0034098753102844463, 0.096504012348073445, 0.003001667852788424, 0.17483933667600027], "standard": [0.065077048810542354, 0.060301435965177383, 0.14542043921149503, 0.033377158697525056, 0.093067498780956409, 0.035494972795024102, 0.072875250214091775, 0.12185538197098791, 0.068478315882892077, 0.14049243539877485, 0.043911923032975766, 0.11964813923955722], "standard_f": [0.061070597474350091, 0.057993752619279103, 0.15183213950412844, 0.030495190353044922, 0.090447604963823328, 0.033202687912552577, 0.070940159715469409, 0.1307937491530908, 0.068664845358019116, 0.14743222102230594, 0.041368037938971362, 0.11575901398496485], "hpss": [0.048200451303012565, 0.055725876107822023, 0.16011457383202718, 0.022344724198201226, 0.10184587144292952, 0.023318376927852557, 0.074557436586543499, 0.13847425897148233, 0.062292218815324103, 0.15146287091447336, 0.02645631001882601, 0.13520703088150579], "hpss_f": [0.04636750526097496, 0.054601113352967551, 0.16447822993413902, 0.020683586674959193, 0.10017232911883536, 0.021368706216037463, 0.073213441245129643, 0.14192657314784998, 0.062409172380736948, 0.1579129918253136, 0.025149933352684922, 0.13171641749037122]}