{"deep_f": [0.021871748046484514, 0.020769203293947713, 0.25432118653507585, 0.0019632532462388903, 0.068895423640867079, 0.0062324302178472808, 0.15750774100015932, 0.13487575752199726, 0.003032072515685544, 0.17283661586765661, 0.0013510817663924183, 0.15634348634764772], "deep": [0.022796315355117169, 0.021225945426317689, 0.25235178332011488, 0.0020100106676190707, 0.071202712190350403, 0.0063674653277159769, 0.15501420672875027, 0.13619676269726319, 0.0031334155297956657, 0.17230042057982844, 0.0013924333284311052, 0.15600852884869612], "standard": [0.06437377898033976, 0.095049061257756626, 0.14294029166934036, 0.027579995796138481, 0.079923369663220167, 0.036361428452343664, 0.11172739687025679, 0.090691297115011407, 0.059328407887291566, 0.15428860330805527, 0.051504670496767484, 0.08623169850347838], "standard_f": [0.060997384250429831, 0.094214056731116741, 0.15415251695944868, 0.025419027085967372, 0.074514441801481257, 0.033860804275991849, 0.11259663771903293, 0.098545953803889988, 0.057251822563263922, 0.15890355433218645, 0.047814867510160286, 0.081728932967030654], "hpss": [0.048162287357144611, 0.10308242326305286, 0.15500442617421234, 0.017095440390258065, 0.084275934509523823, 0.025145926879085137, 0.12598445071892347, 0.093581152238860293, 0.05117809299789506, 0.16982593897993439, 0.039171769700723919, 0.087492156790386091], "hpss_f": [0.046993578054659972, 0.10203164630709324, 0.16262752042837358, 0.016370670237612392, 0.079645600653445225, 0.023703164338295842, 0.12706649229166425, 0.098038494139503482, 0.049735132042648948, 0.17149724070663172, 0.037288437644905102, 0.085002023155166306]}