{"deep_f": [0.098424001534447414, 0.0050561406863560551, 0.21646180158691761, 0.00126312620322748, 0.11151784490003548, 0.015730783981168305, 0.028302135177015735, 0.25915767654360489, 0.0016161197386821392, 0.066810402283324757, 0.0017088573828362142, 0.19395110998238393], "deep": [0.099372011119056011, 0.0052496159580307858, 0.2155209651184247, 0.0012948628243044729, 0.11241927598301837, 0.015984829651578849, 0.028984014665093372, 0.25722281977364231, 0.0016619533617033171, 0.069112270598640821, 0.0017394305027484422, 0.19143795044375855], "standard": [0.086726142621982444, 0.061210160727580475, 0.16614859255160699, 0.034866922972776798, 0.070261434613817494, 0.032309232930796801, 0.083231360960425493, 0.11856563569349082, 0.057981498081241742, 0.12972700367365123, 0.046614699974203193, 0.11235731519842651], "standard_f": [0.084303330504839125, 0.058725230150933901, 0.17912537350202562, 0.032222146500530909, 0.069166395826321142, 0.031330143670017886, 0.081215548717639252, 0.12231320456358585, 0.057570301117720817, 0.13203637331555571, 0.042874600455856643, 0.10911735167497311], "hpss": [0.075564859510653157, 0.057034029580946076, 0.18609549125919603, 0.025866251207152836, 0.070371685691404631, 0.020917480431492441, 0.087089891950526729, 0.13409706094652404, 0.050277424862126718, 0.13592181973420411, 0.032062470061816277, 0.12470153476395694], "hpss_f": [0.075482864343899225, 0.05567022570699201, 0.195913740384108, 0.024203386585918595, 0.069532353384148538, 0.01987519166195631, 0.085521526544430723, 0.13484622989030126, 0.050175043154774793, 0.13847659623832198, 0.029429316958352381, 0.12087352514679617]}