{"deep_f": [0.017177295000176788, 0.02292372053427388, 0.26723062692049188, 0.0015115770885950027, 0.055730912249052217, 0.0050798761965764067, 0.18714090424379959, 0.10995874608862446, 0.0023319431315284478, 0.21328644528851343, 0.0012431633785173854, 0.1163847898798506], "deep": [0.017610095821221559, 0.023591946631018677, 0.26556155140557169, 0.0017214903338979215, 0.0573835268994164, 0.0053857546693002658, 0.18498506315737201, 0.1107410970884469, 0.0026259505691463968, 0.21239763247589857, 0.0014638776892664696, 0.11653201325944315], "standard": [0.060881468564526336, 0.10599166955343561, 0.14109904618033312, 0.026601010721666807, 0.086804686901507416, 0.036675264746049797, 0.10066366799482235, 0.075891999608465197, 0.055221704021843544, 0.17662839259405108, 0.052390680127169242, 0.081150408986129532], "standard_f": [0.05825455046231473, 0.10531983511129943, 0.15079749547767735, 0.024674743132162062, 0.084087773378535915, 0.034423580860876206, 0.10119332911391757, 0.077039281053259481, 0.052741708545472311, 0.18528968731087969, 0.049201226998638901, 0.076976788554966563], "hpss": [0.042137274660398974, 0.11699661266549952, 0.15301555634351963, 0.014726268862362292, 0.092969369975584956, 0.024989841410235122, 0.11146769252355994, 0.076209752030358791, 0.046884423810653025, 0.20114850172246598, 0.03936524448995992, 0.080089461505401846], "hpss_f": [0.041530518621998087, 0.11486599706401045, 0.16090648280086137, 0.014017091628589702, 0.090408369137792349, 0.02350135342493739, 0.11129726482246534, 0.076431107268190218, 0.046013460170776128, 0.20547128079826452, 0.036970664695378457, 0.078586409566735835]}