{"deep_f": [0.0052264753036362381, 0.25380647960947927, 0.03139181356740374, 0.0058379951458927427, 0.26000461982014245, 0.0039532886437315526, 0.065621066482974263, 0.018088170303510145, 0.029411371932712097, 0.2726151656854614, 0.0041169175014997934, 0.049926636003556374], "deep": [0.0053138567126665426, 0.25171378106415665, 0.032129250796387093, 0.0060772625556117024, 0.25844653254642902, 0.0040373669325796478, 0.067094659299971091, 0.01822701775448993, 0.029809342818960059, 0.27116278133998378, 0.0041878197533432374, 0.051800328425421212], "standard": [0.087099798836374753, 0.10693878840228739, 0.050210578126161094, 0.038863621385925272, 0.14344744299618964, 0.045335935658733659, 0.071011023715752866, 0.033045929820068279, 0.091059446491541615, 0.12282572739173443, 0.050051974273965093, 0.16010973290126593], "standard_f": [0.082980799492144139, 0.1054398073697095, 0.048486352909242775, 0.036978920420322851, 0.15408409258514094, 0.044039255281207751, 0.063962435275604648, 0.030782838756503911, 0.090796765528040113, 0.13024939691593132, 0.045354644888438198, 0.16684469057771384], "hpss": [0.082006888234380237, 0.11793664507678239, 0.036555080904320525, 0.033634278260323378, 0.16028622050249786, 0.039574885165701609, 0.073458312646078189, 0.021555535323588011, 0.09390339935219863, 0.12763163146875034, 0.03798299516974591, 0.17547412789563291], "hpss_f": [0.079872031793650364, 0.11547686727642184, 0.03645287149679647, 0.032484027940828553, 0.16605501232472583, 0.038922794289619644, 0.069159919478032031, 0.020645050766822801, 0.093705224392759023, 0.13139626328623807, 0.035762925341525399, 0.18006701161258012]}