{"deep_f": [0.014086891713703135, 0.040988674965975504, 0.24072744972787982, 0.0041228563975170924, 0.083739167811576795, 0.0063618347681834589, 0.19373851399117623, 0.065404365034315223, 0.0078640471540214751, 0.23534195832492191, 0.0027021871714595245, 0.10492205293926983], "deep": [0.014448143703752218, 0.043182561702484051, 0.23547137552513675, 0.004344946825706005, 0.088855277417744127, 0.0065489480987831108, 0.18668127708802007, 0.069134458881754596, 0.008296500380986482, 0.23251465014561631, 0.0028362993493043702, 0.10768556088071193], "standard": [0.052399880902488066, 0.094185381012195507, 0.11927290208633171, 0.030012118016549152, 0.11389298798599881, 0.037213062676901554, 0.1219495795648633, 0.067581320759440136, 0.049209694586210814, 0.15432903330788486, 0.053894744093292514, 0.10605929500784357], "standard_f": [0.050254191806898087, 0.093631846575805727, 0.12431837768079369, 0.028122631300936621, 0.11346209632311033, 0.035048437900755139, 0.1229733366438342, 0.068243507035910603, 0.046621375329159921, 0.16257200293362425, 0.050789201012247924, 0.10396299545692361], "hpss": [0.03875572363412319, 0.10160926309551671, 0.12328854651062968, 0.020049948628517493, 0.12624916996587637, 0.027783234834084177, 0.13548675464021664, 0.065703812848282209, 0.04035396904322637, 0.16668585374132336, 0.043032135710438617, 0.11100158734776518], "hpss_f": [0.038320927596704399, 0.10064709976219936, 0.1266194896511805, 0.019511061970964583, 0.1244269352016131, 0.026796044156317009, 0.13569624812085934, 0.065759751015209617, 0.038921165028959988, 0.17167176657738534, 0.041672655604634852, 0.10995685531397197]}