{"deep_f": [0.018661445974058617, 0.020642166600389311, 0.23981892392552573, 0.0039172279095408139, 0.093932890799377888, 0.010521610080946056, 0.087224709970522701, 0.18588294362677649, 0.0073907098986975414, 0.12869204968841666, 0.0028096585743422582, 0.20050566295140609], "deep": [0.019264398541111404, 0.021438595092535068, 0.23732761622732637, 0.0043321715390271217, 0.096061594312998586, 0.010902539611321108, 0.087602395274383918, 0.18332573348552647, 0.0080718315426794342, 0.12984422610232488, 0.0031986404327778027, 0.19863025783798782], "standard": [0.055095360815674156, 0.065195056819916997, 0.13223319496780431, 0.043065089057978845, 0.11959088175756009, 0.035241049176558188, 0.088026823545164168, 0.078478618454435115, 0.048916458030671302, 0.13697613028654373, 0.047879601409185006, 0.14930173567850807], "standard_f": [0.051518260275575184, 0.063380015766497474, 0.13689760034152748, 0.041091789385294196, 0.12643853358677459, 0.034635046500029396, 0.085820169326059736, 0.077192306749805636, 0.048881362369821622, 0.13597190621439553, 0.044956523692731461, 0.15321648579148783], "hpss": [0.039816688640281449, 0.064101931702786483, 0.13928249718744343, 0.036550701739698058, 0.13192835367667052, 0.026612987713883939, 0.092937011301346351, 0.080203995767053116, 0.040129623074498556, 0.14516001882615809, 0.036599023057293463, 0.16667716731288637], "hpss_f": [0.03825827848456019, 0.063410080684961456, 0.14065660383898965, 0.034882545463835506, 0.13723776688881065, 0.02645828007205071, 0.091748625538499204, 0.077682920998303026, 0.041038819347029049, 0.14593021230857497, 0.03556260674320149, 0.16713325963118414]}