{"deep_f": [0.015306562112640613, 0.021209082310844677, 0.25189040539856228, 0.0023416495999265966, 0.075054164007388527, 0.0054391746062103404, 0.16951595189869501, 0.12545652079343167, 0.005339520620323614, 0.18230181065390302, 0.0013001244544369058, 0.1448450335436369], "deep": [0.015516237816581417, 0.021939897690956865, 0.25066115482587542, 0.0023576142474236016, 0.076400720514461354, 0.0055128539779442298, 0.16736043232589631, 0.1263342099957756, 0.0053701872198754063, 0.18245807279601955, 0.0013342280662213832, 0.14475439052296885], "standard": [0.071987926543010811, 0.094071096627904222, 0.12451053784684946, 0.030174955861380481, 0.083033498267249775, 0.038614261111291362, 0.11040907570048056, 0.080332129715688913, 0.06307931037322051, 0.15861563183842237, 0.050205786417708252, 0.094965789696793229], "standard_f": [0.068630439043086425, 0.09384171435094478, 0.1318802145676195, 0.027691633139447523, 0.080688751550350352, 0.035816190196726126, 0.11098095881446589, 0.084723803570524225, 0.059715125999039352, 0.1677181649706703, 0.04696364300622833, 0.091349360790897283], "hpss": [0.055617755536574408, 0.10354806540561015, 0.13161481180876122, 0.019357850959048566, 0.088285246207145188, 0.026293895082396268, 0.12569762282073013, 0.080434816604730522, 0.055433371043769504, 0.17748323868074217, 0.036302474520129191, 0.099930851330362586], "hpss_f": [0.054250872098898617, 0.10378946464812647, 0.1376393536051333, 0.018079151463803723, 0.085976300204865172, 0.024141537042365123, 0.1246611671538342, 0.082692944882992059, 0.053066339399773253, 0.18514646403679755, 0.034392286044215986, 0.096164119419194602]}