{"deep_f": [0.072507354810745828, 0.0095145355334393077, 0.22212457476157424, 0.001893952791022049, 0.10856069720270758, 0.017358651757008157, 0.039958099445897254, 0.23433810452239939, 0.0027697351435649886, 0.093869813767278779, 0.0017954581261603944, 0.19530902213820195], "deep": [0.074310284156392209, 0.0099608022304868774, 0.21980762695719414, 0.0019453013579404299, 0.11087558362999636, 0.017537437205190392, 0.040892193160109003, 0.2312184651254626, 0.0028580188773252792, 0.097745088047313355, 0.0018433267782549719, 0.1910058724743344], "standard": [0.081606931876054514, 0.061733451490693245, 0.13577459142024059, 0.039654772761540988, 0.081239622748346008, 0.036492171485418438, 0.0864244143760943, 0.096513275282389621, 0.062513360788129441, 0.14236018700733102, 0.048150253188841398, 0.12753696757492056], "standard_f": [0.07771921704318023, 0.060578785311508662, 0.14330451746956974, 0.037120986128254055, 0.080954245366570754, 0.034910011761120276, 0.084621417936542917, 0.098673743233835057, 0.061629669450308656, 0.14951157935744894, 0.045300459586022114, 0.1256753673556385], "hpss": [0.06713891658924083, 0.057206049361612651, 0.14828473630911121, 0.03130630673024748, 0.085326506912514005, 0.022753061531152023, 0.093129333066338096, 0.10471276498616647, 0.055793939828313599, 0.15337207814036799, 0.033624718229692631, 0.14735158831524303], "hpss_f": [0.065783239103874666, 0.057144612496331182, 0.15291043533832152, 0.029743299875770911, 0.085704167305507992, 0.021361813020812071, 0.091737288901931641, 0.10414243471402405, 0.055677372970479741, 0.15951768231783101, 0.032114806008270172, 0.14416284794684509]}