{"deep_f": [0.13056787587295568, 0.010108328104661061, 0.22882468302244202, 0.0018627998772234437, 0.086308174909122889, 0.022581307854900583, 0.12456855537570308, 0.12328263796887602, 0.001901806092787179, 0.22090256103626876, 0.0030802291651954262, 0.046011040719863783], "deep": [0.13219070090803159, 0.010291517320938094, 0.22682818212279335, 0.0019270598222904751, 0.088296992782515113, 0.022932622218804495, 0.12142717528739901, 0.12502819084895522, 0.001965039735754149, 0.21981566875255037, 0.0031794007112700821, 0.046117449488698038], "standard": [0.1012518746353457, 0.079535129416247047, 0.15640929340079743, 0.026903130851879946, 0.10186348651350484, 0.040203469212067668, 0.077210208691802396, 0.093862230536793295, 0.060106976461935642, 0.14853236062946315, 0.047788115069871968, 0.066333724580290881], "standard_f": [0.10551235876229942, 0.078587925360441263, 0.16623681842969326, 0.025407175563483153, 0.099198992750070256, 0.036939365568097897, 0.075013053978183142, 0.093969118934375137, 0.056400366454623652, 0.15464113497854071, 0.044578464701982207, 0.063515224518209762], "hpss": [0.098404302382490441, 0.083951269961858241, 0.17656901484948057, 0.014302849556437838, 0.11378919389745354, 0.027268093471584393, 0.078661656139459232, 0.097946495595763919, 0.049263454226998342, 0.16445697404373993, 0.032885290010287706, 0.062501405864445886], "hpss_f": [0.10272715203135402, 0.082677614243067243, 0.18385563875970784, 0.013711246948072528, 0.11021525661268552, 0.02498211860704461, 0.075941968548821764, 0.09738674463547399, 0.047356051818023916, 0.16938997150874632, 0.031145243649210255, 0.060610992637791919]}