{"deep_f": [0.1674653274325856, 0.0058395933833582919, 0.20261444481630156, 0.0022079240026173985, 0.10645382123690554, 0.030732129963872964, 0.10877221668851365, 0.13052248463378865, 0.0021432353769298951, 0.19282626799837671, 0.019722479651102257, 0.030700074815647523], "deep": [0.1666872619362153, 0.0059423172306158692, 0.20308711138572752, 0.0023167763161709939, 0.10587851888955872, 0.031761297437252464, 0.1068431982813455, 0.13122632203056753, 0.0022391796600460269, 0.19166077164389547, 0.02124784117026186, 0.031109404018342751], "standard": [0.11823937241690211, 0.074086418182439953, 0.13570622869872434, 0.028872437478330192, 0.10343286751149545, 0.046511752090996887, 0.070319147140571331, 0.091851856734828333, 0.06244038078819459, 0.1383929708441165, 0.054324857109587378, 0.07582171100381295], "standard_f": [0.12575977301071506, 0.074411284259973079, 0.13923049583749994, 0.027256435491796075, 0.10021987006213606, 0.043312748423890865, 0.067586723037111898, 0.093402284431818777, 0.058009438868398995, 0.14542336218784765, 0.05182544478426393, 0.073562139604547799], "hpss": [0.12261259821820322, 0.075962322212423883, 0.14803584648123186, 0.016136139493286204, 0.11584110723344765, 0.034719615987435989, 0.068764242563831054, 0.094562228757457081, 0.054581367747834474, 0.14956392939450019, 0.042193177780185734, 0.077027424130162656], "hpss_f": [0.12961272026571066, 0.075808356309730901, 0.15120821546963129, 0.015236137621474658, 0.11203790028015985, 0.031979718325981711, 0.066852024795303666, 0.09626081636909567, 0.051618969823838227, 0.15459480261022621, 0.040717354725061987, 0.074072983403785223]}