{"deep_f": [0.1231171085354925, 0.0086062196048833639, 0.18876525844973371, 0.0029930775475938858, 0.1281129421842141, 0.019353022885285252, 0.040628872281459248, 0.22738792441620834, 0.0030844700105031814, 0.11027354708077537, 0.0036279278094737367, 0.14404962919437722], "deep": [0.12519302958887646, 0.009205439054524563, 0.18597150860080594, 0.0033565714378777046, 0.13022153797680219, 0.019926070236688995, 0.041457142526676281, 0.22441708474767491, 0.0035478371390438015, 0.1127885556939945, 0.0039656709463504383, 0.13994955205068424], "standard": [0.071469335236182666, 0.067389029198475808, 0.13321021232269997, 0.033633782851781154, 0.088706208354746158, 0.041898467139272685, 0.087945449834197692, 0.12886893274266703, 0.060735082609021454, 0.14191781993779856, 0.050092314789004035, 0.094133364984152812], "standard_f": [0.067225977191677236, 0.064951003989864919, 0.13816969586897548, 0.029999944823680225, 0.088189375317529656, 0.039632480095534398, 0.085214045013919784, 0.13806959319066059, 0.05873128371599181, 0.15490858918805656, 0.046096276144954235, 0.088811735459155092], "hpss": [0.058697288262781006, 0.06665519121782211, 0.14445919582251118, 0.02425168709580771, 0.094134705655149656, 0.029551805355207312, 0.092243787964116419, 0.14609464769908889, 0.05050669548632198, 0.15308671079601063, 0.03731253694806181, 0.10300574769712127], "hpss_f": [0.056856162016060877, 0.065321181218647342, 0.14781600369324613, 0.022405666838449322, 0.092603480803200661, 0.028337106713603302, 0.089599149369363043, 0.15119523285351874, 0.049753501358826363, 0.16201333069882465, 0.035575726664285143, 0.098523457771974243]}