{"deep_f": [0.0092731185027564566, 0.010131098587557858, 0.29093778943957826, 0.00078575536791389603, 0.026351385906907061, 0.0037362920266928086, 0.22354804819121327, 0.096410139098843065, 0.0010086446793192456, 0.21744311812807379, 0.00081412328993242208, 0.11956048678121166], "deep": [0.0094003735912706419, 0.010319794000230706, 0.29021903456822939, 0.0008072588131232399, 0.027106884886492735, 0.0038284723707058309, 0.22154706326435988, 0.097993050829146999, 0.0010396718692131819, 0.21635137481294622, 0.00083939042943380782, 0.12054763056484735], "standard": [0.060992751716671359, 0.093450449650224018, 0.15439929499310395, 0.03195648454230695, 0.075357145448823784, 0.04257871935653508, 0.11264407382670344, 0.082711540366685918, 0.04581634046711025, 0.15910991840158367, 0.053970012356447043, 0.087013268873804547], "standard_f": [0.057615500661276298, 0.092807753832419015, 0.16588319513423683, 0.029792574725105027, 0.072852251727239095, 0.040770876983694283, 0.11094286736220402, 0.08948224631816265, 0.044783266102930548, 0.16377365236891928, 0.050272849113418491, 0.081022965670394492], "hpss": [0.038497366734125391, 0.103485211623097, 0.17387988929438469, 0.021573987628495432, 0.077331597944011718, 0.02850683203042691, 0.12960184370505023, 0.084697646898880027, 0.034072198407447421, 0.17665871909659062, 0.041015423658825025, 0.090679282978665537], "hpss_f": [0.036658251715879865, 0.10177894047000663, 0.18274449643609184, 0.020527370971789083, 0.07614877781309265, 0.026714910936462156, 0.12668501583910446, 0.088587628064594609, 0.033413598856359972, 0.18027163092706089, 0.037930000569146458, 0.088539377400411456]}