{"deep_f": [0.04991686159174899, 0.0074433900856563521, 0.25573019359582438, 0.0012385526630637753, 0.075476876035132062, 0.014430321360872675, 0.067999484925737305, 0.23330001504128164, 0.0021057847609650556, 0.096037084312774176, 0.0018790831473535774, 0.1944423524795898], "deep": [0.051721823572579602, 0.0076283212619336601, 0.25423761491714991, 0.0012700931705768321, 0.076911953791518994, 0.014616282126390882, 0.068460192901247621, 0.23143684650569873, 0.0021504145118228261, 0.098196415929351244, 0.0019132512900950059, 0.19145679002163471], "standard": [0.065502920456446123, 0.071828963755407108, 0.15700042041577419, 0.035193936519016041, 0.077818911466875404, 0.041120830032475422, 0.1000168283179723, 0.11624568298460823, 0.057027076061775789, 0.1158250005910592, 0.047337351757416324, 0.11508207764117387], "standard_f": [0.062139833552990874, 0.074118181469494837, 0.16624164995829022, 0.032269019147638918, 0.072034952273841768, 0.039499708321930435, 0.10288232148306109, 0.12535308422451966, 0.054992924453533341, 0.11798437926780428, 0.044605519669872341, 0.1078784261770221], "hpss": [0.045162361729444198, 0.072556798841441242, 0.17840118351755188, 0.025501487358419079, 0.080524453651736341, 0.026065885734263845, 0.11033020902500759, 0.13142558152290407, 0.04946586733946659, 0.11573269546867865, 0.032519775757699119, 0.13231370005338741], "hpss_f": [0.043700180138696428, 0.073311046392793955, 0.18385238438799251, 0.024402760958882549, 0.076419013853097587, 0.024525141812794356, 0.1114079330299681, 0.13521934385247189, 0.047600822251200124, 0.11862906898167881, 0.031284193524211565, 0.12964811081621208]}