{"deep_f": [0.013673321620474802, 0.013353435551895955, 0.29994909267374759, 0.0008167998705377428, 0.022015945909458039, 0.0043950773908854913, 0.25040197839299899, 0.068635519207265294, 0.0011280857887287492, 0.25972503353927856, 0.0012494960872528407, 0.064656213967475978], "deep": [0.014177325206953445, 0.01383784092453901, 0.29863888906272351, 0.0011752633486017032, 0.0229362816431572, 0.0052590809400415292, 0.24710468074882239, 0.070492216871168717, 0.0016970877123034308, 0.25677013783153796, 0.0017713778735798059, 0.066139817836571344], "standard": [0.074947514824793754, 0.10124926429430481, 0.15253572564800713, 0.029463580548301414, 0.071957106470921503, 0.044701880980429251, 0.10363148465385913, 0.085819411029896819, 0.056086095560306644, 0.1533587597100593, 0.051509901153318903, 0.07473927512580146], "standard_f": [0.071947476128313634, 0.10043904279417366, 0.16284217534688075, 0.027390100613522834, 0.071475307174431874, 0.042557733664100789, 0.1009045533752517, 0.090347463525688315, 0.055655221846775779, 0.15802907353197096, 0.047692670453034873, 0.070719181545854909], "hpss": [0.056347579949835837, 0.11441790625424599, 0.17126569493389684, 0.019066099000825197, 0.072405303173235458, 0.031528947600165599, 0.11757941131243078, 0.089542072297112613, 0.048310534795756886, 0.16999109089902464, 0.037063430155784623, 0.072481929627685723], "hpss_f": [0.054205342520975378, 0.11314634347026266, 0.17909694887222757, 0.017965284817733271, 0.072512801036428778, 0.02933646695367717, 0.11376423537637824, 0.092024181502513402, 0.047956962196846586, 0.1744697343263811, 0.03402142501625751, 0.071500273910318046]}