{"deep_f": [0.031827800905448102, 0.0033839201568250537, 0.28258944723721519, 0.0004802037795863832, 0.045513386524245129, 0.0088227319300985246, 0.052603264378956106, 0.27243287491839169, 0.00076501089276629004, 0.053686086810842477, 0.00099296074606457468, 0.24690231171956034], "deep": [0.033050043108070845, 0.0035444318820090455, 0.28129709605828251, 0.00049521023380520919, 0.046781955497745442, 0.0088947918957768095, 0.053082685034860765, 0.27113074641691753, 0.00078702157882572785, 0.055183777008530742, 0.0010200425318835308, 0.24473219875329186], "standard": [0.096514463795393315, 0.058489476905693998, 0.13548830504665216, 0.037924931063673555, 0.080537459470087877, 0.045613426474220418, 0.079419149455753651, 0.081345718661444674, 0.048841034282423562, 0.16007786393108397, 0.058912840997438931, 0.11683532991613385], "standard_f": [0.096398603769194902, 0.057074248409077363, 0.14387990931065087, 0.035129562957329184, 0.080430428085860733, 0.042294270645279235, 0.076799970452114952, 0.081270068520385666, 0.045361069273894779, 0.17249589351789288, 0.055171436999771839, 0.11369453805854758], "hpss": [0.087444224590464942, 0.052143923806116849, 0.1475821191852508, 0.031272390970568935, 0.08289017867700206, 0.032732598559349714, 0.085555453845479718, 0.083884220638368923, 0.038375176956604064, 0.176771256015883, 0.046774328500740495, 0.13457412825417059], "hpss_f": [0.088378670153703362, 0.050698867326794538, 0.15408293174425353, 0.029202168946583069, 0.083979361708363592, 0.029996758322134224, 0.082525661600498193, 0.083869997326914844, 0.036766469388575564, 0.18500697164038687, 0.043883953384313057, 0.13160818845747907]}