{"deep_f": [0.010079429643525373, 0.06887011937724119, 0.22680046954875685, 0.00050313499247169372, 0.097129293969074645, 0.0020929602092233284, 0.15109643104408874, 0.13167800638968166, 0.0007564979566202437, 0.22307424094906675, 0.00078584572080726053, 0.087133570199442414], "deep": [0.010153589028151229, 0.069440798608372337, 0.22595034235825748, 0.00051411555503332127, 0.09819814278269931, 0.0021256761918457827, 0.14988305016828474, 0.132189085052168, 0.00077797162667828297, 0.22289776047826534, 0.00080729376342345818, 0.087062174386820707], "standard": [0.082222670824639452, 0.093124841995468388, 0.13575263515887151, 0.025690495555234623, 0.09151090352849002, 0.053555238074525724, 0.082507830570765966, 0.086890404289401216, 0.059696423706927397, 0.16049703128338519, 0.053911610420207839, 0.074639914592082662], "standard_f": [0.07913915312473585, 0.093541148399173421, 0.14486751044068458, 0.023905850050105835, 0.088704972894335737, 0.05085996268604203, 0.082153888809926995, 0.088089117597581257, 0.056854867570438408, 0.17078442823823389, 0.05040343275960827, 0.070695667429133566], "hpss": [0.072316749890425441, 0.10041753266610462, 0.14563191103716527, 0.015423801083954497, 0.098229854906063951, 0.045120263458849466, 0.088900258107135408, 0.088188408667044957, 0.054378856214465823, 0.17720769235753731, 0.039706593425281031, 0.074478078185972227], "hpss_f": [0.070087101694378734, 0.1000776672580778, 0.15364249245767889, 0.014181949886675817, 0.09495103718625568, 0.043160156378769805, 0.08853328198887761, 0.089831369574690872, 0.052614983494474632, 0.18393747920800191, 0.037138436756212777, 0.071844044115905586]}