{"deep_f": [0.062165389094506793, 0.004856596459951696, 0.2523284499340841, 0.00041648188511916911, 0.074332277350950021, 0.0090806865522252006, 0.03707391788158048, 0.26977762462401572, 0.00053063834092444693, 0.071089952623295496, 0.0011295013583704674, 0.21721848389497647], "deep": [0.063015575906881241, 0.005166554960946073, 0.25137883070513262, 0.00062745475402554789, 0.075068737291594426, 0.0095913834476463958, 0.037582671767258886, 0.26801562002102336, 0.00080239554285849212, 0.072382673542250558, 0.0013898756468450524, 0.21497822641353739], "standard": [0.10346643205985055, 0.05103035818735701, 0.14660359535041784, 0.031379855147374527, 0.07089602886866038, 0.045657526705779578, 0.071319108326243483, 0.12622173481234281, 0.049859014742711011, 0.14483086687480634, 0.055378067833456314, 0.10335741109100022], "standard_f": [0.10381162806887421, 0.048973301944065462, 0.15790800181917106, 0.028586506741186422, 0.069738545448250325, 0.043525286220295785, 0.068083597599469248, 0.13248669195582644, 0.048468226747213253, 0.14829360431102884, 0.051563291529593019, 0.098561317615025942], "hpss": [0.098760043781192283, 0.041384788791718197, 0.16275269222378139, 0.022687665908710897, 0.069219234174825992, 0.033793006233057588, 0.073771365230330552, 0.14658621219438278, 0.039850953279367253, 0.15435006535963844, 0.040439795318235508, 0.11640417750475909], "hpss_f": [0.099634610729084763, 0.039325528149433124, 0.17110539828775889, 0.020459233894347423, 0.069892476969882239, 0.032460262534274024, 0.070695960751653089, 0.15212940621281007, 0.039713249757534867, 0.15494259834787993, 0.037293172216932992, 0.11234810214840858]}