{"deep_f": [0.10017484947430495, 0.011655669920871227, 0.2452675341250429, 0.0015006751346081503, 0.073417325041818873, 0.020524229682274013, 0.15367871868614086, 0.1045791723563383, 0.0021264348060306957, 0.22542071299575267, 0.0021574459239302166, 0.059497231852886981], "deep": [0.10119673104966717, 0.01205307819603404, 0.242969242877148, 0.0015638151343495929, 0.076047848822404479, 0.020833837370119037, 0.14934702485248355, 0.1072859804776798, 0.0021985801225991473, 0.22408618961744248, 0.0022488407364976196, 0.060168830743575083], "standard": [0.10998562676196186, 0.087671697628901077, 0.14393542594999961, 0.024202126459784756, 0.10141604694098592, 0.04530797362718357, 0.074421913411858512, 0.075637432022270273, 0.062572999564883311, 0.15109136346516164, 0.044415552654903941, 0.079341841512105576], "standard_f": [0.11723434747997707, 0.090614994851886552, 0.15154385427421829, 0.022331779896309353, 0.09654169764370997, 0.041934274357592317, 0.074055847788942947, 0.073600528377655045, 0.056910511910145054, 0.1584451090849662, 0.042640879079627103, 0.074146175254969887], "hpss": [0.10481477357548344, 0.092236638872257429, 0.15843811941715263, 0.014239024064936524, 0.11363871753783227, 0.033142908773111358, 0.07513016141322959, 0.074811689323463548, 0.056694906177902057, 0.16615515541438811, 0.029414895758629083, 0.081283009671614073], "hpss_f": [0.10888494174527887, 0.094295786442879129, 0.16469767378033517, 0.013075303242265912, 0.10951947154912244, 0.030496870807194567, 0.075189943808093754, 0.073694614402230241, 0.052136105088670205, 0.17277763118593306, 0.028061327095923398, 0.077170330852073143]}