{"deep_f": [0.034335868688561588, 0.022835937494816525, 0.27062587203778232, 0.0013801700203914247, 0.056514039653450129, 0.0090065817608882878, 0.1930342505850596, 0.091706740968078418, 0.0022279225375947745, 0.2328496892100568, 0.0017663561156368696, 0.083716570927683309], "deep": [0.035279229548459565, 0.023897082206084379, 0.26831918566156998, 0.0014384829519425689, 0.058816192258664642, 0.0092994398474613247, 0.18915535048075285, 0.093793601062919202, 0.0023142767378421087, 0.23155699894075052, 0.0018456007472209455, 0.084284559556331906], "standard": [0.082741960904980483, 0.10632238644757037, 0.17170515877091125, 0.024233634657449453, 0.080706916325900574, 0.041712566198350204, 0.0824780524707176, 0.065191497999671263, 0.0596087844278173, 0.17436857101816053, 0.039422254974477156, 0.07150821580399383], "standard_f": [0.080877780568731364, 0.10619842811943614, 0.18265209828758025, 0.022743130333237604, 0.079000501348627725, 0.039621197210489734, 0.081714653548330449, 0.06396977766556225, 0.056729945585925777, 0.18096666947178805, 0.037183021704255914, 0.068342796156034558], "hpss": [0.068797480259748869, 0.11700560572965024, 0.19406933154790879, 0.014143070059827567, 0.084975948616850996, 0.028103268578825214, 0.08711518490428749, 0.061489499776136006, 0.053467939044942764, 0.19889871747929799, 0.023771503859665685, 0.068162450142858391], "hpss_f": [0.066644980990370986, 0.11575999549327884, 0.2001604252549242, 0.013365947612716972, 0.085057992744410893, 0.026679138551697068, 0.087225648783777712, 0.061089140638343246, 0.051457987551157741, 0.20280993013677623, 0.022612579880648236, 0.067136232361897752]}