{"deep_f": [0.0058325024710200613, 0.037190170482005742, 0.22881012379238061, 0.0075521417219991289, 0.069410098933713429, 0.0040581910352780149, 0.19256808538475803, 0.086622726277583717, 0.0067359406419817266, 0.15223565139383194, 0.0024392667420110778, 0.2065451011234366], "deep": [0.006427027034451081, 0.039113168188850723, 0.22515905674681758, 0.0079764438711868793, 0.07285533569548186, 0.004488874037266187, 0.18995603901212579, 0.086301906148104804, 0.0074172148340627556, 0.1537490086816701, 0.0027927553693944513, 0.2037631703805878], "standard": [0.074672071020947209, 0.10813947198915538, 0.07089541177270281, 0.034634473349312252, 0.09180895991971634, 0.055205881202383067, 0.13084471601431055, 0.057220200055749106, 0.060115809783625733, 0.13165567203844999, 0.059381901542253569, 0.12542543131139403], "standard_f": [0.071272135270450163, 0.11147758794785374, 0.067587436520470293, 0.031947349766688796, 0.09336990069118245, 0.054436419712422086, 0.14151179245802281, 0.054965936987361991, 0.05643625174260572, 0.13452426757969599, 0.059103573743102988, 0.12336734758014294], "hpss": [0.05892810581446517, 0.12096012316516065, 0.055398173364197785, 0.028560840393487802, 0.099377143501188203, 0.046450102015308505, 0.15273036988202462, 0.04879408403989749, 0.054415983396092958, 0.13968548653595725, 0.05082656353811929, 0.14387302435410027], "hpss_f": [0.05687858280172696, 0.12372188530182772, 0.053889438824643962, 0.026604645626666992, 0.1014321462176056, 0.045973684740306844, 0.15797939244502271, 0.046852759159415877, 0.051979593702398574, 0.14265319712677238, 0.050482779288057583, 0.14155189476555471]}