{"deep_f": [0.016238902241994205, 0.046617744384564799, 0.24983136709575815, 0.0021639977727892627, 0.072514593724308421, 0.0075810064447374027, 0.1508702874269498, 0.13469608705220384, 0.002625390314092244, 0.19377282839074447, 0.0023474859064419799, 0.12074030924541555], "deep": [0.016474648563788427, 0.048004815914800998, 0.24765326255945405, 0.002230823203268385, 0.074766669508470163, 0.0077544641594258059, 0.1478572438618439, 0.13595319114083557, 0.0027229314835356504, 0.19371468770140471, 0.0024303510595924342, 0.12043691084357991], "standard": [0.075064132323363689, 0.1026725976863468, 0.14484028422254319, 0.031856046428419972, 0.089048122170128752, 0.042077165864666428, 0.08764238741162772, 0.08109246275878651, 0.059643532345549394, 0.1436360672588983, 0.049038700833250577, 0.093388500696418755], "standard_f": [0.071200451960551692, 0.10209257553828217, 0.15500365269502803, 0.029038292047546335, 0.090353301026932203, 0.04048236752139614, 0.087979934399386117, 0.082420487026858072, 0.05698990232233106, 0.14892971674921374, 0.046337067736638371, 0.089172250975836143], "hpss": [0.063103783132566468, 0.11381982188912711, 0.15753891479725915, 0.023142634204188141, 0.092712724776306862, 0.030534259913624018, 0.094050955668500469, 0.082203357374419014, 0.051023123085162922, 0.15692771367677316, 0.036486996624483584, 0.098455714857589055], "hpss_f": [0.060946782452999337, 0.11237570899097413, 0.16500098165470301, 0.021392820364685011, 0.093761553774356646, 0.029164165288810308, 0.093805135783375793, 0.082955704286977086, 0.048488039020241402, 0.16103797552312563, 0.035110783895145686, 0.095960348964606035]}