{"deep_f": [0.14503236697019242, 0.0068585398490658474, 0.17589780360335899, 0.0023326897350666063, 0.14267343199596835, 0.021917829328799994, 0.025382929242384333, 0.24349658569520685, 0.0023151552579690209, 0.089217862290302985, 0.0032829580726905249, 0.14159184795899418], "deep": [0.14481350916393265, 0.0071850871162729424, 0.17544429361588951, 0.0024199762209866516, 0.14298272823563393, 0.022237127840595873, 0.025985008562506649, 0.24126091295621685, 0.0024163348315925336, 0.091944550340754591, 0.0033434182817828478, 0.13996705283383498], "standard": [0.096355083713197412, 0.067740050249105233, 0.13549023705489144, 0.034017314259930244, 0.086084752678230958, 0.036203717032356246, 0.077009326234828923, 0.11953206095100992, 0.05136582134898765, 0.12349009702333284, 0.05318496931344549, 0.11952657014068378], "standard_f": [0.095794348902422694, 0.06600827858419081, 0.14500929285430908, 0.03132761818796951, 0.085564335176752895, 0.034904898737391117, 0.074155318795510544, 0.1261141863654611, 0.049281729521750202, 0.12629110270565205, 0.049676259045115023, 0.11587263112347505], "hpss": [0.091199378067637005, 0.065889232879951881, 0.1481653662385381, 0.025604047770011407, 0.089766987417038396, 0.022497293519956729, 0.078005361122058484, 0.13661690996002465, 0.039549857799752404, 0.12688080056784259, 0.040028307396764475, 0.13579645726042369], "hpss_f": [0.091126913119244632, 0.065432169599968434, 0.15348706830098016, 0.023977371208892782, 0.089515167044753555, 0.02110420397111025, 0.075537145938698272, 0.13941433248647725, 0.038152353409248059, 0.13108563566149117, 0.038203923323096106, 0.13296371593603937]}