{"deep_f": [0.01849073828528058, 0.025752445798057091, 0.25752876326006408, 0.0021313633443853629, 0.068107583150162909, 0.0063660639118903123, 0.15714488057126791, 0.14466865216977665, 0.0040438405418052109, 0.16809142813107225, 0.0022977111965477161, 0.14537652963969], "deep": [0.018821347266496959, 0.027060256565387426, 0.25435709972386644, 0.0024033328334171775, 0.071367564070352732, 0.0066661249651437026, 0.15501148663402647, 0.14454477760701226, 0.0045415937299068277, 0.16726241892232901, 0.0025759898507512762, 0.1453880078313097], "standard": [0.070937008012817007, 0.093742320496514667, 0.1352036822528552, 0.033527528331697073, 0.095025044650787732, 0.047073096578487489, 0.10399497523011757, 0.066281699713084993, 0.058934613440870927, 0.13877681350012752, 0.058936870637890861, 0.097566347154749031], "standard_f": [0.069067088053788514, 0.094755473516147742, 0.14886278624215604, 0.031032201175388012, 0.091573559580115704, 0.044482307314503346, 0.10566506849427734, 0.066825990460430348, 0.05457326904941906, 0.14412945928913576, 0.054570340763864494, 0.094462456060773581], "hpss": [0.053656741195208621, 0.10159342310314028, 0.14617486371605412, 0.025204978642150398, 0.10367149117537071, 0.037384535650028188, 0.11717724061149914, 0.061673294061335281, 0.051039795472489574, 0.14954967223671384, 0.047811171274268802, 0.10506279286174106], "hpss_f": [0.053079778271681873, 0.10206941947334019, 0.15691264279839606, 0.023444930249343372, 0.10114652972830124, 0.035413368802112613, 0.11674497373153908, 0.062249300381609668, 0.047484030792796596, 0.15411011280817424, 0.04464604313480857, 0.10269886982789647]}