{"deep_f": [0.0073873267169157148, 0.0097727774662769648, 0.31078666480345651, 0.00026539752261228218, 0.013638451340519353, 0.0015278842227410552, 0.28403006269727504, 0.042498874043601191, 0.00040391865560456892, 0.28168356985914839, 0.00033464569218681259, 0.047670426979661985], "deep": [0.0074804978165057042, 0.010064258017546412, 0.31022392250808789, 0.000282065018983675, 0.014140378786860804, 0.0015727435547213636, 0.28302967766264031, 0.043188416711059628, 0.00042513113349012632, 0.28101599916340647, 0.00035336268060625497, 0.048223546946091399], "standard": [0.069345176853701854, 0.10433261293852245, 0.10792362631266077, 0.026943045506379847, 0.088405806351309776, 0.047475930094057824, 0.13131088369271102, 0.058264728038812989, 0.045031149185328224, 0.16822239018277665, 0.071321001920972099, 0.081423648922766545], "standard_f": [0.066641879304492044, 0.10697838206656235, 0.11153364772219079, 0.025301020825564857, 0.087243820519553997, 0.045765502444685906, 0.13489961222930807, 0.057740928219297806, 0.042856026739925154, 0.1749857187746279, 0.068548345188861007, 0.077505115964930066], "hpss": [0.05584253175127072, 0.11323272179892087, 0.10895024598289577, 0.018633432569755925, 0.094895211671527563, 0.037871398424871465, 0.15355651099419607, 0.049236613356458354, 0.033014304071087089, 0.1870521284116439, 0.064486258592277398, 0.083228642375095127], "hpss_f": [0.054549719521297182, 0.11473382778588598, 0.11356908909568986, 0.017883286718716827, 0.093302279550587522, 0.036778002816318052, 0.1545669777616672, 0.048964783554677212, 0.032195038369702569, 0.19016154544971967, 0.062001636485853703, 0.081293812889884187]}