{"deep_f": [0.053214843643157754, 0.0025000893492250131, 0.26374463989115104, 0.00092185894769556971, 0.069422072997285464, 0.010657754615926942, 0.020412656087606982, 0.29207827617796761, 0.00073144798242792079, 0.03521957079674063, 0.0014429515257210906, 0.249653837985094], "deep": [0.055243366058334596, 0.0026878039726986069, 0.26189914574093798, 0.00099019598964964969, 0.070847525121174509, 0.010829283315444667, 0.021383082216978367, 0.2900152706413005, 0.00077988828796016034, 0.037491259122310119, 0.0015068001215109087, 0.24632637941169991], "standard": [0.10408557279037406, 0.056165911553155194, 0.13047376653695678, 0.036458934952928929, 0.056038763977525455, 0.03408263237712178, 0.078920865429649989, 0.11349117337254977, 0.042918603530503245, 0.15236078447458695, 0.056316524457964222, 0.13868646654668365], "standard_f": [0.10352099971704332, 0.054419572867710694, 0.14016800050191261, 0.033722679696394663, 0.054641601393821487, 0.032170802385890776, 0.076662202953546449, 0.11990889671587712, 0.041197358708930668, 0.1577073368654652, 0.052987114947739014, 0.13289343324566802], "hpss": [0.098965176372515978, 0.047991926691099945, 0.13744669049259503, 0.031142294699815224, 0.052160237909865077, 0.018933019945397866, 0.084315069598891845, 0.12843943638713223, 0.029989776263989798, 0.16437379102173122, 0.045028185193623047, 0.16121439542334273], "hpss_f": [0.09925108017523826, 0.046958883532087985, 0.14559095540559924, 0.029379029499577953, 0.050907015488863776, 0.017679922430417935, 0.082814883230400371, 0.13156901911049984, 0.029308386912364905, 0.16742019856666207, 0.042921955561384645, 0.15619867008690308]}