{"deep_f": [0.0087341286155675942, 0.050888748798243719, 0.24349188315055989, 0.00047319945677850938, 0.088675501506402993, 0.0027415023011226709, 0.16825503409836404, 0.11908765300342293, 0.0014868828017254234, 0.22282127361549955, 0.00070042825939472392, 0.092643764392917813], "deep": [0.0089829247815607863, 0.051478417512508617, 0.24254289313403887, 0.00059513874820761278, 0.089463546406638381, 0.0029804402657114598, 0.16703743012885658, 0.11923707714766524, 0.0016503565792632608, 0.22265938250004672, 0.00082869719460789055, 0.092543695600894565], "standard": [0.080993319404874337, 0.093128319804636359, 0.11668748616675342, 0.028568127957465779, 0.081922581844280154, 0.053970605859782576, 0.11479914200730133, 0.077335602891729333, 0.056099370285219705, 0.1379787358022064, 0.066994991509148977, 0.091521716466601663], "standard_f": [0.079323946448935354, 0.095032303345253574, 0.12281122853511886, 0.026755353396524913, 0.077775206089998633, 0.051017587856419661, 0.11634989648689513, 0.079845226463866686, 0.053703651165315988, 0.1448910688545153, 0.064030543368127218, 0.088463987989028783], "hpss": [0.070040233023303811, 0.099109518132297, 0.11980872198480776, 0.02085019695415594, 0.085369019916195735, 0.046014737217834577, 0.1326521188563744, 0.075925240897891849, 0.050102756401909691, 0.14489358846385808, 0.058122294388142211, 0.097111573763228945], "hpss_f": [0.06890789302377158, 0.099318200051886879, 0.12640785167056384, 0.019771971659332845, 0.082098057810979772, 0.043299512284954378, 0.13118192134276138, 0.078515981407534352, 0.048640904977573785, 0.15190907935595585, 0.054736562343251596, 0.095212064071433775]}