{"deep_f": [0.083367334069925247, 0.0038891371260880683, 0.26603814317963254, 0.0010615030507292286, 0.047730279795935866, 0.015132914367707473, 0.10535457244073884, 0.19774663543556709, 0.0014356433880199006, 0.11739222073265353, 0.0016159453096215798, 0.15923567110338069], "deep": [0.085426655565053342, 0.0040004318906569011, 0.26463173730634665, 0.0010904320058647782, 0.048747751122124573, 0.015312505153708928, 0.10657291897357997, 0.1955930552366516, 0.0014764742333793978, 0.11960792203760794, 0.0016480944993882629, 0.15589202197563767], "standard": [0.060462513118158728, 0.072286387034183719, 0.13665481193455953, 0.031928996619221502, 0.063601832618693441, 0.038204560240348552, 0.1159074446105447, 0.13394482288292847, 0.055650395804585993, 0.13249476513920291, 0.053700629562411298, 0.10516284043516096], "standard_f": [0.057893994263764341, 0.069895958204401878, 0.14351181761644247, 0.029414544432216798, 0.060768572505699475, 0.035841561967319087, 0.11306979584437522, 0.14644667279041088, 0.056401995413188424, 0.13764879715580627, 0.048896177241837584, 0.10021011256453757], "hpss": [0.043690373188653181, 0.074693507014199453, 0.14829688331140459, 0.023827084617242832, 0.061386985036174006, 0.024207664805882691, 0.13310142861673979, 0.15204477418923706, 0.047567597382324973, 0.13544439329203067, 0.041780453643541757, 0.11395885490256873], "hpss_f": [0.042218320398872564, 0.073164618165942413, 0.15542800696383291, 0.021690674973358332, 0.060297927760411513, 0.022764246452082401, 0.13077407724333123, 0.15801118753021937, 0.047899081261890131, 0.14009635808898044, 0.038630790829242159, 0.10902471033183651]}