{"deep_f": [0.2483502362707864, 0.0026256519462222751, 0.090530998842552016, 0.0021775345388532394, 0.22416084769357397, 0.017233475545302131, 0.0099792644583155867, 0.27220998881639635, 0.0021488755191271668, 0.050182693477179206, 0.0051605210714304635, 0.075239911820261102], "deep": [0.24688279931092527, 0.0026568074968681631, 0.093158643000161065, 0.0022163354618018319, 0.2214831683698873, 0.017781845843578004, 0.010393157198553866, 0.27120168575608555, 0.0021932769863361543, 0.051060935389986024, 0.0051912808635218369, 0.075780064322294949], "standard": [0.12870821559747958, 0.05101247338787971, 0.12800059638257319, 0.026364232501547152, 0.11002821660825199, 0.043833045403992625, 0.064043250599067014, 0.11203815978251391, 0.070674504673307922, 0.11069075022936933, 0.051419386890400119, 0.1031871679436175], "standard_f": [0.13151903619848709, 0.050852714232261675, 0.12990043904382503, 0.025015565211277103, 0.11028967932766244, 0.041821269697954952, 0.062495723688452867, 0.11486139962989521, 0.068428979377539612, 0.11258462609786531, 0.049836899083312007, 0.10239366841146672], "hpss": [0.13730623528801156, 0.044241539127460823, 0.13741868628947523, 0.014108643998624038, 0.12579283381353568, 0.029889212717391939, 0.061435590209162269, 0.1253001476167491, 0.067603718367330798, 0.10321582368317619, 0.037664488517180329, 0.11602308037190204], "hpss_f": [0.13742696697163054, 0.044114538876767646, 0.13959510426065408, 0.01314867378802039, 0.12431049989552775, 0.028274969530177819, 0.061387672156176985, 0.1278664616357143, 0.06627154949990896, 0.10686565974958399, 0.036210555343492268, 0.11452734829234511]}