{"deep_f": [0.046129523942167662, 0.0075445045545709183, 0.25547339556179788, 0.0014610634423756533, 0.076508782706851602, 0.018259761460783692, 0.037100514896139289, 0.2599874125046166, 0.0021206401579189752, 0.067306178263262947, 0.0021295268793773306, 0.22597869563013737], "deep": [0.048167622564097096, 0.0082884938848976023, 0.25209966622072932, 0.0018579139375525717, 0.079135030938936465, 0.018819713366308881, 0.038181356139843435, 0.25643468029937633, 0.0026382579041316534, 0.070615224885851077, 0.0025156600999429249, 0.22124637975833261], "standard": [0.071131024041549015, 0.064095397479745214, 0.12686979267517245, 0.03722884316971501, 0.087610729113434524, 0.040545692642666394, 0.081203033693452512, 0.10672704176524213, 0.059335677305335399, 0.15418713727845157, 0.051488411711558317, 0.1195772191236774], "standard_f": [0.068803169375156542, 0.06412211633812416, 0.1316496169492638, 0.033947555406533783, 0.0898868543105696, 0.038998073089650039, 0.077952201912577332, 0.10971582376659625, 0.058572758059547404, 0.1637185726660583, 0.048083946364794863, 0.11454931176112795], "hpss": [0.053432156626664319, 0.062040560198560697, 0.13600065284588223, 0.028949687635382016, 0.093168048237608311, 0.026068681659799166, 0.085662702409430747, 0.11788561590332647, 0.053056504044971413, 0.16651057038121983, 0.039445203094599784, 0.13777961696255508], "hpss_f": [0.051695558650074164, 0.06193608500670638, 0.14021516213982485, 0.026117442750802473, 0.095760791262177458, 0.024547532623823587, 0.082436405717312575, 0.11990803700058349, 0.053004815531081252, 0.17433692568115569, 0.036883695369327708, 0.13315754826713039]}