{"deep_f": [0.10138464217437888, 0.0065789452872665743, 0.22196724319494882, 0.0021749113058213252, 0.093155043360058642, 0.023697095577703341, 0.061192692390395764, 0.21873633560019068, 0.0023737888739344929, 0.1115192862395496, 0.0033658588413340773, 0.15385415715441794], "deep": [0.10351533315780907, 0.0068057242426532126, 0.22030723278973324, 0.0022866493884001436, 0.094278057705648691, 0.023840651345341912, 0.062503967157857318, 0.21641466059801967, 0.002459157558354744, 0.11364937431084997, 0.0034601950849368042, 0.15047899666039524], "standard": [0.12410628423062028, 0.066526319636371886, 0.15707031318175249, 0.028087491404245702, 0.072873103835151054, 0.033061172870742207, 0.087418439453020899, 0.10149882100449005, 0.046101836769740084, 0.13002483827193528, 0.049884513635896327, 0.10334686570603376], "standard_f": [0.13274056209541851, 0.06564892109448775, 0.16870303251598281, 0.025964309457581939, 0.068584474975348281, 0.029677943424686923, 0.085254538539852751, 0.10560193937335718, 0.043044010422535826, 0.13158106281634893, 0.046574439836191722, 0.096624765448207472], "hpss": [0.12436434643967455, 0.06625179317931093, 0.16892340468148245, 0.020728766534617461, 0.075157414990649679, 0.023056906015715327, 0.093033279540955222, 0.10732367154576496, 0.03829852880692404, 0.13176323588455469, 0.040965417276254322, 0.11013323510409641], "hpss_f": [0.13153091487852445, 0.065850775829394081, 0.1755797895587882, 0.019855718276993856, 0.072455668116078925, 0.02071301480263308, 0.090355443060403454, 0.1091277594691288, 0.036295666804159743, 0.1330597776287451, 0.03944133388196313, 0.10573413769318708]}