{"deep_f": [0.032783614886275458, 0.0060188538536672083, 0.2732785780549285, 0.0014570733213897988, 0.055793545663472541, 0.018863778979949682, 0.042530738821137122, 0.26192949967028584, 0.0017866886159197113, 0.067533432388798678, 0.0020486251067166486, 0.2359755706374588], "deep": [0.034210419520622079, 0.0063022439316510409, 0.27110821955670994, 0.0015147194725162198, 0.057923865269645707, 0.019007827837246263, 0.043102904008732151, 0.2599478127114877, 0.0018619914601691236, 0.069927424236113617, 0.0021037145418572769, 0.2329888574532489], "standard": [0.061984918266648051, 0.064383907372575891, 0.13900889403168512, 0.030871451560636084, 0.062471472424429283, 0.035695717440745851, 0.10272730902224082, 0.14561478522891919, 0.054124088829036722, 0.14337369629046282, 0.049384466564330896, 0.11035929296828927], "standard_f": [0.058235050636239301, 0.0643272726373572, 0.14748659518189858, 0.028458521468343524, 0.057561896085552275, 0.033769432806998789, 0.10445888980953554, 0.15677630718463362, 0.053458728938569684, 0.14476952670338938, 0.046620787854702098, 0.10407699069278012], "hpss": [0.045642400205571011, 0.063026631050649692, 0.14795978756958383, 0.023041568287012502, 0.061814145830838517, 0.0245591648081812, 0.11110459682875651, 0.16500341164002191, 0.047031051948780024, 0.15028117505517463, 0.039230765478984804, 0.12130530129644537], "hpss_f": [0.044882372810528891, 0.062977545190137652, 0.15428688674986688, 0.022195185324091048, 0.059466078967592158, 0.023063532422776943, 0.11103562954006156, 0.16719159533639966, 0.04633908952741151, 0.15290404814165934, 0.038199333461649485, 0.1174587025278248]}