{"deep_f": [0.034338994976526295, 0.028855704523249651, 0.2605311190068057, 0.0017501346395558794, 0.065007862323508137, 0.0089868001227666194, 0.1902399514032409, 0.096554544621411068, 0.0029720321137791388, 0.2329385379670893, 0.0023783860658934211, 0.075445932236173852], "deep": [0.03550622408031865, 0.030664427328333906, 0.25612199316248785, 0.0020786201069528994, 0.069179886412137612, 0.0098234289689148359, 0.18296684320698761, 0.10094203487004137, 0.0034796499300901846, 0.22846072562381223, 0.0028717591057573996, 0.077904407204165471], "standard": [0.061014394268700173, 0.10774383932392016, 0.13905583598226381, 0.023702461416185979, 0.076835061216556977, 0.04285425553176913, 0.12393566463062884, 0.10282637992414487, 0.058927025052620825, 0.15398472584353887, 0.044943195210608161, 0.064177161599062296], "standard_f": [0.058356559546216998, 0.10852714174084635, 0.14505282718498444, 0.022218786444435593, 0.073683791453940106, 0.040362889671816615, 0.12550122489793192, 0.10815956450754455, 0.057492618914422755, 0.15972423770263625, 0.041716808416793129, 0.059203549518431237], "hpss": [0.047237847961638643, 0.11722501870783066, 0.1467219510322873, 0.014945112223814712, 0.079731270052077641, 0.034502554485384286, 0.13740845008128202, 0.10838384986470256, 0.054372437725201991, 0.16445518636528192, 0.034699640861070642, 0.060316680639427751], "hpss_f": [0.046429810993625538, 0.11618888589791951, 0.15204593174385359, 0.014467730907500911, 0.0780822166954665, 0.03269007630514538, 0.13619114340618907, 0.11057476883494476, 0.053539417544595534, 0.16865714388002123, 0.03291711921132421, 0.058215754579413748]}