{"deep_f": [0.02311816910652692, 0.027925032230244923, 0.21913596782249911, 0.0015562492668676252, 0.1148413534616739, 0.0048998254014387642, 0.13123063315886413, 0.15638370702769164, 0.0049040711051173639, 0.17246957148975695, 0.0015538404863258855, 0.14198157944299272], "deep": [0.023670474506893732, 0.02888250057914361, 0.21783888042559355, 0.0016030611769508804, 0.11604329886493026, 0.0050174032387168476, 0.12919495926696359, 0.15709375068037998, 0.004958093854993839, 0.17238327385078023, 0.001602761521670286, 0.1417115420329832], "standard": [0.073995979138489779, 0.08804346300474622, 0.13355002218233539, 0.030309766938942072, 0.094186694099718554, 0.049481444148842667, 0.095981882456697198, 0.08961972512366409, 0.064885788513646556, 0.13122209586066066, 0.054774526311594809, 0.093948612220662045], "standard_f": [0.071314514082917904, 0.089336357851250714, 0.14116150555261736, 0.02859604931872382, 0.093131410618366259, 0.047426624264926782, 0.095556327767795671, 0.092624948921136901, 0.063354885762056681, 0.13564839450532845, 0.051671129223280383, 0.090177852131599096], "hpss": [0.055484705795233839, 0.093671806237541538, 0.14363275577619342, 0.019296205648513556, 0.10209176215986268, 0.037582297677792302, 0.1071899528240705, 0.096409506991023006, 0.060773573101427766, 0.13982326199202483, 0.042802052994547139, 0.10124211880176939], "hpss_f": [0.053750892211725451, 0.093974467591575725, 0.15106595693724334, 0.017923275827917775, 0.10171425910383068, 0.035682365973789737, 0.10556584389400687, 0.099171266108928055, 0.05902402707028126, 0.14413835749753703, 0.040057872325435374, 0.097931415457728724]}