{"deep_f": [0.12918426537812355, 0.0071862225039772817, 0.17482138250057594, 0.0022903743453527845, 0.14152072275148189, 0.016537752688990937, 0.023307610619607257, 0.25004169439570828, 0.002254344296486039, 0.091012366766161742, 0.002936680739167584, 0.15890658301436683], "deep": [0.13162996559922169, 0.0075569970091050199, 0.17242500325028634, 0.0023679966652576843, 0.14349630452961692, 0.016810536697438681, 0.024343632880986423, 0.24690017212121873, 0.0023293234406091064, 0.094824350947901148, 0.0030081705522203937, 0.15430754630613783], "standard": [0.082262061788533528, 0.065941583240854404, 0.12683947553283254, 0.028652108844031771, 0.095926182244016917, 0.042304647213300635, 0.077551240077558953, 0.14682191707400646, 0.069264312286491783, 0.12292852888286954, 0.045737349380688581, 0.095770593434814824], "standard_f": [0.08088180424636407, 0.064681654711896755, 0.12939600825364816, 0.026714062205746469, 0.097115132250539984, 0.041368474820254235, 0.076246791022299823, 0.15317749982965195, 0.069234508721299215, 0.12314285648155271, 0.043814409615031934, 0.094226797841714574], "hpss": [0.070791427316050648, 0.061188323885508114, 0.13382454868432922, 0.016943652748024153, 0.10395639298238755, 0.029540440526147831, 0.079953422205734176, 0.17671544717322976, 0.065928127754957558, 0.12593828756937356, 0.03031490670946662, 0.1049050224447907], "hpss_f": [0.07099523869319159, 0.059937460175148095, 0.13749214186017181, 0.015524322830687522, 0.10564237537801734, 0.028536501923110389, 0.078179620538071509, 0.17987597374251824, 0.065789200001955359, 0.12625834907002137, 0.028535448286139398, 0.10323336750096744]}