{"deep_f": [0.1386893863121848, 0.014251889052833675, 0.15645011682283963, 0.0025984995002529968, 0.15199467956662271, 0.041887580864079177, 0.015013410760080115, 0.20951569373163045, 0.0026488243824210338, 0.14034452838436368, 0.0041723316315084779, 0.12243305899118331], "deep": [0.139513692904987, 0.014971547757839262, 0.155421941489679, 0.0028943754382378842, 0.15180970254666354, 0.043137543937073738, 0.015872598963463269, 0.20704400124388544, 0.0029717812282810297, 0.14311240996717461, 0.0044990528606853554, 0.11875135166202984], "standard": [0.084198228989116511, 0.065704194275132674, 0.11625862967104476, 0.029552809498595418, 0.11227439102277263, 0.044845465164676725, 0.058962813290052221, 0.12920756670969508, 0.062312301687141178, 0.15535852880232062, 0.046520704628241032, 0.094804366261211068], "standard_f": [0.084561533062094019, 0.064000692092914924, 0.11963753938239448, 0.027192198597268426, 0.11324733392333085, 0.043756747402056269, 0.056258668036800595, 0.13335210129434089, 0.061506249256458242, 0.15938264080052514, 0.044602149717258337, 0.092502146434557828], "hpss": [0.072673197169157738, 0.060916331478681404, 0.11691699741110205, 0.017214379124447288, 0.12694962382137973, 0.033333593107102079, 0.05275030515507155, 0.15304414970924649, 0.056099070961024025, 0.17533416946425895, 0.030911493156102331, 0.10385668944242649], "hpss_f": [0.073439201609080795, 0.059160459186341607, 0.12134112556009036, 0.015098276842597342, 0.1285547602738141, 0.032514508082757715, 0.05021273750532642, 0.15623380469398554, 0.055714848399872556, 0.17709858820328267, 0.028960402919571398, 0.10167128672327952]}