{"deep_f": [0.12830097730146453, 0.0084276106297431225, 0.18707006947536542, 0.0015844112214578108, 0.12958776107046049, 0.01402615989315511, 0.043677935455448097, 0.23613008464036259, 0.0018655355184913434, 0.10253539221960165, 0.0020208620875222499, 0.14477320048692768], "deep": [0.12873475067804568, 0.0087520645764302043, 0.18626881102449022, 0.0016335209025596605, 0.1302414533214229, 0.014269443012025792, 0.044667467725355139, 0.23365409248913296, 0.00192850272400137, 0.10550840602552168, 0.0020502844191003923, 0.14229120310191404], "standard": [0.090184300330421047, 0.070215039716152089, 0.14049576931028643, 0.029641254800956366, 0.072663003688516817, 0.0428720151295095, 0.1051899088834659, 0.13759791679744943, 0.054600304265367369, 0.10443277438364708, 0.05258807169437027, 0.09951964099985762], "standard_f": [0.089865641511212846, 0.069443413349245503, 0.14599251310399725, 0.027416921686542473, 0.070279288352633876, 0.041564145174794703, 0.10614554657512024, 0.14488039634220742, 0.053481023813596804, 0.10448353872496494, 0.050390935622757135, 0.096056635742926805], "hpss": [0.082297237630733655, 0.067910672076925888, 0.15067441995656997, 0.019642856590211297, 0.072294511190786614, 0.031839893346334976, 0.11717578709345042, 0.15951692103142834, 0.047031645362569145, 0.099620114186912564, 0.041838867027664393, 0.11015707450641274], "hpss_f": [0.082735354872816677, 0.066819450966732599, 0.15405120336631861, 0.018644256513370722, 0.071678643799337069, 0.030849594546452374, 0.11627709337859854, 0.16388751177608038, 0.046415403982325638, 0.099557622181751945, 0.040348019756934854, 0.10873584485928089]}