{"deep_f": [0.0092707417997930832, 0.042836538528518084, 0.24469520544349047, 0.0015296879221647539, 0.082677126844669296, 0.0038629292620845626, 0.15778325564808873, 0.13151299857085946, 0.0030649344459678101, 0.19068256610337447, 0.0013899215159274688, 0.13069409391506182], "deep": [0.009337815830019856, 0.044196032894240664, 0.24225837006857406, 0.0015831290314167186, 0.085283627480869414, 0.0038997241998330787, 0.15494446002178228, 0.13279642931341656, 0.0031888807890107884, 0.18971826001298153, 0.001437163374908288, 0.13135610698294672], "standard": [0.068749339209895025, 0.095379643018026886, 0.13319371625170623, 0.03068838672523309, 0.093160684202258329, 0.048435408927436495, 0.11545866867465007, 0.070300376391456157, 0.058476815140136189, 0.14716103238821993, 0.052140905437393976, 0.086855023633587755], "standard_f": [0.06608611328962255, 0.096294376348097926, 0.14419178889261702, 0.029405884215374319, 0.089689996777173986, 0.04551531254665981, 0.1179826663023168, 0.068646418863254816, 0.054081986329780583, 0.15585037965428669, 0.049245989976767046, 0.083009086804048615], "hpss": [0.050649826456269378, 0.1043683052885466, 0.14234054874475194, 0.021180646583978023, 0.10049673318117909, 0.038648102746904354, 0.13292218170054032, 0.068660315029160146, 0.051412258958885647, 0.1585799052610013, 0.039587970135367932, 0.091153205913415275], "hpss_f": [0.048583752799555957, 0.10468382608748747, 0.15135934190133624, 0.020582389421475212, 0.098238024144512784, 0.036133129531307824, 0.1339949041410832, 0.066995938644422146, 0.04772830835886676, 0.16621225742034915, 0.037105157273093985, 0.088382970276509307]}