{"deep_f": [0.064153843050103729, 0.0080157847228807134, 0.22673138898319992, 0.0012533414193543646, 0.11167609059828752, 0.012955183768712618, 0.034811851763049621, 0.25431978513488646, 0.0023015583128600569, 0.071539566632097443, 0.0016734340517095797, 0.21056817156285801], "deep": [0.065614112348538783, 0.0086592545486124089, 0.22427010949289483, 0.0015998141498585342, 0.11303971092198102, 0.013531279198811485, 0.036106606365414844, 0.25125352909914594, 0.0027292317214886717, 0.074696695308625674, 0.0020174499836718715, 0.20648220686095592], "standard": [0.072874032474288114, 0.058632097068770817, 0.15419111538213182, 0.034382226966902601, 0.079285424333463417, 0.041570644932602215, 0.08643333965316341, 0.12764548023122224, 0.064491011529989484, 0.11451462657715555, 0.04946980722508651, 0.1165101936252239], "standard_f": [0.069922341884538219, 0.056814008269769047, 0.16274732496267164, 0.032025552854842106, 0.079679168430121808, 0.040262845787034769, 0.084430494643992618, 0.13509653186752132, 0.064165227202036018, 0.11443402332440653, 0.046316860165484884, 0.11410562060758131], "hpss": [0.057059235534149842, 0.052857824656933679, 0.17318926678216548, 0.025293732806836954, 0.080552253751511857, 0.02834916569705842, 0.091629958666870515, 0.14771404622290998, 0.060045208224451023, 0.11281803984430572, 0.036287888291859575, 0.13420337952094702], "hpss_f": [0.055331699776359468, 0.051434760092449343, 0.1805298871849321, 0.023427822456026932, 0.081367187230826629, 0.027096335408786327, 0.089852530928990038, 0.15263734601936263, 0.060102698576859737, 0.11253099109089705, 0.033879405528353605, 0.13180933570615611]}