{"deep_f": [0.025180808127756353, 0.015443575316069921, 0.27213007465185507, 0.0013836894617223771, 0.058190828989115095, 0.0057332629064161672, 0.18324517376712982, 0.12280522406249963, 0.0023105343405914885, 0.19892657987487797, 0.001548965810900861, 0.11310128269106519], "deep": [0.025512504852640092, 0.016136622352034564, 0.26990731565204112, 0.0014422399771005718, 0.060676602911340215, 0.0058794771455418027, 0.17956028688289952, 0.12542058680756527, 0.0024109802751884524, 0.19697648618620259, 0.0016146715266873351, 0.11446222543075849], "standard": [0.070430706892878558, 0.09341354042294335, 0.13934859321309309, 0.025750669812620655, 0.089294595063555443, 0.047465661165715933, 0.11708228351192597, 0.088072721027176323, 0.057233061270391745, 0.13394487549462497, 0.057106019089266102, 0.080857273035807795], "standard_f": [0.067954900302113652, 0.093604143743480694, 0.14872523913655428, 0.024290616780938117, 0.08524282278507006, 0.045172908107272182, 0.11984129289403611, 0.091250245276145683, 0.054344175299036658, 0.1396644712662905, 0.053988814580617661, 0.07592036982844437], "hpss": [0.05295939558869299, 0.1036608484560546, 0.15474971672525972, 0.013755435198316677, 0.094890097263277365, 0.035983493049012216, 0.13663545747701833, 0.090828613069089639, 0.046300144583545082, 0.14373320848575044, 0.044362136726155355, 0.082141453377827703], "hpss_f": [0.051065806023949535, 0.1027647208930272, 0.16203470287126406, 0.012815799269403939, 0.093064243645290534, 0.034121555808905871, 0.13666854992451918, 0.093256487334585317, 0.04470467537689371, 0.14853729885325337, 0.041620455032375672, 0.079345704966531663]}