{"deep_f": [0.14998464447259929, 0.0031980189151148458, 0.20955197788527177, 0.0020015523170130692, 0.10333738700006709, 0.022042381794016179, 0.039402173107507182, 0.24753013802254187, 0.0015251986239333229, 0.083317924766345003, 0.002828790366876503, 0.13527981272871378], "deep": [0.15205858420726481, 0.0032702188192240658, 0.20831840375602614, 0.0020522175967717226, 0.10423121688173381, 0.022393326203452798, 0.039748682831218442, 0.24587057193139719, 0.0015677145011750283, 0.085111994978280064, 0.0028723259360775495, 0.13250474235737836], "standard": [0.096563788867562325, 0.072573673601407707, 0.14922206874288335, 0.025650457693218765, 0.065442447787188093, 0.036557701582319906, 0.097526001693990491, 0.14820337355475663, 0.054027925164151017, 0.11589299911619229, 0.050315839691562739, 0.088023722504766533], "standard_f": [0.097073507576361073, 0.071014757155961672, 0.15545273218733147, 0.023088235182036003, 0.063949375209620116, 0.034974117701161489, 0.096759519512422759, 0.15611100234332714, 0.05408024590949994, 0.11744123973138933, 0.047753349463128238, 0.082301918027760546], "hpss": [0.091604098377202639, 0.072279147045576947, 0.1657197026995561, 0.015218620564298619, 0.061261876915354486, 0.023472437474414878, 0.10738584385598771, 0.17267337176159711, 0.042712156949096754, 0.11751253903608819, 0.037181117902197115, 0.092979087418629522], "hpss_f": [0.094069927462178182, 0.071795641217046652, 0.16982357726775318, 0.013317295178305405, 0.060795829609671552, 0.022178579185804868, 0.10643211162400208, 0.17590887096682137, 0.042603074008027111, 0.12007985089022589, 0.035676447814458875, 0.087318794775704908]}