{"deep_f": [0.025597188284141519, 0.020881828407664824, 0.26110157427436015, 0.0014367887911012716, 0.066482130679289111, 0.0056590811627127225, 0.16836786599125428, 0.13537692320827649, 0.0025365040140027831, 0.18412389149385774, 0.0015785613672580957, 0.12685766232608112], "deep": [0.025925326223078079, 0.021953836546513943, 0.25835413006814134, 0.0016190625650617425, 0.069585662688682534, 0.0059362396547889273, 0.16511593977007294, 0.13663312070755962, 0.0028325119211285456, 0.18318659748509256, 0.0017714355575965139, 0.12708613681228326], "standard": [0.075577896856754936, 0.089292586312591335, 0.14300331223523127, 0.032594774418098188, 0.082205428850463072, 0.042263738317576946, 0.10903893929905571, 0.07334423673729816, 0.056213198744331443, 0.14122668018945883, 0.053381407911241824, 0.1018578001278983], "standard_f": [0.073212955992501647, 0.088305912176448981, 0.1554388638173155, 0.030736568899608217, 0.079673300636091571, 0.040517498019443113, 0.10879511286690419, 0.074456784548328769, 0.054252764804169837, 0.14560263051730682, 0.050536521526845471, 0.098471086195035848], "hpss": [0.060154057882592593, 0.096353730449091346, 0.15802277895074457, 0.024146134640671391, 0.085559828398407506, 0.029456699715594708, 0.12438591387105807, 0.070565070907420327, 0.045597557272836028, 0.15426754682653024, 0.040752260765698392, 0.11073842031935503], "hpss_f": [0.058436653575101229, 0.095408458544254449, 0.16656139386822583, 0.022775679550667685, 0.084451329102245773, 0.027779804954543748, 0.12417542624287288, 0.07125981171096181, 0.043847849904314194, 0.15815059145377872, 0.039073455700746891, 0.10807954539228672]}