{"deep_f": [0.025628944505834854, 0.016020784696448503, 0.25220543736623119, 0.0004213442644787156, 0.082317551292521315, 0.00518491633100458, 0.087038129264308414, 0.22629461896454106, 0.00086724062150683083, 0.12705281709963773, 0.0008483655499562907, 0.17611985004353037], "deep": [0.026271372039478658, 0.016332736667046058, 0.25145434940736022, 0.00043850475224497469, 0.083119645863191594, 0.0052577347611170305, 0.08709382296615395, 0.22544202262099008, 0.00088436059036851498, 0.12814988762987636, 0.00086737379588131848, 0.17468818890629126], "standard": [0.060755222694387552, 0.065246452866735222, 0.14207801935746306, 0.030080071956740721, 0.093513268878717706, 0.044329673842614381, 0.10448025477975006, 0.1189746246483835, 0.049334731456993255, 0.1316359988924872, 0.047311912223807331, 0.11225976840192005], "standard_f": [0.058393730671160916, 0.063982126680368331, 0.14997763318524526, 0.02812498561308166, 0.090265254823955032, 0.042957686584829097, 0.10507967359205266, 0.12540329720152565, 0.048369236741145669, 0.13402973025562526, 0.044863761030840749, 0.10855288362016985], "hpss": [0.046204249244472223, 0.062217471892532669, 0.15219761668632056, 0.021461808134083438, 0.10033436895856758, 0.034453565262703441, 0.11437341977381829, 0.13064261624401377, 0.040179453825925138, 0.13811421992380604, 0.035192838821473747, 0.12462837123228312], "hpss_f": [0.045016731289158181, 0.061470697772337213, 0.1590370590891268, 0.020194703124256214, 0.096917789216565631, 0.033468547308434807, 0.11438611118040312, 0.13593318609845523, 0.039707203620806833, 0.13945333686163366, 0.033504434976456055, 0.12091019946236627]}