{"deep_f": [0.015921380191582811, 0.022693555310877453, 0.28356162259393763, 0.00027308101388990534, 0.037861427055118926, 0.0027652691686749688, 0.22356370454899593, 0.097565503641709753, 0.00040060499373825796, 0.24536650853359132, 0.00045314329603785122, 0.069574199651845081], "deep": [0.016124998197965153, 0.023156685065355127, 0.28285471930911021, 0.00028023735374277907, 0.038619737928884082, 0.0028079263953564256, 0.22239334798308846, 0.098094981236129017, 0.00040820632606940177, 0.2451779363720876, 0.00046218564682571961, 0.069619038185385992], "standard": [0.083117235643492993, 0.085646091463055227, 0.13813811847450874, 0.027733143366935435, 0.087599793287683692, 0.046987963013110867, 0.10341147840370028, 0.077693671619700408, 0.046990376023085131, 0.16712828304092345, 0.055525133165851705, 0.080028712497952195], "standard_f": [0.081783580431766312, 0.083063769605830062, 0.14851686144210416, 0.026334733282193365, 0.086044148837370424, 0.044962418862518998, 0.10241675023672479, 0.07888581194644155, 0.045273464750706274, 0.17424733187797017, 0.051347835276357251, 0.077123293450016728], "hpss": [0.071900279182884982, 0.090243297375247181, 0.1475929827795292, 0.017484880590099179, 0.092421721268325444, 0.037319477164094457, 0.11655940372696133, 0.076865958486829963, 0.037119677886063643, 0.18638828167513288, 0.044504390439252993, 0.081599649425578916], "hpss_f": [0.071318890224024378, 0.087188999344413987, 0.1567006885726287, 0.016412520780185662, 0.09142797460434883, 0.035615748014394523, 0.11477259330669284, 0.078855671725256357, 0.036543052683637216, 0.1903212466134464, 0.040797325810135517, 0.080045288320835628]}