{"deep_f": [0.058272536089314861, 0.0078239393921706018, 0.1574486815313485, 0.00067211332942960817, 0.202868699737177, 0.0037494318118154119, 0.049508160981355527, 0.23315939990908344, 0.0028292016143828861, 0.090550971119082141, 0.00082160916085349909, 0.19229525532398647], "deep": [0.059274300274477963, 0.0081573385861311593, 0.15761083039979751, 0.00083167839069490284, 0.20204647808978676, 0.0040148010821036747, 0.049525221791017586, 0.23209426985421172, 0.0030956151403588525, 0.091621097823057343, 0.00096019797171717459, 0.19076817059664536], "standard": [0.078436158452184837, 0.064959734083498685, 0.1253869459197178, 0.030497202338073771, 0.095691700384112316, 0.048638945294650605, 0.094279070161305614, 0.10938898299215896, 0.056247313996296996, 0.12918177761958799, 0.050154880048864377, 0.11713728870954826], "standard_f": [0.074968631105926456, 0.064018628240294459, 0.13171698007363863, 0.027980646084095444, 0.09334623930549206, 0.046631527152138447, 0.094181884721136491, 0.11780779864140208, 0.055255954506272922, 0.13315948575954492, 0.047163675588569501, 0.11376854882148869], "hpss": [0.066383099507101029, 0.061732082648744011, 0.13083697739133451, 0.020770305816151444, 0.1032306142251217, 0.041481802173202548, 0.10310131363950954, 0.11992168143842262, 0.049855705102569384, 0.13419779663614068, 0.037013022510814439, 0.13147559891088814], "hpss_f": [0.063689833168917159, 0.06039290380514007, 0.1368523000853312, 0.018716785452020414, 0.10135678531584312, 0.039783386085128027, 0.10196617761782603, 0.12744589987766228, 0.04966868345757703, 0.13670715694504559, 0.034474983131469288, 0.12894510505803977]}