{"deep_f": [0.048843932414520952, 0.029657594514848097, 0.20581660023992818, 0.0032304619546486306, 0.12714005813585191, 0.018997098182933842, 0.047610049363460548, 0.20591683839472649, 0.0045320762331570409, 0.1462818229450373, 0.0038123844012258571, 0.15816108321966102], "deep": [0.04914502425855774, 0.030712148288784463, 0.20422185449601232, 0.0033173982683906392, 0.12881648505994303, 0.019103134147408222, 0.048517814627132005, 0.20229250137610927, 0.0046670894854620578, 0.15123630400149196, 0.0038796698861121841, 0.15409057610459612], "standard": [0.059743043510111858, 0.063257469196642255, 0.12899474492856217, 0.030992188071467221, 0.10132070231928546, 0.037502484904294642, 0.068811000498398986, 0.11213804073830243, 0.060978891630969569, 0.17742843906991404, 0.048314580462688168, 0.11051841466936319], "standard_f": [0.055561585901860971, 0.063873145433028355, 0.13156875013031699, 0.028514656424900791, 0.10233503315249073, 0.034542893991132993, 0.065584625329779309, 0.11302427981585533, 0.059475924571924868, 0.19697128135537381, 0.04527759793045643, 0.10327022596287948], "hpss": [0.038499672121957228, 0.061890395360654112, 0.13734206406041796, 0.019522505598519375, 0.11342934088229338, 0.023990013454504504, 0.066963303207252661, 0.12715853844860253, 0.053817573054372424, 0.19983204661085435, 0.034892004880611303, 0.12266254231996018], "hpss_f": [0.037140794072349749, 0.062650129079388397, 0.13872013577743178, 0.018604161269883453, 0.11353240266621235, 0.022355810284867279, 0.06519755883676244, 0.12562707615450472, 0.052829414280612601, 0.21116027124482847, 0.033789139983154748, 0.11839310635000405]}