{"deep_f": [0.071272180102825322, 0.014100607450243502, 0.22807414582575625, 0.0033805667678789629, 0.10093542902573269, 0.028728049299468063, 0.042996238602364456, 0.21295359025545099, 0.0039960204609407407, 0.13351146002471345, 0.0047522787507038814, 0.15529943343392175], "deep": [0.074114750553071693, 0.014610785957583835, 0.22515127025644308, 0.0035291520270786226, 0.10328414396397413, 0.029541974920487636, 0.043844003942759578, 0.20822780083897516, 0.0041440211061891923, 0.13971149011916001, 0.0049134220650542855, 0.14892718424922277], "standard": [0.063135195876919958, 0.060998893314194842, 0.12870315275497218, 0.029893547394018935, 0.09059090520288407, 0.035761444844993363, 0.071554973801224761, 0.12165118200470278, 0.062075010331336659, 0.17613297000870637, 0.049302970578107522, 0.11019975388793864], "standard_f": [0.058174317358868043, 0.060838221508216106, 0.13135479640353104, 0.02748426990070434, 0.089184583114167507, 0.032953394679786412, 0.068029975491384578, 0.12612737055132159, 0.062234320639530265, 0.19393291469872992, 0.04596917810158959, 0.1037166575521707], "hpss": [0.043718023534782234, 0.058779937270501154, 0.137660477470749, 0.019420335869133953, 0.10032435145451052, 0.022394766676046635, 0.070404072247267566, 0.13891779873607726, 0.054629543691476198, 0.19718144327773207, 0.035230056659721357, 0.12133919311200178], "hpss_f": [0.042164927949457975, 0.058464309263792591, 0.13973562841396622, 0.018290796782546581, 0.099587822201371176, 0.020743012593730421, 0.068163699177197085, 0.14043943624140118, 0.054383336010265106, 0.20720269590150123, 0.033409969948629555, 0.11741436551614091]}