{"deep_f": [0.083740761890014295, 0.023408750178722289, 0.1979748322901167, 0.0032059410883058114, 0.12753128287079227, 0.020885356607464628, 0.042026887271704054, 0.20336568171377725, 0.004319212154445487, 0.14661438242172725, 0.0036834652761355883, 0.14324344623679441], "deep": [0.085975607277165217, 0.024438762054016253, 0.19334896581461522, 0.0035961152961922578, 0.13158398682371039, 0.021248166333200827, 0.043317004260225812, 0.19845448268262661, 0.0048641675753247019, 0.15217844217592891, 0.0040293511183956852, 0.13696494858859809], "standard": [0.071899403785592689, 0.077644907731960894, 0.12615984669081889, 0.030358207819689342, 0.091821313617255026, 0.038109301826772371, 0.090674437491146426, 0.11735599234851368, 0.057825694977762444, 0.14048828818165812, 0.050431694508304946, 0.10723091102052519], "standard_f": [0.06551996961102162, 0.080805714949812021, 0.13009097090980287, 0.02747532773715463, 0.09232964101432474, 0.037015771163746665, 0.092840335334524154, 0.12078718233477952, 0.056877444243781945, 0.14860849409028754, 0.047708050956832962, 0.099941097653931305], "hpss": [0.056917830628507492, 0.079726172407519211, 0.13387322292852452, 0.02059832697374275, 0.099751348404880369, 0.025903231271121083, 0.097193715521875834, 0.13148594565499663, 0.048973465541829686, 0.14950616262245656, 0.03844902011441801, 0.11762155793012766], "hpss_f": [0.054840655558518345, 0.081340580483100805, 0.1368011186658363, 0.019324522461692042, 0.10054369009917657, 0.025188792487579267, 0.097064798574412123, 0.13128870891320268, 0.048157082348776512, 0.15473970091372885, 0.037018580222908076, 0.11369176927106836]}