{"deep_f": [0.0070143185837618256, 0.011477744321178308, 0.29428568143232747, 0.00042485754887277687, 0.021125180566922509, 0.0020130812665890212, 0.23266439956366569, 0.096685434180471042, 0.00057009670728287308, 0.20943233792207175, 0.00042779572606857264, 0.12387907218078807], "deep": [0.0070579720546232729, 0.011741703157330492, 0.29394931469335978, 0.0004305685775255507, 0.021580343505243106, 0.0020366240843897104, 0.23224520716845823, 0.096733495666670777, 0.00058232105031243056, 0.20950033454540415, 0.00043904554293665147, 0.12370306995374585], "standard": [0.068790298192396723, 0.082824521665920428, 0.12224358522012162, 0.030063345012978096, 0.087910548141822989, 0.048784876965711703, 0.11629152353144286, 0.05751767452116259, 0.049461070080255423, 0.18373801764929146, 0.057466638696749547, 0.094907900322146466], "standard_f": [0.066264670399793779, 0.083496338267913903, 0.12690937553767831, 0.027392581407366896, 0.088290742336681438, 0.046587826248644791, 0.11718643589882297, 0.055233466273959496, 0.046883335379215539, 0.20016538817831908, 0.055048499032623432, 0.086541341038980354], "hpss": [0.054415733101131125, 0.087379192023744431, 0.12810133365741139, 0.0214364533031303, 0.095586815738237171, 0.037836257372840812, 0.13409150694477232, 0.048301108243292062, 0.039687849446111166, 0.20685014648969077, 0.045010810320226399, 0.10130279335941185], "hpss_f": [0.053442927739370046, 0.087161903112254149, 0.13434494424259211, 0.01976714226374178, 0.095234203211494783, 0.036516846267547115, 0.13414110200384663, 0.047199352348843863, 0.038440613101499412, 0.21509073801638254, 0.04340214076906173, 0.095258086923365862]}