{"deep_f": [0.029616764262482807, 0.0022451390110924162, 0.28446880238621003, 0.00042435456736727436, 0.051649489972947916, 0.0083687496327428217, 0.034322896382146091, 0.28882816038837722, 0.00051673438377585401, 0.040132086836866199, 0.00098696148426578238, 0.25843986069172559], "deep": [0.030468852769858831, 0.002352874006951812, 0.28372229074447858, 0.0004389635008310187, 0.05233002447274037, 0.0084865586160977301, 0.034796225305513143, 0.28786374844168705, 0.00053023109530413626, 0.04135391181298273, 0.0010178106827011088, 0.25663850855085352], "standard": [0.073120119403777883, 0.052458910534428999, 0.1458454422165707, 0.035278381824548649, 0.065739455982825296, 0.043577372393615081, 0.087886404986182567, 0.1264815935786465, 0.057004757086867787, 0.14091120318360306, 0.050634178660317913, 0.12106218014861557], "standard_f": [0.070638543034336518, 0.050917479425630213, 0.15974616089182109, 0.031740810617449031, 0.062245676251595099, 0.041958417136478438, 0.086850683707004855, 0.13479387922456007, 0.054357919140922827, 0.14480880460311682, 0.047137829648386823, 0.11480379631869818], "hpss": [0.057277398311853661, 0.043182916073167862, 0.16215049464866929, 0.027120399715770228, 0.064410747524731596, 0.028453588370345333, 0.095387483883342283, 0.14608750626048045, 0.048645415756563171, 0.15005315126700439, 0.035703807329374476, 0.14152709085869727], "hpss_f": [0.05620274833816144, 0.041907030003272984, 0.17366990969914009, 0.024264323955393182, 0.061704898690907131, 0.027370259831579032, 0.094595589141015735, 0.15252159628830494, 0.047405038270452206, 0.15106921633602646, 0.033245034415555402, 0.1360443550301913]}