{"deep_f": [0.058153268527942073, 0.02118183378085799, 0.24920443673081424, 0.00040511778408589883, 0.067539824934060841, 0.0055329015835438623, 0.18758295048886875, 0.11239132387579957, 0.0005652180359826365, 0.23758244505736534, 0.00085867480047662436, 0.059002004400202063], "deep": [0.059110139912532125, 0.021546214159383778, 0.24812480190980915, 0.00056951488879492787, 0.068406612625856303, 0.0059110995127670991, 0.18573270988103269, 0.11303753899941742, 0.00078190531661191122, 0.23659947676936688, 0.0010389654855225766, 0.059141020538905013], "standard": [0.077380514602501449, 0.078950086361546171, 0.13223203551488943, 0.025731557155402627, 0.083523145155378245, 0.05202878877151515, 0.11623509332676887, 0.091943134457487447, 0.053954655120884543, 0.15575726469102558, 0.052689134616835491, 0.079574590225765046], "standard_f": [0.07544175793547428, 0.078688145214265273, 0.14069898663576741, 0.023249133393308231, 0.08114921728614008, 0.050150914827487007, 0.11908709086698765, 0.093623045118879478, 0.05073222265063216, 0.16453542005505353, 0.050100559554574382, 0.072543506461430693], "hpss": [0.065341103162516859, 0.081779657668245964, 0.14058788449252105, 0.015422366386868221, 0.089586826596811484, 0.043383654141746206, 0.13354913370651048, 0.095682139431942648, 0.04627690979476063, 0.16885477757207221, 0.038606774207379381, 0.080928772838624721], "hpss_f": [0.065623925004918732, 0.080986955980568667, 0.1495365597703224, 0.013259134673613017, 0.086731495870986497, 0.042002498706158617, 0.13328155961538959, 0.099245284685748697, 0.044737065720043892, 0.17337954170118228, 0.036365761933222385, 0.074850216337845193]}