{"deep_f": [0.049937245372456716, 0.0032102126747660248, 0.28408012937585597, 0.0012726213192529544, 0.038617126854335868, 0.021811118512725408, 0.049193088001840309, 0.26435810175836705, 0.0012595396823401705, 0.06446083042890273, 0.0025831863307531934, 0.21921679968840363], "deep": [0.052544193771718629, 0.0033623118077485492, 0.28213327575110608, 0.0013364062593296774, 0.040019342811794936, 0.022086008552287623, 0.050980933057566201, 0.26136549487216709, 0.001317542731536393, 0.0676634369953171, 0.0026379619155384626, 0.21455309147388929], "standard": [0.079996060642254327, 0.069009084211259231, 0.15340478718365902, 0.027572651510888557, 0.069451626341119607, 0.036731167287866878, 0.088456180015202127, 0.15418730593265614, 0.057374970897826311, 0.13457072078962784, 0.047211344150438019, 0.082034101037201948], "standard_f": [0.077809698794069806, 0.066540255580472787, 0.16045604541170633, 0.025593309425235567, 0.067422978031480368, 0.034707471152870296, 0.086487069564177524, 0.16398374538230334, 0.057736139328458717, 0.13724852536092116, 0.043749250451062593, 0.078265511517241329], "hpss": [0.069275565111987306, 0.07080233677003149, 0.17338522023392469, 0.015546874342902672, 0.067403967757667257, 0.02122088924955904, 0.095092122130319645, 0.18321784003852828, 0.049313634420235418, 0.13910858501608289, 0.03168473109250862, 0.083948233836252828], "hpss_f": [0.070279004242582196, 0.069835183301056397, 0.17943158443646318, 0.014302496740801416, 0.067128339680220653, 0.019594159829561027, 0.093780766529796777, 0.18546095757646752, 0.048856012590420189, 0.14154581513838344, 0.029639214812337177, 0.080146465121910024]}