{"deep_f": [0.075036488887681649, 0.024462838111077686, 0.24977174158581078, 0.0012993583432038217, 0.065838767621291136, 0.01044580867342321, 0.19571210910626713, 0.079085687562493387, 0.0018382762907452215, 0.24636249132032201, 0.0016949990699523341, 0.048451433427731699], "deep": [0.077795899794099801, 0.02432520607040059, 0.24744168162673058, 0.0013440125349335717, 0.068025594190698299, 0.010824650678444033, 0.19192550534910305, 0.081362838581247002, 0.0018969996250071824, 0.244409520846159, 0.0017712625566283472, 0.048876828146548562], "standard": [0.084169815471196147, 0.081102175838866475, 0.13961671656696914, 0.025777528729191489, 0.10169911813126339, 0.048730854859060542, 0.10377339118740024, 0.084716987760185519, 0.061782991538542123, 0.12824543609423894, 0.05836153246069465, 0.08202345136239117], "standard_f": [0.082634635460106381, 0.080432313307972764, 0.14589651288495228, 0.024248701234003328, 0.097660032227280258, 0.045702676306817819, 0.10602808583802263, 0.088750262532253363, 0.058843155723906942, 0.13554521393093547, 0.056121562145750314, 0.078136848407998477], "hpss": [0.07263577435872319, 0.087875381091249136, 0.15506332598636782, 0.012143475945039841, 0.11544786485890134, 0.034798894825961567, 0.11917479941690627, 0.085883489936263796, 0.054305039114689625, 0.13355834517760093, 0.045543855148592854, 0.083569754139703398], "hpss_f": [0.071927396539209293, 0.087845392703260833, 0.16049494024301578, 0.011291921242983588, 0.11176790877543742, 0.032500924801373753, 0.12020061994076681, 0.088465355970137563, 0.051916230884293743, 0.13938252089083142, 0.043859076916290242, 0.080347711092399507]}