{"deep_f": [0.048717009457731539, 0.0084315662434958465, 0.26217637694440449, 0.0013238522572793011, 0.063483668872293703, 0.013567061109111177, 0.043869450207425144, 0.26763268326430012, 0.0013812711945571923, 0.061868407398416168, 0.0022537078292573583, 0.22529494522172785], "deep": [0.049613884769435311, 0.009224257780946897, 0.25997937515181707, 0.0016476058752168702, 0.065055328074039936, 0.014025890206929939, 0.045380136540295886, 0.26421747819048352, 0.0018144616690011798, 0.064985368393774182, 0.002564232872544528, 0.22149198047551469], "standard": [0.083201600192354494, 0.064170979877029771, 0.11870712325436315, 0.037643578694400291, 0.088792342729877863, 0.041182615418403686, 0.081417103287625886, 0.1214462310156509, 0.059364815100441032, 0.13059476806397421, 0.059783240467945073, 0.11369560189793382], "standard_f": [0.08385019899107056, 0.063279178900811583, 0.12192655604847653, 0.035549986960695175, 0.088750190565327708, 0.039363569891645675, 0.079281461996788358, 0.12676395698044488, 0.058930310307945072, 0.13301350163377423, 0.057295602395574186, 0.11199548532744592], "hpss": [0.070515055345567748, 0.063118127507048011, 0.12430898594079118, 0.029159534700149561, 0.094613972981080804, 0.025681922646175963, 0.08712815155434453, 0.14124022128529359, 0.052886480304959592, 0.13311108680306666, 0.047608160288075692, 0.13062830064344658], "hpss_f": [0.071882537136093966, 0.062779847528773525, 0.1269140873064615, 0.028054733698249151, 0.094203343480233889, 0.024069700482902821, 0.085419825059597512, 0.1438958708342849, 0.052254589968460829, 0.13495457709508882, 0.046054816989121554, 0.12951607042073149]}