{"deep_f": [0.011918941861086833, 0.028223967547868462, 0.25700769728711875, 0.0010622210809107786, 0.06961845348397247, 0.0043994969004823442, 0.14098087008948348, 0.16145705898449775, 0.0016906771944018523, 0.1761816614810793, 0.0010748262578641284, 0.14638412783123381], "deep": [0.011961812381815652, 0.02913780673206293, 0.25538288472419712, 0.0010863928448410192, 0.071380204286688079, 0.0044458816775355819, 0.1391251700870407, 0.16210003729871569, 0.0017367691577117202, 0.17611914839321324, 0.0011005215951300634, 0.1464233708210482], "standard": [0.058611805914336061, 0.090878282521981033, 0.14299927801150178, 0.025342793558879053, 0.075092951723710041, 0.047561108387452609, 0.12167742056402762, 0.10641479011047364, 0.052463701071078575, 0.14559848286881236, 0.048928474042362044, 0.08443091122538518], "standard_f": [0.056062346048100932, 0.091269578471142768, 0.14943026720945993, 0.02359592702957123, 0.071442804024215822, 0.04528218489962612, 0.123627800170569, 0.11063786984335244, 0.050395468039044676, 0.15020780130044203, 0.047032478412840223, 0.081015474551634825], "hpss": [0.038979499833057929, 0.096433947720940535, 0.15426618499760031, 0.014577091185004339, 0.074673359067038952, 0.036440215493468722, 0.13969153005616902, 0.11762541012022946, 0.044752662271293563, 0.15778560654351459, 0.036254284495018059, 0.088520208216664453], "hpss_f": [0.037550944011196546, 0.09739153630428099, 0.15996812096618118, 0.013688713672765146, 0.072116183873591519, 0.035275497461804917, 0.14045316606700656, 0.11960389686623289, 0.043360809329582944, 0.16100298329939861, 0.034945370530363368, 0.084642777617595186]}