{"deep_f": [0.08163296002523629, 0.010199960844164198, 0.21826358384012276, 0.00143023014631579, 0.11646727393857677, 0.015810479870650877, 0.0294913708192527, 0.24494507384316772, 0.0019941715126597062, 0.095189469620035369, 0.0018817299415803011, 0.1826936955982375], "deep": [0.08369133549437073, 0.010532921369987803, 0.21580515810617512, 0.0014687179058320518, 0.11872754070366791, 0.016048453377550436, 0.03013566657465332, 0.24233331447989262, 0.0020558964948225694, 0.098416295020954933, 0.0019141624221970187, 0.1788705380498955], "standard": [0.0718525930763666, 0.06136376370657011, 0.15895664521228312, 0.028666157624189822, 0.084840829786276509, 0.039068476842315777, 0.075658723219810042, 0.13085086876006996, 0.060882815582822963, 0.13633405703346421, 0.048683346790022099, 0.10284172236580882], "standard_f": [0.068965731842990166, 0.059412682134726419, 0.16906530500500297, 0.026647036475902223, 0.082746918228900387, 0.037861976411200919, 0.074306207090817963, 0.1373287320959749, 0.060738744710063887, 0.13821685986390475, 0.045938564584497771, 0.098771241556017811], "hpss": [0.055464683647395346, 0.056167069386881159, 0.17651798524559853, 0.01825922822348313, 0.088499291685917039, 0.025255732846544209, 0.076165816992723318, 0.15315770154176508, 0.055485473220298127, 0.14370165686339587, 0.036133451594333274, 0.11519190875166499], "hpss_f": [0.053941511140510871, 0.054786851253965353, 0.1855226091460826, 0.017120799358114201, 0.086539152522345592, 0.02410290835561547, 0.075054673045090364, 0.15620855663422453, 0.055235402606476997, 0.14586528512092548, 0.034105478326749636, 0.11151677248989905]}