{"deep_f": [0.066809530097614006, 0.0063157761510703936, 0.22459859343907515, 0.0015404889834251955, 0.11748117199750342, 0.014603649957527458, 0.028070257317601627, 0.26250496896843151, 0.0024687660701368974, 0.061279779929960095, 0.00207461530526982, 0.2122524017823845], "deep": [0.068947620092874903, 0.0068472105869614381, 0.2222654436688499, 0.0018389571436869896, 0.11844746647542351, 0.015171778403672101, 0.029166565514465288, 0.25976287958381278, 0.0027952263295749871, 0.064435697747790191, 0.0023888798849357558, 0.20793227456795219], "standard": [0.076889023294364353, 0.058210275260311618, 0.15114515244454124, 0.035226362894076942, 0.087200576757640813, 0.041411933509914699, 0.083105833246819263, 0.1086464626523756, 0.062446960696008497, 0.11846149460882271, 0.050242003788570577, 0.12701392084655347], "standard_f": [0.073670441205476514, 0.05692670639709884, 0.16038703134097673, 0.032455252998197778, 0.088770628092098333, 0.039888533405009738, 0.080284015154421073, 0.1154183588922417, 0.06117187669161675, 0.1205222732819505, 0.046774647110549045, 0.12373023543036279], "hpss": [0.063224534711233751, 0.051791824854574751, 0.16796747992924005, 0.026868272221734324, 0.091759846780410811, 0.027110569336094754, 0.087926136070717253, 0.12185911782880683, 0.057320518862791575, 0.1179700705741123, 0.037402549097290717, 0.14879907973299297], "hpss_f": [0.061579820261717731, 0.051776013387787659, 0.17776227899004049, 0.024286487537835671, 0.092677587234293396, 0.026064615719976727, 0.084962728538105575, 0.12662230570772345, 0.056795916464838135, 0.12025434558651574, 0.03445806086106059, 0.14275983971010489]}