{"deep_f": [0.067372086173559248, 0.023023481233448367, 0.18224392658793448, 0.0088304953795586994, 0.12653355928418042, 0.021503258470154354, 0.037910307447520684, 0.23878608168342264, 0.0069553744097252714, 0.13999209555406888, 0.0091749036313503937, 0.13767443014507658], "deep": [0.069079285238789367, 0.023734345180052002, 0.17786000237007091, 0.0093055496019740797, 0.12844132731993663, 0.021704346545917123, 0.038419161379075813, 0.23645614492944403, 0.0072935465331434987, 0.14390094483118973, 0.0094058387141763462, 0.13439950735623044], "standard": [0.063939040679933751, 0.059773165275515718, 0.12654557511921291, 0.035706936016103183, 0.091262302776552229, 0.041788781970393991, 0.094364321989746355, 0.14147598948852058, 0.060837299453698548, 0.13020551069337674, 0.048571019995084917, 0.10553005654186116], "standard_f": [0.059614399224729574, 0.057317077515298964, 0.13237734391700653, 0.032376478812401369, 0.09078654504571694, 0.039635453853150676, 0.094581573371796013, 0.14982050433264105, 0.059848926467787403, 0.13673063834377436, 0.045064209705078198, 0.10184684941061885], "hpss": [0.048865021309114555, 0.056588694941765036, 0.13647281691436555, 0.024816544661815338, 0.096860201902437632, 0.030051293814977981, 0.10107023891224574, 0.16582460782053937, 0.051104560432794571, 0.13794428259432717, 0.034540935094631228, 0.11586080160098591], "hpss_f": [0.047588390055247676, 0.055116482745029359, 0.14100181648333843, 0.023017227525465769, 0.096363743297975049, 0.029038334451901109, 0.099943421811470701, 0.16965150640671034, 0.050940976668977428, 0.14161382434469938, 0.032865783958891656, 0.11285849225029325]}