{"deep_f": [0.018061524764842234, 0.028595182546299957, 0.2711199836034982, 0.0046282626463071026, 0.060052897030111067, 0.0094676339865242959, 0.22907348069882641, 0.033086005669118651, 0.0074249170368104519, 0.26558000417579714, 0.0042316300262210454, 0.068678477815643499], "deep": [0.018018730457284714, 0.029112929564741492, 0.26962852314483854, 0.0047538419512430166, 0.061550949800416678, 0.0096536563628888752, 0.2264216411734834, 0.033881045852555719, 0.0076293386534243175, 0.26487288285255167, 0.0043541374756892936, 0.070122322710882298], "standard": [0.057048779614710263, 0.087824236125359653, 0.12487423386258324, 0.035374271996618807, 0.10847104597452274, 0.05210970886525889, 0.12555202335589877, 0.050074059561839024, 0.05534440962640591, 0.17319875198492696, 0.056760981359605958, 0.073367497672269674], "standard_f": [0.05222632396539828, 0.084637231699700111, 0.13284177218784329, 0.032793934754384343, 0.11086884309402041, 0.049168177733586053, 0.12430723350541692, 0.045482595694712941, 0.053604401969240489, 0.19256082389316584, 0.051670071515462948, 0.069838589987068336], "hpss": [0.038103587333492617, 0.099154996559048983, 0.13462924905274709, 0.023260618140770763, 0.12179795138206545, 0.041075720158459346, 0.14702055473332371, 0.0367052936488124, 0.041601241839497059, 0.20139456758253046, 0.043847008954053017, 0.071409210615198906], "hpss_f": [0.035898234315083689, 0.095951736650001312, 0.14276885366801306, 0.022313121755231757, 0.12275316306691544, 0.039704106379831058, 0.14345364368547189, 0.033751490004389054, 0.041768344331287073, 0.20968589400878135, 0.040955508047530301, 0.070995904087463868]}