{"deep_f": [0.049484706886940115, 0.020775870596938351, 0.22655599619987124, 0.0077470816707385709, 0.085771330168482596, 0.021912308860607528, 0.071588734361295245, 0.19635690199966299, 0.0065030060832407255, 0.1557172749420751, 0.0069851558233291018, 0.15060163240681868], "deep": [0.052699648681392562, 0.021720494179277215, 0.22131444715269177, 0.008417310182769944, 0.088616518452109522, 0.022357623599465633, 0.072037667065498107, 0.19270605349701095, 0.0071299627941480885, 0.16103201480849658, 0.0074756946127219042, 0.14449256497441773], "standard": [0.072846629621685213, 0.067917468361404568, 0.12435878175435987, 0.040729924832402328, 0.07687197548947354, 0.04189828756647121, 0.10474599823579198, 0.12469249287826438, 0.058662074733646742, 0.13935613112653428, 0.053918783735403278, 0.094001451664562571], "standard_f": [0.069279334046877694, 0.066220662430999319, 0.13075100959750752, 0.036891508033787712, 0.076194354777584072, 0.038857053072279706, 0.10323662296078134, 0.13379771168115742, 0.058069978874874903, 0.14884093417117061, 0.049589850780586829, 0.088270979572392883], "hpss": [0.061121454516673925, 0.068872581573763067, 0.13180538735568045, 0.031558106469577803, 0.076498323974520777, 0.029272549626011835, 0.11675928644581937, 0.14265236923683408, 0.047670266203145913, 0.15268186839236322, 0.040797050523510625, 0.10031075568209905], "hpss_f": [0.060973869870148731, 0.067745234531389031, 0.1369184648028238, 0.029379729210534344, 0.076507287126468565, 0.027754955939226108, 0.11411339171474484, 0.1453770165995584, 0.04767971815162305, 0.15906278381906608, 0.038452818619975113, 0.096034729614442038]}