{"deep_f": [0.050390135997851332, 0.011560471111968028, 0.24730981224370246, 0.0045617242638310461, 0.059266784707590017, 0.039500145387769102, 0.051936823217270209, 0.23103788293483826, 0.0034954515266534818, 0.10441406289060706, 0.0052709795887562081, 0.19125572612916264], "deep": [0.051896550635548801, 0.012130526788674861, 0.24452743021837489, 0.0047311550323691273, 0.061873462360696865, 0.039264760508179626, 0.052766713262720526, 0.2288782405256978, 0.0036431132488804344, 0.10804080019199154, 0.0054356518567295672, 0.18681159537013597], "standard": [0.081393064221221265, 0.068472667918442365, 0.13839266483833979, 0.032426000303642753, 0.065036168086069213, 0.039287398944248854, 0.10291749049541547, 0.1384216860487463, 0.056345982992971083, 0.12414803821769609, 0.047194454111932745, 0.10596438382127397], "standard_f": [0.077279986588010802, 0.066303036597916393, 0.14528614781828683, 0.030075265380783856, 0.063130035330911632, 0.036337388179233217, 0.10288248307142815, 0.14780190728775733, 0.055640411698592691, 0.12741502941275035, 0.044153931263030237, 0.1036943773712984], "hpss": [0.072951851471784068, 0.067546558572513446, 0.1487255115031498, 0.022669119445868774, 0.063758502618129098, 0.030998064359880128, 0.11174275177915435, 0.15742335552905096, 0.046101658687780017, 0.12904440676171292, 0.036009900566550603, 0.11302831870442584], "hpss_f": [0.070717757177212653, 0.065496158474479357, 0.15449152030785784, 0.021282176698070015, 0.063280335857819822, 0.028165387172889498, 0.11076816205756372, 0.16157993273249002, 0.045469210460603468, 0.13248263833514692, 0.034160927902418828, 0.11210579282344774]}