{"deep_f": [0.081149690924877643, 0.017537277233231879, 0.21988470582384995, 0.0048450470363305105, 0.10920733035265885, 0.016199169358017958, 0.13391348546858778, 0.13650029139420541, 0.006762974957451387, 0.18037631359672393, 0.005804782103254121, 0.087818931750810583], "deep": [0.083961788164815171, 0.017919636123116481, 0.21556968383176295, 0.0050613960225460884, 0.11368418804927284, 0.016878401055535223, 0.12595247351994529, 0.14219183614788516, 0.0070170758124771197, 0.17646911119086559, 0.0060535162292403005, 0.089240893852537778], "standard": [0.09347426349705186, 0.077760775656892905, 0.14953520666649864, 0.031728573062826566, 0.10338408361026223, 0.037429826415421766, 0.091332297278470947, 0.075849997470068001, 0.064907490181904587, 0.12627482242898277, 0.048383311724643011, 0.099939352006976762], "standard_f": [0.093410989693279184, 0.076290337577618897, 0.15961052644452206, 0.029978030983835922, 0.10116918705709199, 0.034955375913198139, 0.091501997501540838, 0.078483717144797974, 0.061359111568290318, 0.12952474780550927, 0.045862751582878621, 0.097853226727436779], "hpss": [0.087947869417434529, 0.080451250006644603, 0.16510627497890709, 0.021189563537434519, 0.11383323718632153, 0.026329427986560728, 0.097126227799553003, 0.075360298562428804, 0.057905988573453304, 0.13260142782071951, 0.037475816924899083, 0.10467261720564335], "hpss_f": [0.088078808405423148, 0.078607242556866186, 0.17242592147358746, 0.020156914595073835, 0.11214790732147158, 0.024483786973501096, 0.096810204233301791, 0.07693741144963423, 0.055140553538909745, 0.13577771228743388, 0.036093988949436884, 0.10333954821536009]}