{"deep_f": [0.14825951754589894, 0.029584607296053597, 0.10619443982523186, 0.0076138780726997856, 0.20183124395192253, 0.022161058327261094, 0.035359937973297284, 0.18958139522334905, 0.0082585884925883511, 0.16428433019576236, 0.0075429565862942501, 0.079328046509641092], "deep": [0.14456442743226625, 0.030102166586297115, 0.10747695601645094, 0.0078092429700958423, 0.20034301249077485, 0.022370680385991746, 0.036062641097744395, 0.18831646948588898, 0.0084835539261236079, 0.16630088811050811, 0.0076419302506284311, 0.080528031247229737], "standard": [0.091614737975533989, 0.059720834084949909, 0.1231899061605838, 0.030912628728202066, 0.13309518714145044, 0.028991575524913417, 0.064845517641277634, 0.11596289544972935, 0.057733630104999371, 0.13110085879598488, 0.042312238758982199, 0.120519989633393], "standard_f": [0.08937871878428777, 0.057946702702800668, 0.12895289026578699, 0.028841314913525287, 0.13334389484804016, 0.027727223000316686, 0.062830681608818648, 0.12229484648205889, 0.057163108030052791, 0.13295420193315996, 0.039981777037987762, 0.11858464039316441], "hpss": [0.087956965914264468, 0.056639541917491543, 0.12813739836134419, 0.02070801665889872, 0.15043519876552602, 0.016991096555472995, 0.061067918572437374, 0.12765115550954101, 0.048442504088611227, 0.13884665365265911, 0.031293114960268965, 0.13183043504348427], "hpss_f": [0.087291370523932529, 0.054896083991314779, 0.13362587392758177, 0.019688235277310655, 0.14903212383641495, 0.016344916368941507, 0.060438900533074331, 0.13071196047768191, 0.048454815110298435, 0.13858032093175296, 0.029982824348832773, 0.13095257467286339]}