{"deep_f": [0.075265365634610157, 0.0098836764746272048, 0.24253854919149023, 0.0016449187730859969, 0.078380657943746074, 0.014386248055037682, 0.11054912167715419, 0.17587546440516691, 0.002678911724098561, 0.1528742559939279, 0.0018306254225052862, 0.13409220470454983], "deep": [0.076819264925486921, 0.010239216115438437, 0.24029141020281308, 0.0017233250559706148, 0.080599229189086907, 0.014601090347815003, 0.10978440162294889, 0.174961430344686, 0.0027831695020059163, 0.1538660944862088, 0.0018923167390810737, 0.13243905146845833], "standard": [0.059488018013343386, 0.080510724170886339, 0.13400653820508018, 0.027760516338659474, 0.080767622888798213, 0.043730095509371208, 0.11220446907332583, 0.12485383448579991, 0.057167241775303482, 0.12614030241670235, 0.047382354765630685, 0.10598828235709902], "standard_f": [0.055964037411129319, 0.081612499738994579, 0.13848507250260869, 0.02531991287249841, 0.077992737016135641, 0.04239936024741104, 0.11423217667783431, 0.12987628284830149, 0.055354934357724955, 0.1310395698335178, 0.045329491947439023, 0.10239392454640464], "hpss": [0.039103523766844263, 0.083962918717132878, 0.14527669234474413, 0.016732323558044139, 0.084751170411450111, 0.029840756193568942, 0.12717684735851223, 0.1429304837230172, 0.048459137410930407, 0.12977768452158908, 0.032299769260731963, 0.11968869273343469], "hpss_f": [0.036904098857734088, 0.084620735252315199, 0.14943160264109356, 0.015284093239953271, 0.08279615122113948, 0.02887370073003916, 0.12838505874544739, 0.14633017647871449, 0.047151440209255387, 0.13324978786631902, 0.030730070638912213, 0.11624308411907676]}