{"deep_f": [0.043926307562274683, 0.0048115586790796567, 0.28284159627439831, 0.00092070689683040028, 0.036432077791558985, 0.01308760362473347, 0.11525937462850475, 0.20029371115300304, 0.0010195428919225404, 0.12784558396268109, 0.0013565037655517585, 0.17220543276946138], "deep": [0.045843633284908321, 0.0049065534967996701, 0.28129890937639362, 0.00094925780991874764, 0.03774635953593914, 0.013427713471540932, 0.11442296102205213, 0.19996715167414891, 0.0010506828294239458, 0.12841379507460637, 0.001395668914253422, 0.17057731351001482], "standard": [0.066889940302337719, 0.078750915940456051, 0.14894791993458045, 0.035250157298287794, 0.059121392299886423, 0.037847361466722587, 0.10844680651414504, 0.12326050731628654, 0.053794183652723773, 0.13515024346054413, 0.050541931970295592, 0.10199863984373363], "standard_f": [0.062155899213342872, 0.079519971218718094, 0.15978610301720489, 0.031554410876369558, 0.056257747602595512, 0.036549041038156732, 0.1086447285998752, 0.13253046446640904, 0.052822707665702129, 0.14112316620850215, 0.046924957802055751, 0.092130802291068015], "hpss": [0.049120996357881253, 0.082113431454001559, 0.16486336819646111, 0.02666510782972871, 0.054041560319369103, 0.022014256701010093, 0.12413078806097118, 0.14043382587680034, 0.043381310981602424, 0.14135319578709854, 0.037422912976461983, 0.11445924545861366], "hpss_f": [0.04667370905327424, 0.082996581456879159, 0.17235433912247414, 0.024578528611934547, 0.052491712920220798, 0.020803667932751416, 0.12352597442923223, 0.14414609748713014, 0.042436947144540736, 0.14652042492518055, 0.035241740701174321, 0.10823027621520784]}