{"deep_f": [0.0094916676344052493, 0.010675940293250237, 0.28595016175236693, 0.0010969380459425184, 0.029797040100969098, 0.0045366666347407599, 0.18886357217786234, 0.13887109309456624, 0.0013159420833467198, 0.17806045848214014, 0.0010850086329152731, 0.15025551106749441], "deep": [0.0098754174744385727, 0.011138082348047876, 0.28460882538506294, 0.0013690951196805253, 0.030715617156032739, 0.0049081248694982744, 0.18751143484215727, 0.13904282991352915, 0.0016688982445284984, 0.17734321651267643, 0.0013503049795256963, 0.15046815315482204], "standard": [0.059937264369375597, 0.098606687126807521, 0.1562045479955281, 0.031008060597111468, 0.078474510230500782, 0.043096634024084653, 0.1062758936188548, 0.085246189472473727, 0.05429900298353519, 0.15344149977898058, 0.045531717141602965, 0.087877992661144627], "standard_f": [0.057309301968279505, 0.10041056151399036, 0.16610716178673388, 0.028269817462581504, 0.076916074372931367, 0.041331894966675387, 0.10671406002399869, 0.085913288726048739, 0.051821838527671998, 0.16206109740197441, 0.043444657658824055, 0.079700245590290264], "hpss": [0.038592601144125611, 0.10851280619823464, 0.1745728955926745, 0.021553404472966196, 0.081468696836073232, 0.028386686121214252, 0.12116202020367717, 0.088817884494679325, 0.044713211526497862, 0.16762626160538219, 0.031111949982451058, 0.093481581822024096], "hpss_f": [0.036937657790458579, 0.10883735853752148, 0.18172419215403177, 0.019948934620319495, 0.080173601829464078, 0.027192981425460207, 0.12113498104346419, 0.090177651744009754, 0.043722947793442775, 0.17142184007052461, 0.029614627226594283, 0.089113225764708925]}