{"deep_f": [0.14774503441852579, 0.0046008940264874254, 0.22026268139351785, 0.0014633537288047086, 0.089127599484195394, 0.025606052489575471, 0.093612055888731519, 0.16238212928163612, 0.0014262923029780173, 0.17390153298919131, 0.0022632815774626031, 0.077609092418893702], "deep": [0.149533615954902, 0.0047096311448410451, 0.21806643871896367, 0.0015216654445245987, 0.091224364416424689, 0.026033673656329984, 0.09099830175989862, 0.16382533400935945, 0.0014703969620409887, 0.17309528316168035, 0.0023352051031130345, 0.077186089667921565], "standard": [0.10723894908735103, 0.077907933231836951, 0.14378374894602661, 0.032684803408791159, 0.10183486321341827, 0.03186949414059654, 0.070545987721142303, 0.090835983096829012, 0.044185515141821251, 0.14674655772359618, 0.049613381917812144, 0.10275278237077852], "standard_f": [0.10896302688655031, 0.078882915502750436, 0.15316210079642723, 0.029377564363275231, 0.10123120554079616, 0.030335690709043649, 0.070538851145150266, 0.092464184088688922, 0.041843975763111489, 0.15103952702887119, 0.04685722194431205, 0.095303736231023006], "hpss": [0.10649070424908672, 0.079798462994676939, 0.15486227118470436, 0.024283114033833736, 0.11040837477125104, 0.01922086429035634, 0.06909508568611876, 0.094966701197974221, 0.032104340791543361, 0.15938124188672823, 0.038866131728050889, 0.11052270718567532], "hpss_f": [0.10863308304189795, 0.080441212714396013, 0.16015541949039289, 0.022393388085839815, 0.11004944832619366, 0.018320208544397254, 0.06903421605377863, 0.09604879630143022, 0.030761165169791525, 0.16120694838743185, 0.037558859512990705, 0.10539725437145926]}