{"deep_f": [0.01971540334474518, 0.030997539278283137, 0.27126944816937054, 0.0012659329794894915, 0.056226613313823767, 0.004769856228565717, 0.20180726323287332, 0.09872526282601185, 0.0023875876416029188, 0.22738765434739711, 0.0018041431801597934, 0.083643295457677208], "deep": [0.019917223470180032, 0.032832137658126807, 0.26777456604357647, 0.001359443102051961, 0.059593908988317533, 0.0048702505913853864, 0.19803819182440993, 0.10078973240765737, 0.0025612957288130259, 0.22529235699061739, 0.0019265849318519067, 0.085044308263012194], "standard": [0.074846852537191977, 0.10596408223076996, 0.13116335070532836, 0.029194834479179348, 0.09940265885297199, 0.046613571388103105, 0.099177868173543529, 0.074704700809247016, 0.053944995648421742, 0.13051404917641449, 0.066479500824953935, 0.087993535173874413], "standard_f": [0.073321375447973139, 0.10547777301060578, 0.13750758258186868, 0.02842203707062552, 0.099848880149319405, 0.043606112074455257, 0.095405056316699571, 0.074241787719275906, 0.050465654642901668, 0.14337812446053469, 0.062416306666412312, 0.085909309859328084], "hpss": [0.060065629394447269, 0.11793360614854383, 0.14132582375482447, 0.019713176005830592, 0.1084474739167087, 0.037708968062780734, 0.11099482943158803, 0.073849667532638913, 0.045353321002347367, 0.13568051106272519, 0.059284797589764959, 0.089642196097799998], "hpss_f": [0.060164205122348879, 0.11520156287486107, 0.14667742155819669, 0.019924692541821658, 0.10925065292356145, 0.035055521487944101, 0.10586249460311159, 0.072193914458412917, 0.043492165672578138, 0.14639484756826293, 0.055857695763983146, 0.089924825424917185]}