{"deep_f": [0.11118864870782325, 0.0031233832748115472, 0.24493537760449482, 0.0015599760862115969, 0.074260783480599862, 0.024276764218103545, 0.038292798873387095, 0.25206700389993991, 0.0015189181662020566, 0.07321182042027706, 0.0024393324253712792, 0.17312519284277791], "deep": [0.11364677400226159, 0.0034277774829925126, 0.24246723865789399, 0.0017876788452583954, 0.075965117914797181, 0.02480018130317815, 0.039350461224944677, 0.24921638228323115, 0.0017840724305708694, 0.075965044440623686, 0.0026760049392543974, 0.16891326647499341], "standard": [0.076931054015266107, 0.077031006621460216, 0.16205859186442986, 0.03323284725732599, 0.07552038833351736, 0.03612362058834663, 0.085511133790653143, 0.10949476529226029, 0.047360287156991018, 0.13816660196102448, 0.048066161219398502, 0.11050354189932618], "standard_f": [0.073230301363034586, 0.07543066462223906, 0.17025727481207256, 0.030439269497089787, 0.0745560291054949, 0.034325191667365397, 0.084875388226464399, 0.1138980307156842, 0.046267889014113966, 0.14471732365151815, 0.044908136923863563, 0.10709450040105954], "hpss": [0.06653188233473778, 0.079250902107998067, 0.18057077963005436, 0.025632834776595857, 0.074739292420976572, 0.024718997343887605, 0.089483679490007878, 0.12008288326168787, 0.036601116611135832, 0.14646257259725179, 0.035467879531251981, 0.12045717989441446], "hpss_f": [0.065398187290010373, 0.078324426988962761, 0.18385826309460138, 0.0244018293837358, 0.075115202436105796, 0.023338165334889416, 0.088674509274436333, 0.12075622295120209, 0.035769889958263648, 0.15186116428569463, 0.034232744629863671, 0.11826939437223397]}