{"deep_f": [0.0082553879779854056, 0.1796567421972787, 0.10494400163601326, 0.0071214920564012891, 0.1720290289300461, 0.0067439390756127383, 0.14024280731378838, 0.034864031312070332, 0.015936082847876024, 0.24396303612295786, 0.0052443032178330073, 0.080999147312137018], "deep": [0.0082670628340490576, 0.17645653388242621, 0.10687937135357783, 0.0075281997025027896, 0.1689039094469777, 0.0072782596007800243, 0.14048540678479918, 0.036445499523375238, 0.016362376743169208, 0.2399708614916759, 0.0053838882660564996, 0.086038630370610367], "standard": [0.091827178446301311, 0.11147968186671707, 0.073387204083304153, 0.036253327516380683, 0.11951885791649651, 0.049627689218716846, 0.090355512018167133, 0.037423890973927489, 0.072147348869517819, 0.14534496401822691, 0.051370986066772407, 0.12126335900547179], "standard_f": [0.088536901226274584, 0.1123104005535121, 0.075296001546813623, 0.035033019998679804, 0.12408109461761407, 0.047862581227475283, 0.088844434161642352, 0.035731266035844096, 0.069407081582533711, 0.15503400181344693, 0.048476912086515354, 0.11938630514964817], "hpss": [0.084087610958341122, 0.1227521294201918, 0.064055454811328044, 0.031853157160327349, 0.13294380496502506, 0.04306492481873362, 0.096223429204903302, 0.024777766353414825, 0.069488079550076604, 0.15468158617905781, 0.043701999521435046, 0.13237005705716556], "hpss_f": [0.083150620298246561, 0.12105773444218751, 0.066653601179714736, 0.031618662248876522, 0.13448441676428147, 0.041934958915473247, 0.094676618180711311, 0.02363920723510889, 0.067902867984523871, 0.15870110912940319, 0.042551410186732155, 0.13362879343474071]}