{"deep_f": [0.0090079932064030827, 0.2193082528397986, 0.049114740195438357, 0.0072749947091509514, 0.23805915524564933, 0.0051764821715335283, 0.08462124125233976, 0.03265719459976163, 0.027884526123695189, 0.25352207585892028, 0.0050405263759633612, 0.068332817421346004], "deep": [0.0092578549156095893, 0.21555268716647893, 0.050765338024232352, 0.007696782612570713, 0.23489508636717338, 0.0054780313046457396, 0.086878120636306094, 0.033242857359245891, 0.028168790410326976, 0.25056275224010216, 0.0051474252858854054, 0.072354273677422767], "standard": [0.0810631836862378, 0.10167711822714411, 0.069379008313927015, 0.035939106465984791, 0.14381899526788572, 0.057926414117807801, 0.085657495290449373, 0.039900147987859694, 0.080524193194326965, 0.13466048091967989, 0.04917327993684862, 0.12028057659184822], "standard_f": [0.076012952150662894, 0.10230679720442985, 0.06681039467243538, 0.033979751867314681, 0.14926346636147209, 0.054059629447465944, 0.084862727304443109, 0.037216074601356702, 0.076827295868238013, 0.15372189179813434, 0.046447619499416802, 0.11849139922463017], "hpss": [0.071215816218965278, 0.11141454723081963, 0.058391498014472201, 0.030656754341201176, 0.16603520373471059, 0.053128790390208104, 0.090437425903247479, 0.025781528614721078, 0.080714020417650356, 0.13977563356733205, 0.03941123025968838, 0.13303755130698366], "hpss_f": [0.06861577873878956, 0.11104138240028298, 0.056750696172335247, 0.029779137915322485, 0.16839300824486655, 0.050924970856297082, 0.089525069381185415, 0.024159736916889663, 0.078109524992137455, 0.15100860703480509, 0.038137441322235822, 0.13355464602485256]}