{"deep_f": [0.020657656281548503, 0.027912832717052648, 0.26081943214517667, 0.0028864647887183099, 0.057759997723643652, 0.009438684155282543, 0.1717604703565008, 0.11764760751319064, 0.0036726759793230344, 0.19707725913580004, 0.0030526063322101411, 0.12731431287155309], "deep": [0.021617851019230604, 0.029015052297315613, 0.2582534142291803, 0.0032399748452104997, 0.060052005991974515, 0.009940779134112435, 0.16913523470204783, 0.11816888386536349, 0.0042037300162236875, 0.19665192336116868, 0.0034615632385145614, 0.12625958729965775], "standard": [0.077929865892984354, 0.099221647080593361, 0.15718496354482411, 0.032240104987601312, 0.088567541837476768, 0.03746441263822383, 0.085120991674337745, 0.061970101946203046, 0.05818015290791885, 0.17205926923757822, 0.042706763497313706, 0.087354184754944691], "standard_f": [0.077714319006004312, 0.097056888071516176, 0.17276298365640222, 0.031549587585070628, 0.089193171180775618, 0.035038283316531985, 0.080733460926007597, 0.057262798731297491, 0.056274946642467231, 0.17954562702440549, 0.038958480675394452, 0.083909453184126709], "hpss": [0.066466525550891567, 0.10790850238090628, 0.16991051188994227, 0.024373089951928693, 0.093466429196438702, 0.027072602280471349, 0.090520800053853837, 0.058187171377399517, 0.051370887585085713, 0.19080647240319937, 0.03102617620921606, 0.088890831120666675], "hpss_f": [0.066956182265235351, 0.1054976541724047, 0.18090805567691109, 0.024476076213866542, 0.093573181277449555, 0.025192854743566265, 0.087495742405106769, 0.053304175410086516, 0.049941710421666473, 0.19689464028332324, 0.028910712788028706, 0.086849014342354813]}