{"deep_f": [0.0072992604780993068, 0.015967759145421572, 0.27739584251916827, 0.0011850976536317084, 0.037611138292603034, 0.0030268843637471037, 0.20672118675692638, 0.11099509494267613, 0.0016012367957689579, 0.19565868571130784, 0.00090534318743103756, 0.14163247015321859], "deep": [0.0073523600605085683, 0.016256817023823346, 0.27662752475325331, 0.0012111065129912617, 0.038333184629960902, 0.0030583251903364612, 0.20581451851197349, 0.11145384118756718, 0.0016398095794832169, 0.19518942477316828, 0.00092273917885394121, 0.14214034859808006], "standard": [0.060851884359261137, 0.10035186845043288, 0.14452585782132857, 0.030153672907213536, 0.090629254557555577, 0.048740957675117311, 0.11344716110120583, 0.071067530707971033, 0.052603568872031374, 0.14157572228113433, 0.054868149465104515, 0.091184371801643821], "standard_f": [0.058322870255374859, 0.10183168425378265, 0.15616205767536953, 0.028246753619556014, 0.088017222810856832, 0.045194531924657423, 0.11181072770554336, 0.071055405737125474, 0.050179749393043607, 0.15112042355422303, 0.050805109353305573, 0.087253463717161833], "hpss": [0.042373128792937392, 0.11173361417103218, 0.15754026194708109, 0.02004018080043922, 0.096742155186417433, 0.03634897626637016, 0.12996109821835838, 0.067449246242180544, 0.043214698781906119, 0.15117334092622847, 0.044650181367848596, 0.098773117299200422], "hpss_f": [0.040239996385992662, 0.11225555773888067, 0.16835099846627466, 0.01891305033208503, 0.094712796802382648, 0.032846493970742699, 0.12749592209060656, 0.068003524129075857, 0.040959393396991201, 0.15937984538762306, 0.040602103758420716, 0.096240317540924186]}