{"deep_f": [0.0074477210169412089, 0.019585151779026706, 0.25869775517306887, 0.0022375829945411722, 0.056728635872550476, 0.0034901755610332597, 0.18944945829188192, 0.11242253749959755, 0.0036170697113280833, 0.17056820848000911, 0.0012388206922236834, 0.17451688292779818], "deep": [0.0075533165206944633, 0.020720040989985197, 0.25671398014114172, 0.0023079795703829847, 0.059192611504331236, 0.0035430209502956295, 0.18702592329023845, 0.11309214686328349, 0.0038026490649597281, 0.17036438964933354, 0.0012784443267032661, 0.17440549712865031], "standard": [0.072306119779666, 0.092046762664297135, 0.12493019465860181, 0.035305605588320264, 0.087238566334160356, 0.049692154820298422, 0.11229672852912956, 0.06489727765820251, 0.052299135301652845, 0.14337790286511234, 0.062521800432152275, 0.10308775136840649], "standard_f": [0.068115439945410208, 0.094195810149872355, 0.13720333069902438, 0.032962596542552292, 0.084541793169579688, 0.046394248868066694, 0.11183383849930813, 0.067497748893369083, 0.049388096784343707, 0.15244269407493621, 0.058080552886810535, 0.097343849486726697], "hpss": [0.055217945035649939, 0.10083859417759626, 0.12931344531874725, 0.027347613922212476, 0.093873162023920209, 0.037712521255852949, 0.12981638751903463, 0.058000158177202103, 0.043169350338148532, 0.15414626382987948, 0.05506464855520736, 0.1154999098465488], "hpss_f": [0.052775557687397945, 0.10258237893393013, 0.13889059859831299, 0.026145870161177698, 0.091550049910505221, 0.034723983353262537, 0.12839109416462713, 0.060266066232987983, 0.040601326800986194, 0.16074461577021965, 0.051038080863194307, 0.11229037752339804]}