{"deep_f": [0.11785814093254318, 0.0039838134756215032, 0.22447570344420906, 0.0013834001575009905, 0.092025970344914151, 0.020665778283949967, 0.054881645275470799, 0.23047130205731126, 0.0015012089094893417, 0.098305615973843352, 0.0022461968413587507, 0.15220122430378766], "deep": [0.1198575633424966, 0.0043073501238530439, 0.22233593115145761, 0.001642922340798702, 0.093428375851198911, 0.021272718365732562, 0.055139766323256574, 0.22853454258579284, 0.0017954368975679148, 0.10020618861113308, 0.0025289287860608841, 0.14895027562065127], "standard": [0.067890957003570243, 0.073252126297564557, 0.15558560266075913, 0.028219134491271211, 0.072302042928514165, 0.036272892408852765, 0.097358567617068806, 0.15608071779045796, 0.060826041489176259, 0.11711915907520101, 0.040878153566725577, 0.094214604670838267], "standard_f": [0.063792487489990668, 0.072504939899977111, 0.16452067581004101, 0.025110691629443772, 0.067495407505643812, 0.034450374128748892, 0.098230212448483512, 0.17195549214827302, 0.060964430287774721, 0.11576339165364928, 0.037950430950307847, 0.087261466047666228], "hpss": [0.05439380002522335, 0.075385864841209585, 0.17274315762081013, 0.017907688945294969, 0.073418621504043824, 0.020094840889358697, 0.10475809265160863, 0.18102108364927197, 0.052832394041900571, 0.11704411240500107, 0.027217099630163531, 0.10318324379611349], "hpss_f": [0.052521549249290755, 0.075658875856465288, 0.17844983020579619, 0.01629435912867111, 0.0704846674465614, 0.019228420297126157, 0.10564874833330912, 0.18849779855661533, 0.052575060481945532, 0.11646315741130335, 0.025666132366177562, 0.098511400666738053]}