{"deep_f": [0.14834402848937153, 0.012530410036222022, 0.15847181819095804, 0.0022820018665143426, 0.15047868840623824, 0.057419742710287595, 0.019218894387499668, 0.16719083240513297, 0.0024031913710246973, 0.17474036763586859, 0.0033418335859044376, 0.10357819091497808], "deep": [0.14790402527284605, 0.012882445829773636, 0.15849450037178928, 0.0023868765432332748, 0.14995183456929839, 0.058710110949069493, 0.019811535332968158, 0.16590929958602602, 0.0025123779044493155, 0.1760772575823347, 0.0034747905811149788, 0.10188494547709674], "standard": [0.10414019751956738, 0.055629242908184481, 0.12272272485336914, 0.029815419815173678, 0.12391247483627406, 0.039149709248598133, 0.057106168925011698, 0.094615607799425711, 0.046985024829424994, 0.17354785706732384, 0.043234376252089451, 0.10914119594555741], "standard_f": [0.10575339929100255, 0.0553026324914603, 0.12923507424833225, 0.027170765205330825, 0.12599406092967605, 0.03689701605194267, 0.052835827126217906, 0.096088292916026746, 0.045125114730860179, 0.18357234286138716, 0.040254792958148142, 0.10177068118961545], "hpss": [0.1012099724159945, 0.051548014875188293, 0.12619196876876981, 0.02346204770174027, 0.13546236350813801, 0.0302952103002028, 0.052525929436476604, 0.099051450722642403, 0.039622373211809093, 0.18966233707807797, 0.032927339923167626, 0.11804099205779257], "hpss_f": [0.10351733245205051, 0.051506087584689157, 0.13167086694601438, 0.021532493897399699, 0.13589113825756086, 0.029131867456739017, 0.049535328613133457, 0.10033169016642079, 0.039134607138482894, 0.19441450131832405, 0.031442341402024419, 0.11189174476716107]}