{"deep_f": [0.065534868230729668, 0.0081275316696023479, 0.23192287818225998, 0.00182040017231396, 0.094071993406477872, 0.015214662089135599, 0.035021136610218564, 0.25677584696735622, 0.0020059497149982463, 0.074592631276760177, 0.0019897591701798518, 0.21292234250996753], "deep": [0.067145182383709451, 0.0088498620954298186, 0.22891217845603462, 0.0021586163537572756, 0.096221404574422006, 0.015750642531535401, 0.036106122704469938, 0.25321426542141395, 0.0023853152082958995, 0.078407204580164952, 0.0022709999583489212, 0.20857820573241775], "standard": [0.075445763415281281, 0.057835636849212391, 0.1418170681335113, 0.039045475303456284, 0.078584318547225293, 0.039163540438877022, 0.081215565995005359, 0.12500643076510057, 0.057743871038979995, 0.13329557700483566, 0.04915331498920443, 0.12169343751931055], "standard_f": [0.073053610114283032, 0.056977232895627936, 0.15208976659585219, 0.036599323885584845, 0.077451409702125426, 0.037806219548867245, 0.079275775406368293, 0.12877783872452384, 0.056770880272298548, 0.13726565273355104, 0.046416618846307642, 0.11751567127460975], "hpss": [0.058601535838806222, 0.053187329094271325, 0.15698019821152026, 0.031167670663691114, 0.078541538955809953, 0.024571123261706657, 0.083914510414361806, 0.14483058540555693, 0.050887260313760112, 0.1412438332619036, 0.035030286097201005, 0.14104412848141115], "hpss_f": [0.058129936606645262, 0.052987151054667586, 0.16391631643316878, 0.029851477942951701, 0.077666970442825237, 0.023656964755202976, 0.082992401026212373, 0.14537785535127365, 0.050312773814757648, 0.14295020914619677, 0.033687626590964845, 0.13847031683513325]}