{"deep_f": [0.15858581143301101, 0.0063357656323958251, 0.18609931000536309, 0.0025820842990363136, 0.10836534590355801, 0.07862192349381375, 0.034397971630807898, 0.19364045040781896, 0.0020973587845424494, 0.14069012631787678, 0.0058571756247135509, 0.082726676467062443], "deep": [0.15612025048214229, 0.0065437555969369027, 0.18866260508993696, 0.0025988699122286192, 0.10613721074699128, 0.078858656763137205, 0.035233195359578119, 0.19179508293406305, 0.0021348072373654761, 0.14303458660644322, 0.0058681169456960766, 0.083012862325480802], "standard": [0.092245697005207863, 0.059441530592342182, 0.12995841522436127, 0.027515438833528184, 0.096879464361272108, 0.048681057816053273, 0.071983906670464268, 0.14046120192464251, 0.06119268197907566, 0.13669393995017057, 0.040394812494041914, 0.094551853148840237], "standard_f": [0.090696658109718636, 0.059250451011134499, 0.1332344770637397, 0.025217088987615096, 0.094480702634453767, 0.046906099979843338, 0.071536762070123314, 0.14599373746741351, 0.059935159689663058, 0.14433056669871397, 0.038475820348235157, 0.089942475939346053], "hpss": [0.085483466133926142, 0.055838516805856143, 0.13931382524735469, 0.015080197832307933, 0.1062982262784765, 0.039828795439343118, 0.071261370032700569, 0.16473455012100105, 0.053165503527548216, 0.14342768572567929, 0.023904294110783247, 0.10166356874502303], "hpss_f": [0.08683851172706869, 0.055368606274096642, 0.14206207232616724, 0.013983842396650606, 0.10491390679563972, 0.038707297653368083, 0.070075301548329832, 0.16665932901672478, 0.052002098332003484, 0.14681734218754425, 0.022854105832700963, 0.099717585909705836]}