{"deep_f": [0.15671095381177017, 0.0076278063762423238, 0.18923726893802201, 0.0024355001387289126, 0.10766965053223043, 0.093413354483309868, 0.026508286082558633, 0.15979648069932478, 0.0024985118258949593, 0.17655195921357208, 0.0059150252838380407, 0.071635202614507801], "deep": [0.15670880729175687, 0.0077060760193143072, 0.18948204729459617, 0.0024694969648544063, 0.10739273477753576, 0.093228011899861116, 0.026879349716682484, 0.15939946447403172, 0.0025277710260706338, 0.1772540359021367, 0.0059521369628519824, 0.071000067670307865], "standard": [0.10510249675760784, 0.058447043055667287, 0.12692397672078223, 0.030188482771266099, 0.10597206298450891, 0.042279025393745139, 0.050870317270551552, 0.12206698162773955, 0.061411753437346311, 0.16401156342459725, 0.042239333232677742, 0.090486963323510042], "standard_f": [0.11011007222152169, 0.058472602683514022, 0.12980699055198289, 0.028197505707155551, 0.10412415703541732, 0.039479844337344069, 0.048767024391263507, 0.1229222620644161, 0.058281607208036927, 0.17325311078527611, 0.040309256741389, 0.086275566272682735], "hpss": [0.10059588416691655, 0.055156232744776802, 0.13581851033706752, 0.018092375517004242, 0.11921492319836098, 0.030482635018154351, 0.041913819365071034, 0.14097378703563623, 0.054002591328308321, 0.18299682028591857, 0.024835637628447885, 0.095916783374337317], "hpss_f": [0.10635360012569045, 0.055171001217882078, 0.13811609770730579, 0.016936287659140688, 0.11763507157369174, 0.02823824164830438, 0.040464447837253052, 0.14144394120355058, 0.051197671391550986, 0.18764310528690484, 0.023878926052117246, 0.092921608296608116]}