{"deep_f": [0.011148526921963, 0.033486940623305761, 0.26718116406252479, 0.0013075609797541122, 0.05383195606790464, 0.0038457508688045008, 0.22223217857586883, 0.071813570215136888, 0.0025512880189576845, 0.24529296788661797, 0.0013822099866849511, 0.0859258857924768], "deep": [0.011689061152770026, 0.035458639253650455, 0.26358058796707123, 0.0016917760053287588, 0.057095713003256686, 0.0044317909460123315, 0.21726180549356669, 0.074062941262465792, 0.0031479734803647251, 0.2426991869974294, 0.0017778463743578989, 0.087102678063726041], "standard": [0.06648912637380186, 0.090059876662218388, 0.13969102280692849, 0.032858403896773712, 0.095808766577096083, 0.044717171442729617, 0.099288697743586868, 0.072354702419309039, 0.057914978824269867, 0.16436794345462225, 0.05062291692908856, 0.085826392869575288], "standard_f": [0.062693656537717454, 0.090366231537824901, 0.1549311715934184, 0.030338490566958941, 0.092622655026633208, 0.040703697960233404, 0.097346201107321881, 0.072952375680479367, 0.054580095062224242, 0.17856205566108396, 0.046988548475511704, 0.07791482079059249], "hpss": [0.045712152996206928, 0.10072321289400513, 0.15304813656326496, 0.022595725005610946, 0.10774985634470087, 0.030103869791973097, 0.11187869118517037, 0.069142125421846612, 0.048890401881088237, 0.18537277269129848, 0.035821188874661132, 0.088961866350173099], "hpss_f": [0.043751671133751342, 0.10082917560587565, 0.16405826722833747, 0.021461512064156245, 0.10471745832578849, 0.026446131435149085, 0.10934569502024749, 0.069176080309802865, 0.04634856186328571, 0.19656465411306723, 0.033488138412523391, 0.083812654488015198]}