{"deep_f": [0.055115068223143604, 0.015315525675856645, 0.26481269140721919, 0.00083974342395796877, 0.059633542739991718, 0.010478930369570462, 0.13143910357246202, 0.17122630496738034, 0.0013984804102291823, 0.14953774768535433, 0.0013123959997718641, 0.13889046552506268], "deep": [0.056218405201123173, 0.015882840525623068, 0.26310878220748352, 0.00086837503342875337, 0.061241287462119633, 0.010611057803693667, 0.13031082284550888, 0.17132056078967253, 0.001450427706359528, 0.14953942102155154, 0.0013463368342334738, 0.13810168256920224], "standard": [0.08058235551940808, 0.085871590442053766, 0.14279072257337025, 0.032138958435316757, 0.071974122402684401, 0.041270202682771095, 0.096304135491470724, 0.11448723460089211, 0.060125966176613428, 0.12650754071206918, 0.051901845433234506, 0.096045325530115938], "standard_f": [0.078812766570440174, 0.083920887000354813, 0.15255580297778884, 0.029962667491462126, 0.071596878775523273, 0.039531552007438568, 0.093863384386211252, 0.11951726309445833, 0.058559531178516637, 0.131361473142838, 0.048125710313753088, 0.092192083061214819], "hpss": [0.06683919495303231, 0.093150054272300109, 0.15630102640071086, 0.023458245803497802, 0.072651260619336452, 0.028349282056862088, 0.10659311989392815, 0.1277919684247002, 0.052914102728949149, 0.12800782952764322, 0.039865786045896662, 0.10407812927314321], "hpss_f": [0.06633193917941739, 0.0900673592252757, 0.1645510781407715, 0.022395890224354991, 0.074003069817888137, 0.026522269377983874, 0.10264222207774432, 0.13042974172392108, 0.051205246307936811, 0.13228314020405421, 0.03669622973763171, 0.10287181398302041]}