{"deep_f": [0.067702311103576759, 0.0057705268749477087, 0.25602600198278985, 0.0012912793416287179, 0.067433959013208186, 0.0186632056706609, 0.05524568621356106, 0.24178369290255383, 0.0017798789484083904, 0.089674818673509807, 0.0020814069587524126, 0.19254723231640225], "deep": [0.070671171620146717, 0.0059964990506055083, 0.25348460672096795, 0.0013346992886615529, 0.069920961378235377, 0.019070380408914053, 0.055598474100121004, 0.23895359503425528, 0.0018414565991788331, 0.093122117574554908, 0.0021408818590810245, 0.18786515636527781], "standard": [0.087793360244385055, 0.070031686986022551, 0.14730641961943269, 0.036537294650270155, 0.082617627612122005, 0.035797211818589358, 0.085179685095790034, 0.1014793623938398, 0.055607247979677775, 0.12943994535845299, 0.051461593629846619, 0.11674856461157099], "standard_f": [0.08762051367419367, 0.07061553481126745, 0.15475686664195701, 0.034407598253836366, 0.081246547106094788, 0.033717915835461146, 0.084742525355935822, 0.10280083928207855, 0.05324096384971154, 0.13423350937416281, 0.049171317473423529, 0.11344586834187735], "hpss": [0.073827022833907976, 0.070517425780898507, 0.16401054668321668, 0.028653707412242265, 0.087425904324769252, 0.020936085553644217, 0.09098876161801947, 0.11193684542110673, 0.047448701456990781, 0.13265588443052601, 0.038008680426963738, 0.1335904340577144], "hpss_f": [0.075558914268735219, 0.07102629338270447, 0.16816773468732268, 0.028202971513696461, 0.085452798305777983, 0.019126245105963596, 0.090008135199131839, 0.11160720534937914, 0.045243966156942414, 0.13604171632730547, 0.037305573613438968, 0.13225844608960169]}