{"deep_f": [0.0092345481390835645, 0.063743143826046678, 0.24864210159296249, 0.0012064503233407606, 0.074254958872122995, 0.0048137723848990953, 0.16906457430694358, 0.10670574200381253, 0.0026692423544252054, 0.21948847129233021, 0.0016289918142743925, 0.098548003089758612], "deep": [0.0096767004507791968, 0.066729510101549372, 0.24464819219724829, 0.0015228796551303445, 0.077674963138432279, 0.0052455853279817603, 0.16575531859889372, 0.10686041641590442, 0.0031462431780647803, 0.21923347798802936, 0.0019595162692320565, 0.097547196678754389], "standard": [0.080669337228972515, 0.10293472094304726, 0.13881594896538713, 0.035480520387797178, 0.078621403601094403, 0.044869836533389523, 0.096574180139236424, 0.074123298389458664, 0.068371970216880046, 0.12855550839068366, 0.047073895445106477, 0.10390937975894675], "standard_f": [0.078193159923432995, 0.10405061612693314, 0.15160154264649647, 0.033340727762289107, 0.075342020451471162, 0.042402771658849474, 0.096706605918866775, 0.075701746601455067, 0.065992874484762667, 0.13510828636858818, 0.044237693759472986, 0.097321954297381982], "hpss": [0.067813291157418215, 0.11512982230062482, 0.14826661537827215, 0.028794028896528667, 0.081756737921425723, 0.033800189447188211, 0.10644310832999992, 0.072575371017198964, 0.064609989317382432, 0.13315553208818146, 0.034691019078021045, 0.11296429506775836], "hpss_f": [0.066302203375475738, 0.11398534284911144, 0.15752205395257984, 0.027773833824790675, 0.0798624564837732, 0.031738359833227238, 0.10547176821836513, 0.07403191294943641, 0.062666380943393621, 0.13765611656481364, 0.032978180522156016, 0.11001139048287718]}