{"deep_f": [0.096702851576094984, 0.0061609511926131238, 0.22800481943040227, 0.00090992477429739627, 0.10251885042355598, 0.016685071807136211, 0.031647677282892604, 0.24853695417978988, 0.0013776169002513905, 0.088632756312672964, 0.0015038940421587342, 0.17731863207813442], "deep": [0.098317948152540233, 0.0063640294561112618, 0.22642477651562598, 0.0009299134330812553, 0.10401348347509305, 0.016911601204910968, 0.032129859242594788, 0.24667096909689357, 0.0014105015893697143, 0.091060931126716427, 0.0015302446719265591, 0.1742357420351362], "standard": [0.078019504919744215, 0.062533002775117738, 0.15808732660870969, 0.030221992940566666, 0.073547619794405883, 0.041156604208109009, 0.077669583554566504, 0.1190975219955385, 0.064439636932383221, 0.15019690261877908, 0.048421886366119, 0.096608417285960466], "standard_f": [0.076202747586680844, 0.062038984091160286, 0.16670400547602574, 0.028089449632664926, 0.070903556958843178, 0.039913012341868191, 0.075943355023114126, 0.12372558779574534, 0.062832441510286025, 0.15509340970331842, 0.04573138057366382, 0.092822069306629118], "hpss": [0.064660199855715569, 0.058661248427154269, 0.17594234907856729, 0.021907110777003712, 0.073362620971742371, 0.029274095698170747, 0.079437316657807761, 0.13460927012440357, 0.062176993518485664, 0.16000742843002885, 0.03471258603941417, 0.10524878042150601], "hpss_f": [0.064218973537965254, 0.058483565498358397, 0.18204128595064759, 0.02022567077745915, 0.072182512062650542, 0.028102338098191362, 0.077394252674333364, 0.13769912545855825, 0.061608184588883112, 0.16281900587009998, 0.033216123571519006, 0.102008961911334]}