{"deep_f": [0.010453841937467104, 0.029219979389261245, 0.25131472393647497, 0.00098228261720192294, 0.077799254029468273, 0.0035472373167266479, 0.14174222943948964, 0.1590089745486451, 0.0022187951596197939, 0.17399220818525654, 0.0010202169211236481, 0.14870025651926511], "deep": [0.010655548211828408, 0.030251476414387007, 0.24954675580185412, 0.0010112948521369459, 0.080024410369938431, 0.0035980047158302099, 0.14045788599771258, 0.15860993891004327, 0.0022944959228560608, 0.17487258677384851, 0.001054829783759783, 0.1476227722458047], "standard": [0.062814050052192802, 0.09127550820889109, 0.13184189979334959, 0.029637758320265613, 0.098441783049524945, 0.047387680737156157, 0.11277748176235791, 0.080920464076254986, 0.04980711502729742, 0.15195691259570226, 0.054650642088284795, 0.08848870428872245], "standard_f": [0.059328988680783283, 0.092556760678128042, 0.13859514067009479, 0.027129754357935781, 0.099892614206203892, 0.046552773570738636, 0.1159008769884563, 0.081637918637607401, 0.047676327928436971, 0.15485281922019029, 0.052365959126482522, 0.083510065934942146], "hpss": [0.046277980892762118, 0.095815493983110386, 0.13857088546454166, 0.021713939985708853, 0.10550740690309231, 0.038081104521196313, 0.12602999840737714, 0.083458477989188387, 0.042604558350143429, 0.16334397907324866, 0.044868920045561242, 0.093727254384069522], "hpss_f": [0.044174414613542323, 0.096157854398483747, 0.1445348856159259, 0.02038528040732436, 0.10528285219943084, 0.037349442378015484, 0.1274577105676733, 0.084093978701422864, 0.04130928813956028, 0.16560513647424638, 0.043774357320208283, 0.089874799184166396]}