{"deep_f": [0.10495832721588914, 0.0045326394520774794, 0.20691761845457424, 0.0011319955300721316, 0.12104423722936002, 0.016525042463261627, 0.027752391771721854, 0.25477155573867516, 0.0015791239481470112, 0.071318771879325532, 0.0020466505064586863, 0.18742164581043705], "deep": [0.10588399465012539, 0.0049091679817055102, 0.20587014036845303, 0.0013988763676963307, 0.12131127711461925, 0.01717100385844382, 0.028599829460317642, 0.25266748001937939, 0.0018797503027502187, 0.073568684424529102, 0.0024539188403228762, 0.18428587661165743], "standard": [0.075189985300543202, 0.058850943041232687, 0.15196720914179629, 0.031357142291635096, 0.076731850640040816, 0.043226506139181359, 0.079665171549364103, 0.14507977136141589, 0.067396298584696243, 0.11822775803255896, 0.046514539073488716, 0.1057928248440467], "standard_f": [0.069494150580867886, 0.05686158794226915, 0.16092018370184788, 0.028232939891124475, 0.073901635879065411, 0.042304169358741629, 0.077343011997203726, 0.16288114011135729, 0.067329230080738392, 0.1169004833786912, 0.042297312822034729, 0.10153415425605811], "hpss": [0.06313509739905962, 0.05311951109346686, 0.16648747859583074, 0.023321572791846216, 0.077525787415849715, 0.031933542231726078, 0.082086803861454213, 0.16738539992732709, 0.065087789220895989, 0.11793378357495522, 0.033607333514019594, 0.11837590037356867], "hpss_f": [0.060170128244572775, 0.052371275168369848, 0.17292470417299616, 0.021112411555246444, 0.075251189276920732, 0.031218992622501274, 0.080823239944710509, 0.17845814996925624, 0.065022292114409228, 0.11755351514741266, 0.031010681981365022, 0.11408341980223913]}