{"deep_f": [0.16090169121413211, 0.0075897867097993732, 0.18535783573232048, 0.0031333248771352341, 0.11931557155803292, 0.022314775942016342, 0.060958413819535713, 0.20543860250181498, 0.0025243802433604265, 0.13204459667544427, 0.0036682619693414699, 0.096752758757066737], "deep": [0.16265458087336573, 0.0078300413905803105, 0.18309079444241699, 0.0032429387529070105, 0.12126595422132877, 0.0225626420160174, 0.060753741754805746, 0.20403619812358417, 0.0026207319375180136, 0.13362932459297136, 0.0037613118577163886, 0.094551740036788082], "standard": [0.092049323572472558, 0.08322356478531942, 0.13106165139477058, 0.028549594228334748, 0.087642838330229414, 0.041002784062833794, 0.096383681036233473, 0.11541149164616558, 0.052535608053270115, 0.13233744723989982, 0.055124278293193073, 0.08467773735727753], "standard_f": [0.091746926796763509, 0.082054536561454852, 0.13938874225193465, 0.02586861689176986, 0.086045975263067662, 0.039457333721677881, 0.094672194059286938, 0.12074057115449818, 0.051205869686406474, 0.13627984101277657, 0.052125165324467301, 0.0804142272758962], "hpss": [0.085990315050228527, 0.087641711612732737, 0.14088305983049654, 0.016638056338429848, 0.090507089228402324, 0.027234430454121172, 0.10642429821313727, 0.13160098001105924, 0.041331791066330115, 0.14162555502419324, 0.042438577329463933, 0.087684135841405192], "hpss_f": [0.087574030921118401, 0.086242730753304783, 0.14726108766273657, 0.014793011658296513, 0.090095426056083658, 0.025869537890837221, 0.10287481255622853, 0.13457505678051893, 0.040541933172854414, 0.14540342387800292, 0.039894646126830587, 0.084874302543187494]}