{"deep_f": [0.053561391274779331, 0.012634197613324488, 0.28204087187313315, 0.0011445277446041624, 0.040111353188658806, 0.0097780661001956124, 0.19952357915258465, 0.097932882186923184, 0.0016346925298699054, 0.238562032721646, 0.0016758342675056827, 0.061400571346775068], "deep": [0.054086723553789268, 0.012851642864793964, 0.28108738118909354, 0.0011809108621858477, 0.041055516977287106, 0.0099446295224456128, 0.19750121643345825, 0.0993947006767677, 0.0016663866353985263, 0.23763667332757854, 0.0017245169543277101, 0.061869701002873916], "standard": [0.07505994422490167, 0.10169833095345311, 0.14178862883043405, 0.027804092770761429, 0.093543880146698247, 0.044844953323664616, 0.10107822116710748, 0.081652693473069193, 0.051983741450934193, 0.14814012750746675, 0.055357485745958286, 0.077047900405550984], "standard_f": [0.073998220913309959, 0.10045777822971459, 0.14947036096671024, 0.025738994265053661, 0.093175212278264058, 0.042979962727926403, 0.099821399600063629, 0.08349533832587884, 0.050375426065895568, 0.15515080987030985, 0.051850370073611964, 0.073486126683261349], "hpss": [0.060766186797688151, 0.1137420598620683, 0.15707367974724865, 0.015684606831214733, 0.099722905198862899, 0.031808496929416619, 0.11334878492003078, 0.084094292240639648, 0.040106960686849637, 0.16473638432230966, 0.043101976662094851, 0.075813665801576072], "hpss_f": [0.060819950775175102, 0.11215720693336304, 0.16239545260000587, 0.014389021939908131, 0.10082674752378723, 0.029943233038379227, 0.10951866413408989, 0.085137686869377102, 0.039224328455136445, 0.17154030398814227, 0.039955847798703786, 0.074091555943931908]}