{"deep_f": [0.16095212164092065, 0.0059493976495449581, 0.16214423392607491, 0.0025745676735829414, 0.14982980383805095, 0.021521645791313878, 0.020610708027402804, 0.25128693018696041, 0.0021733113124898814, 0.089590084681007237, 0.0039422420358949852, 0.12942495323675637], "deep": [0.16213733416845524, 0.006356800944925683, 0.16039029642130015, 0.0028488819714568808, 0.15097748268091032, 0.022019822836128928, 0.021227208892917172, 0.2490715562283588, 0.0024966161373345353, 0.091541691095481173, 0.0042105404412344782, 0.12672176818149664], "standard": [0.078910079595749805, 0.05990821218934584, 0.13981674750656731, 0.029618863659850451, 0.091711333801532596, 0.039983425533902897, 0.07627294857017583, 0.13871307581789999, 0.065810643493942514, 0.13161733184054539, 0.045507578935583673, 0.10212975905490372], "standard_f": [0.076129388681632507, 0.057443124820189678, 0.14792359973931773, 0.0269102106434989, 0.090879710732509153, 0.037973174077794082, 0.073222072652287681, 0.14656281634784557, 0.064334262447092797, 0.13898563483800663, 0.042444060206852555, 0.097191944812972761], "hpss": [0.068595387110889541, 0.055352788772478879, 0.15658533643134168, 0.01765025439495262, 0.097932563506832354, 0.026620485129959324, 0.076516374198315404, 0.16376581210783059, 0.057427620356333808, 0.13828371301460485, 0.027523074373459834, 0.11374659060300105], "hpss_f": [0.067889412213472583, 0.053795466778336472, 0.1615633610466545, 0.015720356527128297, 0.098038830722314979, 0.025253078732399337, 0.074057374042626134, 0.1685041958600686, 0.05662877452034925, 0.14334954665302213, 0.025653515058761761, 0.10954608784486596]}