{"deep_f": [0.0077223489051406495, 0.030272092789183414, 0.26785711480977498, 0.0016693753871068889, 0.04441379598387598, 0.0030822773252971317, 0.21300955767205279, 0.09333542821038332, 0.0018727452331971327, 0.2132634497842551, 0.0012713255985717072, 0.12223048830116093], "deep": [0.0078141024166662517, 0.03156018056999093, 0.26587756888001357, 0.0017200100712577407, 0.04647451210983887, 0.003141356807619304, 0.21044768221305352, 0.094413118221854081, 0.0019552121552437736, 0.21276351264866647, 0.0013127925392007952, 0.12251995136659471], "standard": [0.069475428975308867, 0.090316393155306054, 0.13234167075924644, 0.031883832068434717, 0.083623759062496833, 0.043680416653163738, 0.12009041420619759, 0.073336657762754914, 0.051098964650336948, 0.14838583301086358, 0.066989178426998128, 0.088777451268892332], "standard_f": [0.067332165127891655, 0.091432038471229216, 0.14476932281517396, 0.02966006089874659, 0.082378823945821314, 0.041268872545829428, 0.12112045764446168, 0.072898441394086674, 0.048567857019761164, 0.15545771487228796, 0.062401106869193049, 0.082713138395517458], "hpss": [0.050722194478678921, 0.099253246836367229, 0.1418424327664134, 0.022944879564090203, 0.087564588003347169, 0.031267471271016117, 0.14014684389066939, 0.071700987157910664, 0.040056018111177073, 0.16264951629868585, 0.059837691650593973, 0.092014129971050032], "hpss_f": [0.050374932691108203, 0.099052761229249206, 0.15136077212268653, 0.021811132317651204, 0.085633774388949188, 0.029237255809679355, 0.13964543794132464, 0.071775604349965841, 0.038313377790904303, 0.16836009518121733, 0.056073213852378269, 0.088361642324885997]}