{"deep_f": [0.023541134441544164, 0.02590253822790712, 0.26206163765163754, 0.0014426769447095367, 0.064178896231380095, 0.0055916518270821515, 0.19794006098084171, 0.09370740912284671, 0.0020197732845794974, 0.23661049507058582, 0.001483603112468374, 0.085520123104417201], "deep": [0.024534685514607725, 0.026697796571134969, 0.2593765367047271, 0.0015010905633661502, 0.066941101394012964, 0.0058063725896300347, 0.19339400590990261, 0.096553952749358837, 0.0021038487568306313, 0.23449002259341428, 0.0015427916287446589, 0.087057795024270052], "standard": [0.071150500191841631, 0.086667733752430989, 0.13993900566122897, 0.028022060321330356, 0.086928195705427619, 0.042286754226005308, 0.10182110532670879, 0.091551471806299162, 0.057632695288616281, 0.15772884351181121, 0.056771305101451661, 0.079500329106848108], "standard_f": [0.068685022924878283, 0.08635655253009647, 0.14915751105287806, 0.026860199464621412, 0.085001310271460379, 0.039724484175434206, 0.10085739743547369, 0.09349148484610223, 0.055928577981926762, 0.16490312294387877, 0.052843297462441381, 0.07619103891080839], "hpss": [0.054865700696989296, 0.094045829341008177, 0.15284544654268456, 0.017627603405340128, 0.092011138203891382, 0.030609291936428328, 0.11335681267330201, 0.096237786833796385, 0.049860557928546642, 0.17434100171329242, 0.045348635787120159, 0.078850194937600565], "hpss_f": [0.053907896471443312, 0.093175163831806934, 0.16037816693129481, 0.017432466655767954, 0.089560443938012158, 0.028575187442429654, 0.11205729895892037, 0.09751360113040998, 0.048987448372591738, 0.17854304987806024, 0.042474111407730095, 0.077395164981532788]}