{"deep_f": [0.0091432138481267744, 0.032251533863597998, 0.26749069334577347, 0.0018331205446386759, 0.051600737320457932, 0.0047144254898727781, 0.19313953170900172, 0.1042256753493184, 0.00231401278192581, 0.2172440052160734, 0.0018701443304313609, 0.11417290620078152], "deep": [0.0096731068276889858, 0.03350072200075211, 0.26471249962776244, 0.0022437792378014812, 0.054074712486114153, 0.005414369088561766, 0.18894697377025949, 0.10612115662531237, 0.0029341616351841299, 0.21447087908217044, 0.0025849670056452114, 0.11532267261274744], "standard": [0.071917044801408953, 0.091794543815831395, 0.1254946852469209, 0.034628213169189799, 0.084638712739970326, 0.042777854944833445, 0.1013576366231133, 0.070588495769578222, 0.05498992991167248, 0.16921004641534348, 0.065265092639448699, 0.08733774392268881], "standard_f": [0.070971879622135428, 0.091641786595592134, 0.1347265416671761, 0.03392861821914489, 0.083756043935692609, 0.039532520786155559, 0.097219879769356574, 0.067910986243669785, 0.052705946851016906, 0.1818630369729384, 0.0613871214918707, 0.084355637845251089], "hpss": [0.054377752740018874, 0.10102010433615208, 0.13208539378105721, 0.027525677387088544, 0.088495245209441339, 0.031157875915003082, 0.11350732320663348, 0.06940371337576251, 0.046659725559892389, 0.18935584546133258, 0.057440584406118683, 0.088970758621499196], "hpss_f": [0.054200110790849645, 0.099274156672530423, 0.13993259387313586, 0.028129021717388902, 0.087168640392491101, 0.028229691512943137, 0.10883433539474942, 0.067353441096058175, 0.045016241716334532, 0.19914347866646531, 0.053311510009469834, 0.089406778157583577]}