{"deep_f": [0.061994077211262495, 0.0071984530055040144, 0.24778979394377959, 0.001610346487621032, 0.081244877332393939, 0.014437402921407584, 0.038585310989118812, 0.26000979822613546, 0.0017235931542981995, 0.074012623499576505, 0.0021506095108900494, 0.20924311371801238], "deep": [0.064385942453707309, 0.0075063395752727807, 0.24547694705961043, 0.0016619091217943646, 0.083325388393432814, 0.014712069454620464, 0.039531330763303271, 0.25730290773306214, 0.0017841786015079018, 0.077388108937922695, 0.002209449627075187, 0.20471542827869066], "standard": [0.06989886808766875, 0.060580251513781144, 0.15238560615620914, 0.037355448902421089, 0.077041731164901095, 0.03733556020195164, 0.094251583698783226, 0.11209008790468143, 0.058469241381593193, 0.13590809364623344, 0.048102363469044354, 0.11658116387273149], "standard_f": [0.066990831568295217, 0.060003810236745683, 0.16245636968766583, 0.034592085433727562, 0.07576768508129203, 0.035867355748699009, 0.094220618877682225, 0.11582084610963683, 0.057073886169682009, 0.14155348408606983, 0.045129879529499567, 0.1105231474710042], "hpss": [0.052035841230463148, 0.056588444323633504, 0.17181523079083005, 0.028437359990252733, 0.077598946832403842, 0.021506637991186385, 0.102762226360004, 0.12718214396415858, 0.04969026133998275, 0.14441564296752138, 0.033063328778001673, 0.13490393543156176], "hpss_f": [0.050646801733846981, 0.055885109402629148, 0.17882055445461012, 0.026896750253105395, 0.076319526325880155, 0.020357820651293577, 0.1026461275485037, 0.1296889930282934, 0.04879015845571967, 0.14736406784161973, 0.031413017893851952, 0.13117107241064616]}