{"deep_f": [0.0093221632412535237, 0.021722723112026388, 0.2751217366705247, 0.0018717571153839133, 0.04404193027747192, 0.0035888653091669868, 0.22398268080131542, 0.076756894988418117, 0.002416873474130225, 0.22551824254576555, 0.0013717654125688392, 0.11428436705197449], "deep": [0.0094093358878562811, 0.022243767205977549, 0.27379822786670815, 0.001917535337883341, 0.045371526145792589, 0.003654148982138475, 0.22165616871163552, 0.078352854233047844, 0.0024930158488872785, 0.22417691051190006, 0.0014091747001024294, 0.11551733456807052], "standard": [0.061702435473012344, 0.088998643406346306, 0.14609502042472272, 0.030341247773999273, 0.095516984643131297, 0.044120515152586012, 0.11489806434909126, 0.060861968732244053, 0.04915668448514756, 0.16786635086991816, 0.055821493166892611, 0.084620591522908573], "standard_f": [0.059614474416244345, 0.089697935244861818, 0.15914593263736426, 0.028622159315384098, 0.091760034698670792, 0.041720986380381173, 0.11502243253684823, 0.058594387343789592, 0.046849261275319166, 0.17606007092112083, 0.053251863170101735, 0.079660462059913784], "hpss": [0.039185518545517557, 0.0974819430788227, 0.163026239754549, 0.017575311554657965, 0.10484234855524383, 0.029555650584382327, 0.13483743190725109, 0.054255603176551245, 0.035761487059663075, 0.19334826657405815, 0.042935791619494811, 0.08719440758980837], "hpss_f": [0.038118754878202675, 0.097756209306400527, 0.17236669916389818, 0.016800403964909286, 0.10134717342815468, 0.027854728533028523, 0.1357441168648249, 0.052798784406651644, 0.03420266761434803, 0.19647792173949152, 0.041216891201853519, 0.08531564889823659]}