{"deep_f": [0.053585643679873507, 0.0067737785598717421, 0.25156915598280022, 0.0021349179424413854, 0.073123509070465165, 0.017543961036566642, 0.044173375378934877, 0.26029160653419403, 0.0023225924404027178, 0.067792835842880483, 0.0028936045523602258, 0.21779501897920908], "deep": [0.055962276223230398, 0.007516852747141714, 0.24803228669242719, 0.0026707293471169404, 0.075454578942561593, 0.018287497974657844, 0.044823106721195834, 0.25721222842093822, 0.0028936609459208457, 0.070783427049554232, 0.0034660874885111786, 0.21289726744674403], "standard": [0.069742761406904094, 0.056081901126766774, 0.13765565742273403, 0.038655095357433, 0.077359406802555902, 0.037955442600568476, 0.085180077441893196, 0.12540836246983972, 0.061162326516668877, 0.13657942624902203, 0.051362109595316813, 0.12285743301029699], "standard_f": [0.067286595340729519, 0.054676657769284494, 0.14479998809241745, 0.035619230612438879, 0.076495839418106282, 0.036496250499173898, 0.081563649118958345, 0.13296908271733845, 0.061466105774906771, 0.14178751715023147, 0.048270649628872092, 0.11856843387754228], "hpss": [0.052297190077298029, 0.050668804001023436, 0.152583201110606, 0.029748438460501542, 0.078387072084403236, 0.022338478446055129, 0.090526328334978298, 0.14624325522832277, 0.052655870263155824, 0.14427851264464345, 0.036120715269848856, 0.14415213407916341], "hpss_f": [0.051245816205158466, 0.050245449152384228, 0.1572907654834817, 0.028007475203854902, 0.078212684501893712, 0.021032427438157614, 0.087693687746851046, 0.14973341814288788, 0.052532696827689553, 0.14869038186718939, 0.034342538211057663, 0.1409726592193937]}