{"deep_f": [0.087815045044001797, 0.0046442971304824646, 0.24150706793671153, 0.0017378847957723771, 0.075954745361729317, 0.028625279212011336, 0.039510332989441496, 0.24503937136833503, 0.0019125972785309282, 0.083275727498159313, 0.0026408494109485784, 0.1873368019738757], "deep": [0.091109455731701844, 0.0048982847967289382, 0.23829559926387925, 0.0018222665718575081, 0.078796713155899173, 0.029180080331878414, 0.040259920066082089, 0.24168283783932698, 0.002013176555091702, 0.086880671493485814, 0.0027295207955054853, 0.18233147339856284], "standard": [0.083379422483777443, 0.067690442943232815, 0.14306626105665055, 0.031775219274377209, 0.083093046973791981, 0.036525400755639453, 0.069168691443514105, 0.11339829373283931, 0.058525364212055897, 0.14805941965957783, 0.0487276673246924, 0.11659077013985093], "standard_f": [0.080603378533507991, 0.068251943130422113, 0.14799580553968256, 0.029019720491657994, 0.082726891999898078, 0.034185195778208936, 0.066947086495615482, 0.11493492216673995, 0.057475528121285015, 0.15892793330052049, 0.046059051837828116, 0.11287254260463316], "hpss": [0.071486166102328469, 0.066828778609562933, 0.1579865951026935, 0.024583053885693928, 0.086145372847637292, 0.023348751788382735, 0.069045102591918525, 0.12759098314801243, 0.051508012223084133, 0.15686206718641202, 0.034986070887905583, 0.12962904562636832], "hpss_f": [0.071126469511282833, 0.067879255643189446, 0.16151616036641397, 0.022695100916867092, 0.086192313271361648, 0.02149128988800951, 0.067327908230482125, 0.12815439878235449, 0.050700020590328736, 0.16414526670962193, 0.033371031885972194, 0.12540078420411604]}