{"deep_f": [0.024692495917682241, 0.032364698823808796, 0.24891404630924688, 0.002385904858708209, 0.069492721789396111, 0.0079608817090634637, 0.16462043214741293, 0.12934524981068288, 0.0030981528104069836, 0.20152097454955903, 0.0024092403242239172, 0.11319520094980852], "deep": [0.025423070411967622, 0.033455568796349019, 0.24591189626931911, 0.0025070875183194931, 0.072525387993608831, 0.0082417761802860059, 0.16007092191301286, 0.13192685418851371, 0.0032495747863351332, 0.19945526373209296, 0.0025199611591038801, 0.11471263705109137], "standard": [0.063921705875346346, 0.10666964061915257, 0.13820011308903796, 0.021770550332957918, 0.084343334019462535, 0.050242082975715502, 0.1172284412531444, 0.10620677721827504, 0.065132762169471378, 0.1283992204594587, 0.04852524221165367, 0.069360129776323984], "standard_f": [0.060052313065644174, 0.10454306556391749, 0.14709639563001684, 0.020228788048714728, 0.081299343085490458, 0.047385660386064024, 0.11826607983834737, 0.11273724804825405, 0.063708302449580478, 0.13242725127448518, 0.045164381136362099, 0.067091171473123101], "hpss": [0.047829487427779323, 0.11868061686496316, 0.14839832267578007, 0.011247414793926179, 0.086467586225786749, 0.041790071440818616, 0.13348743232215379, 0.11444013214726577, 0.060544107123036331, 0.13379402130075319, 0.037201234569929027, 0.066119573107807819], "hpss_f": [0.045375560035447994, 0.11568749866044029, 0.15472477647379701, 0.010512922716779328, 0.085215643753989906, 0.039976654188709791, 0.13317345018189117, 0.11989924603174923, 0.058937643338376429, 0.13624337296551514, 0.035150597085107746, 0.065102634568196149]}