{"deep_f": [0.069229182714345305, 0.012654963267388885, 0.24365004125615886, 0.0016351678354685959, 0.076987967832764417, 0.016242813362768435, 0.10487139420564916, 0.17733053449621727, 0.0021189235771037008, 0.15452857928623623, 0.0021413659246483558, 0.13860906624125086], "deep": [0.070883959411523367, 0.013524569612220433, 0.23998677176798064, 0.0020281051873690574, 0.080144256962969063, 0.017098700046394341, 0.10281834814123147, 0.17666156217117332, 0.0026091358201642866, 0.1552799175139572, 0.0025445259396676633, 0.13642014742534914], "standard": [0.059817200525936753, 0.088859338922093314, 0.12792784681475611, 0.02657957404782868, 0.086752037582917829, 0.043131976207855666, 0.10416303797778775, 0.10949794629554205, 0.05512969517794962, 0.15255031609099112, 0.046269126604290847, 0.0993219037520503], "standard_f": [0.055591363416381025, 0.090387583013032305, 0.13071856400795784, 0.023760335526286123, 0.086235210284920483, 0.040839189361159177, 0.10289898063644924, 0.11046352212751594, 0.054410287819536468, 0.16515043011750211, 0.044193826139415048, 0.095350707549844343], "hpss": [0.044466577088449831, 0.094151778207678935, 0.13619286917233417, 0.017961747928152149, 0.089479362948567093, 0.031944565921971944, 0.11348418134932613, 0.11754952197858112, 0.047681780256833402, 0.16460185304104299, 0.034250017159511037, 0.10823574494755112], "hpss_f": [0.042371648948916998, 0.095409348508152456, 0.13879169386949619, 0.016118704820103354, 0.089370860783180794, 0.030984815185239968, 0.1135877635994175, 0.11745949733786447, 0.047021766615018445, 0.17178185571041954, 0.033263293571696259, 0.10383875105049412]}