{"deep_f": [0.014510641862184943, 0.019826108551034553, 0.26855872534720993, 0.0019864235958295963, 0.056377358945307918, 0.0060871109362139499, 0.1556904294039928, 0.14995308004719698, 0.0024204764037518353, 0.16285700609983925, 0.0018081594189412094, 0.15992447938849694], "deep": [0.014677830182063603, 0.020677331912355486, 0.26687506445862852, 0.0020479452270729752, 0.058113210387079187, 0.006152414259341989, 0.15430754916951631, 0.15008948969982489, 0.0025183890990029948, 0.16326324783582483, 0.0018560768927504319, 0.15942145087653883], "standard": [0.061839008713702605, 0.10385601273171791, 0.13421251190627392, 0.032601715666124249, 0.10029966803717483, 0.046651715200648855, 0.11259831542679938, 0.071360346939882205, 0.046114579032666116, 0.13674746760278997, 0.060823958073284751, 0.09289470066893514], "standard_f": [0.058684566846059952, 0.1020271817204748, 0.14703131472159151, 0.029367235409051163, 0.1005070233547338, 0.04497990047776141, 0.111910741892103, 0.073220961344076393, 0.044281805079534928, 0.14263117526564328, 0.056460489222781012, 0.088897604666188609], "hpss": [0.042577049526016611, 0.11584232013381562, 0.14436826038082654, 0.02233190300129749, 0.10814874970000146, 0.035428560477668292, 0.12972562938689691, 0.068707962069770215, 0.0321143025631676, 0.15015727394309472, 0.050719803566826975, 0.099878185250617618], "hpss_f": [0.04122816790198363, 0.11431800988373396, 0.15340489630069398, 0.020018310450938114, 0.10850804392228339, 0.034101635404067542, 0.12759945799243225, 0.069801473786666957, 0.031011230274803483, 0.15519713124045528, 0.046901407588161241, 0.097910235253780259]}