{"deep_f": [0.13549234742174263, 0.005225757361737463, 0.19707949630836391, 0.0020774532853801105, 0.12184057621960509, 0.023694695680070602, 0.028915762057832761, 0.24589474277678558, 0.0021758005896613847, 0.088035527925835327, 0.003225442585359636, 0.14634239778762553], "deep": [0.13693843571155359, 0.0053756639266413272, 0.19598697705191476, 0.0021216384562496552, 0.12277115738468969, 0.024020247345181888, 0.029440063495221751, 0.24371599553081999, 0.0022277793689190147, 0.090584118259143698, 0.0032652283147478591, 0.14355269515491678], "standard": [0.095561995885465212, 0.069229808635502973, 0.14657050093845048, 0.036860508600831648, 0.085213061280490304, 0.037542774652685636, 0.081004990904008256, 0.10475730892715639, 0.058020444320075311, 0.1202438433170062, 0.049829668539821952, 0.11516509399850565], "standard_f": [0.096117562578962215, 0.068167539048566109, 0.15653416508578882, 0.032920988458208955, 0.085348701521794176, 0.03606770996208012, 0.07921925142240363, 0.10792316912063056, 0.055456799972421776, 0.12527210585337945, 0.047070253173169638, 0.10990175380259468], "hpss": [0.091151268169848476, 0.068322221875655287, 0.16529719859761061, 0.028196674736089632, 0.087485220545721554, 0.023075163255622099, 0.083301489682238314, 0.11702688347442686, 0.04671806330886618, 0.12218892071835616, 0.035403126628948602, 0.13183376900661622], "hpss_f": [0.09307231814804276, 0.068030221686979017, 0.17078742473039579, 0.025403523696377595, 0.088540102403675575, 0.021723006970727654, 0.081449176992747743, 0.11880569345592509, 0.044609783697986641, 0.12558820290156075, 0.03394717746121427, 0.1280433678543671]}