{"deep_f": [0.017115175389814295, 0.028215402006880622, 0.25637663269213817, 0.0020002657361978889, 0.073458722446666194, 0.0063882637173632373, 0.16074386697132265, 0.12864357265256129, 0.0028782671396105123, 0.20229749808933631, 0.0018037114674675895, 0.12007862169064122], "deep": [0.017628966524877297, 0.029391807516928433, 0.25323885778838995, 0.0023468323232612794, 0.076267182353658966, 0.0069587003344793149, 0.15707565781867225, 0.12954984130482697, 0.0033281314402523678, 0.2013090016778081, 0.0021176590778695516, 0.12078736183897557], "standard": [0.065988450948718178, 0.098059641418598242, 0.13335796401856304, 0.034186303548128405, 0.096193230072729938, 0.043440379969840057, 0.11054963140088697, 0.070771301795208685, 0.049531574021340674, 0.14060953035759, 0.055744366212744888, 0.1015676262356509], "standard_f": [0.061622194224220911, 0.097888178685783755, 0.14286579168500238, 0.03052691079996829, 0.098003987045023597, 0.042436926687553896, 0.11270159932410226, 0.074989126422578767, 0.046039032082980894, 0.14395749082302683, 0.05325019361587089, 0.095718568603887444], "hpss": [0.049114541504427449, 0.10775911540686214, 0.14427064315555241, 0.025490151471144831, 0.10271566185788411, 0.030365000172076592, 0.12533808075579034, 0.067920009351098681, 0.03624264452291024, 0.15495924863014673, 0.044331672344242547, 0.1114932308278638], "hpss_f": [0.046141785361508932, 0.10694849350579681, 0.15231086719961318, 0.02329223719806937, 0.10342448087345044, 0.029494057944200635, 0.12575289861623137, 0.071301057119056196, 0.033237512735855915, 0.15766558061272898, 0.042528183693499103, 0.10790284513998905]}