{"deep_f": [0.066450678330532309, 0.0064158268263060968, 0.25707833192041363, 0.00045151839584664993, 0.072108685033837022, 0.0089416298785665819, 0.05493238727293772, 0.24932496297642104, 0.00049143432627673405, 0.092771497817308271, 0.0011153356619005303, 0.18991771155965351], "deep": [0.06716050614491148, 0.0066261623476841121, 0.25614399069361715, 0.0004665321069866876, 0.073205335890516143, 0.0090213972404683193, 0.055335351962647168, 0.24798386579598297, 0.00051427068125409106, 0.094408589170699858, 0.0011451654235912587, 0.18798883254164075], "standard": [0.089839469522166274, 0.052576134842126108, 0.14257814721456832, 0.031004159513543079, 0.070756413770706669, 0.046985200823018408, 0.070996513833334177, 0.11164692113607849, 0.047842822434858358, 0.17704901098512862, 0.052150196524413613, 0.10657500940005787], "standard_f": [0.088733186781534149, 0.052475203635517595, 0.14745868898182213, 0.02922400673692941, 0.06966336658459979, 0.045336685168241624, 0.069138149723860495, 0.11200544353003684, 0.045837414054685922, 0.18739167999919554, 0.050245486778242643, 0.10249068802533402], "hpss": [0.079936132650592281, 0.04500227219985329, 0.15433737152125004, 0.023390200632859307, 0.070058458363151166, 0.038037284200135281, 0.072796175274641065, 0.12303321458727348, 0.040308249028877377, 0.19600147309510449, 0.038978596294223122, 0.11812057215203904], "hpss_f": [0.080268145944921127, 0.045075748886085606, 0.15872316268166978, 0.022274358414969681, 0.069019910967047071, 0.036609405580170992, 0.071483889836901862, 0.12346213031350023, 0.038980003987198995, 0.20173489664917266, 0.037846052557029941, 0.11452229418133211]}