{"deep_f": [0.088669485187550218, 0.0060674091594709175, 0.24216657404193634, 0.00059750668399276036, 0.080287201216552445, 0.0087323922698203243, 0.064410637600694737, 0.2310071323499473, 0.00060440300177188049, 0.10741284720176324, 0.0010441393665018722, 0.16900027191999797], "deep": [0.089690666258131657, 0.0062384321261946757, 0.24111028923685829, 0.00062823367275959008, 0.0813000540536368, 0.0088538606393087239, 0.064571882951325058, 0.23026474467850361, 0.0006336902736821683, 0.1083564920651798, 0.0010809890730647208, 0.1672706649713549], "standard": [0.081003371352009981, 0.066921379843953452, 0.127687793425796, 0.028846137710956378, 0.089056417316899006, 0.043967908355756508, 0.07489958164750464, 0.11113382871423204, 0.048850836814149839, 0.17953978307753413, 0.050945710447765594, 0.097147251293442316], "standard_f": [0.078753501651011984, 0.067431456882772425, 0.13276344975690263, 0.026683245010955245, 0.08863621724603192, 0.042465168005695712, 0.073291564620971902, 0.11405167164246906, 0.048331085079334313, 0.18803905025787016, 0.04889986452855951, 0.09065372531742541], "hpss": [0.071302831513376949, 0.063318217398661281, 0.13327588064934395, 0.020395862686821864, 0.094857157959280097, 0.034239585766504634, 0.077485768094879753, 0.12225824129069018, 0.039746160800312305, 0.20005931991480499, 0.037823130719936697, 0.10523784320538712], "hpss_f": [0.070035570560405991, 0.063741698926489593, 0.1378620449700633, 0.019077306627628278, 0.093976596099456466, 0.033190121184747692, 0.076125572864139304, 0.12523675353866479, 0.039916871107815034, 0.20440437260008454, 0.036440397388362092, 0.099992694132142734]}