{"deep_f": [0.0808097195535004, 0.0029640686855580615, 0.25188351991336588, 0.00049161550640292799, 0.075384435887652299, 0.010859307599665823, 0.033644589574217287, 0.2800237619699556, 0.00056675415217431161, 0.05490274352935412, 0.0017438609717035855, 0.20672562265644984], "deep": [0.081442466026196342, 0.0033478005393545625, 0.25096132740303406, 0.00073120364143587635, 0.076174723592703997, 0.01132100295344605, 0.034403773781090045, 0.27771999917485346, 0.00089223968080886498, 0.05674789406107332, 0.00200443105802768, 0.20425313808797588], "standard": [0.10977023402997868, 0.049864594432902525, 0.1545118397746289, 0.030085898722636499, 0.093329684592188725, 0.042498752863628961, 0.062419806518382553, 0.089154033323045112, 0.052328561670958847, 0.16780173612432903, 0.045990209906742026, 0.10224464804057824], "standard_f": [0.11235851913558491, 0.049818743642407612, 0.16409493151569363, 0.028317651683162675, 0.090486863102309814, 0.040432283037939512, 0.061217426122507884, 0.087682843730125318, 0.049301260896933742, 0.17581397079440089, 0.043949752040398068, 0.096525754298535882], "hpss": [0.10793470843361186, 0.041358651343955034, 0.17012853418389762, 0.021599121321597109, 0.10040024011804585, 0.031256361251991868, 0.060931174549945781, 0.094708095879651066, 0.044509324047713607, 0.18427600171815708, 0.030399013505112125, 0.11249877364632108], "hpss_f": [0.11039813376693185, 0.041367631322846973, 0.17763708745323609, 0.020146775096357091, 0.098316251458319612, 0.029791350216005902, 0.059934928361771042, 0.09529915319352017, 0.042951969248351339, 0.18743749278155339, 0.028960602367795383, 0.10775862473331131]}