{"deep_f": [0.0089793700308624172, 0.033107402208945376, 0.24827826043501033, 0.0018010225966275121, 0.07900651867951558, 0.0040014010818465321, 0.14677476941099504, 0.14792646987073901, 0.0028943624482460468, 0.17334669089559332, 0.0015027786329440958, 0.15238095370867466], "deep": [0.0090739319033993106, 0.034296533643434934, 0.24622141289941982, 0.0018636038361836129, 0.081068256612380304, 0.0040430202510651934, 0.14526602837287955, 0.14795683534286266, 0.003018972363267822, 0.17355422323578593, 0.0015566326115346665, 0.15208054892778622], "standard": [0.06565678670138049, 0.088477592272253075, 0.13048221606110008, 0.031339404129861609, 0.089738947212353329, 0.046943660386621046, 0.11038095769377017, 0.08593941592145557, 0.053563197157196783, 0.1542984787610551, 0.055533358635625148, 0.087645985067327722], "standard_f": [0.063518739771797866, 0.087312219237179675, 0.14250821093254365, 0.029616464291101211, 0.088896682776390804, 0.043951081682536065, 0.10825139730115022, 0.083386092420998259, 0.051110067608198514, 0.1658868792534077, 0.051875711968874076, 0.08368645275582208], "hpss": [0.045480807930032154, 0.095330457486433304, 0.1396312338291352, 0.019882997803252745, 0.095894850343389737, 0.034956870625407414, 0.12805491339453012, 0.090961839340446382, 0.043531093669601964, 0.17065294594402608, 0.042399920337401135, 0.093222069296343954], "hpss_f": [0.044022423877829599, 0.094268652115357787, 0.15039647731818404, 0.018770469237098613, 0.096755635126996919, 0.032224418076166259, 0.12410441565838692, 0.088178639605757322, 0.041878707688236573, 0.17989369262371546, 0.038699025330014257, 0.090807443342256253]}