{"deep_f": [0.11446057373260889, 0.0072863700494815754, 0.18795667012900164, 0.0021202849723132985, 0.13626632685133272, 0.017451548483866972, 0.02466160325955145, 0.25492225058739443, 0.0022711688172780227, 0.077142015828112073, 0.0026805009541535731, 0.17278068633490548], "deep": [0.1161217600440644, 0.0075278867376167673, 0.18631769038590199, 0.0021824282806681204, 0.13736893741889161, 0.017827606947386672, 0.025167288696531245, 0.25269422358948457, 0.0023261747502067356, 0.080133616086471723, 0.0027259002489708095, 0.16960648681380536], "standard": [0.084033923141343433, 0.057007343050311909, 0.1464730830879542, 0.03103734258570898, 0.073088686282713311, 0.039210271533084685, 0.083765563759971629, 0.15235300842226723, 0.061589666150434041, 0.12120029816569694, 0.048973826492657593, 0.10126698732785602], "standard_f": [0.08379285450889469, 0.05373140308625985, 0.154372467550808, 0.02898582674446017, 0.071917396641138234, 0.037897307339826276, 0.081092070006394124, 0.16057480513689751, 0.061333441006857399, 0.12121855995090498, 0.045985912923830009, 0.099097955103728916], "hpss": [0.072012871276535509, 0.050871362523037783, 0.1619197379660248, 0.018426570945312758, 0.072395437948488753, 0.026359704110114231, 0.088527233945067757, 0.1828879260957513, 0.054612529139119313, 0.12397095958776164, 0.035370207696982098, 0.11264545876580405], "hpss_f": [0.072974364385996152, 0.048869050370012164, 0.16732374852836668, 0.017210172224996836, 0.073547901588403339, 0.025064118736216195, 0.085386295963076314, 0.18701565743671691, 0.054265828794424709, 0.12585326978396297, 0.032705019505025419, 0.10978457268280226]}