{"deep_f": [0.013663229713725555, 0.04631542690113042, 0.24413831258692184, 0.0025775501230239552, 0.075017797349982526, 0.0058414733660880529, 0.17863953952106301, 0.10643618713170089, 0.0043632517381245427, 0.2042522183054169, 0.002493477117647286, 0.11626153614517497], "deep": [0.014313156572258045, 0.047862819242822013, 0.24095866539592295, 0.0028908658546009064, 0.07768047426342424, 0.0063300644302735536, 0.1751820646479306, 0.10766028903980032, 0.0048294493575422376, 0.2026948498675053, 0.0028116309148680683, 0.11678567041305178], "standard": [0.073458112276724663, 0.090310259516464653, 0.11727052484233325, 0.034332675916172832, 0.10609808136841496, 0.050966321526325888, 0.1019491380766565, 0.068733298801970016, 0.059637813877498912, 0.14612432320875696, 0.060334015975222165, 0.090785434613459198], "standard_f": [0.071921460590656128, 0.087838607181818074, 0.12781860789120053, 0.033842865056458164, 0.10590944285811327, 0.047228266648584961, 0.096541862459883485, 0.065945970149459673, 0.056481648744015844, 0.1605165913573352, 0.056085376264385957, 0.089869300798088608], "hpss": [0.054727171235436321, 0.098749805942211694, 0.12014597321070858, 0.024263852563754466, 0.11978018805019504, 0.04207797740715926, 0.11705089715220354, 0.064988928425450246, 0.051559644242757906, 0.15986726586375083, 0.050504575816722783, 0.096283720089649388], "hpss_f": [0.053653927818708522, 0.095444377013883558, 0.13094325143282698, 0.024289491852708314, 0.11965671115770109, 0.038541164182638497, 0.11047285414467468, 0.062988410113960641, 0.048907639177917572, 0.1715406038180636, 0.046421545789843519, 0.097140023497073139]}