{"deep_f": [0.086046825591608478, 0.01001114562276104, 0.21704586285715011, 0.0012205099295399008, 0.11486235043294588, 0.012055020328835365, 0.036251338313087508, 0.25706911045993347, 0.0017609743435064238, 0.081427292609515076, 0.0022737955659680566, 0.17997577394514866], "deep": [0.087330860841074054, 0.010353038534995812, 0.21592508868800114, 0.0012505745888820201, 0.11587703631121578, 0.012220194665138465, 0.036974367681020415, 0.25511090283626897, 0.0017941573678130233, 0.083802222226370932, 0.0023165263733441188, 0.17704502988587525], "standard": [0.063043336769749797, 0.057461817922009037, 0.14216839108134599, 0.032579661229474241, 0.094124799924293956, 0.052861604283503151, 0.099910630266952447, 0.13553268182353559, 0.061186803766952125, 0.11263345781388084, 0.047359562053635687, 0.10113725306466716], "standard_f": [0.059129064327801253, 0.055193681781796705, 0.14889309934489936, 0.029870042075259735, 0.089269787642449569, 0.049653609249807981, 0.10081768729871186, 0.15304114083218542, 0.05856234375149838, 0.11503817014458856, 0.043611716624967663, 0.096919656926033326], "hpss": [0.045455340384521779, 0.052535132257412541, 0.1577486012904642, 0.022144302139920701, 0.10361642562275707, 0.043416809341358428, 0.10909264949786031, 0.15556358943370524, 0.053194881692870379, 0.11059999085715237, 0.033527873144402184, 0.11310440433757465], "hpss_f": [0.044004950604364185, 0.051098874620837252, 0.16485702048400805, 0.020922429417841303, 0.098513300020875619, 0.040736770434511127, 0.10692390972156444, 0.16619914112058115, 0.051968178468268102, 0.11428181670784372, 0.031041154334070377, 0.1094524540652347]}