{"deep_f": [0.013501028049965478, 0.054252087278455222, 0.23975834141356434, 0.0014861389101626615, 0.084736642947259841, 0.0050130536794881272, 0.14538207962856334, 0.13665043503441299, 0.0024877773504900333, 0.20347595585775022, 0.0018712051498279998, 0.11138525470005985], "deep": [0.013538395814738875, 0.055206402472807295, 0.23824840906872394, 0.0015470715673919261, 0.086251104860384065, 0.0051128189990108036, 0.14357009659433781, 0.13740248271861194, 0.0026124894801881518, 0.20292618432361414, 0.0019454503042407767, 0.11163909379595026], "standard": [0.084412588551825415, 0.092333615689490806, 0.12755988363646051, 0.032407095629803317, 0.073889043954852282, 0.055656398865976009, 0.10946872694443829, 0.084584520816605224, 0.063162995761544063, 0.14355105923796796, 0.0500745128143959, 0.082899558096640319], "standard_f": [0.081799461216830002, 0.093613231753514561, 0.13646151332065329, 0.030573373921772364, 0.071544408442371615, 0.052992814592683894, 0.109168058133549, 0.08535140456677115, 0.061819632393882135, 0.15145164870702607, 0.046396262218049197, 0.078828190732896805], "hpss": [0.072844718357541027, 0.10197590401486786, 0.13639550306324671, 0.023295002984738158, 0.07460448099735334, 0.047487121818116561, 0.12470962599717193, 0.084692259668941311, 0.057140662568962837, 0.15638461823765246, 0.036715736312488062, 0.083754365978919595], "hpss_f": [0.071914822684375906, 0.10165510545964129, 0.14501648329580635, 0.022603953233975693, 0.072922117697314159, 0.044813899393804653, 0.12084072355159166, 0.084776545858142927, 0.056916106668735818, 0.16304374412534584, 0.034557124874620933, 0.080939373156644803]}