{"deep_f": [0.088904308157175302, 0.012796974170118039, 0.2254626803408625, 0.0012807617432648492, 0.09824423874244248, 0.012215304532731645, 0.065643400415629966, 0.22216717987356055, 0.0015526184032277231, 0.12054664227162677, 0.0023553771374784137, 0.14883051421188179], "deep": [0.090790440489853907, 0.013306646475534492, 0.22345831900744625, 0.0014600250823335644, 0.09996512538650057, 0.012610708194871071, 0.066077167109491519, 0.21993650598147244, 0.0017789229329323981, 0.12261901460281309, 0.0025538172179572077, 0.14544330751879353], "standard": [0.088677912602766432, 0.071928855922324786, 0.12040062212050237, 0.03083019843443089, 0.083036835459876515, 0.051480828482850315, 0.09689726793575959, 0.12503810813597455, 0.058758955349805325, 0.13331590960335538, 0.051066748428327924, 0.08856775752402575], "standard_f": [0.089681301450558318, 0.069588382444216376, 0.12744050131166276, 0.029004069360989874, 0.081973146625803794, 0.047585086508096022, 0.093219356642374324, 0.13199543067200767, 0.05620700143412103, 0.13812392132539444, 0.047703461326957956, 0.087478340897817419], "hpss": [0.078246458403616326, 0.072505609202788382, 0.12762025195853136, 0.020050369769409927, 0.088278515261614551, 0.041363443900597541, 0.10713720694048252, 0.14444269747950753, 0.049522250151351345, 0.14033634382543558, 0.036510313587456628, 0.093986539519208295], "hpss_f": [0.079688212523279525, 0.070377694176086678, 0.13481716780872091, 0.019254590829616766, 0.085860730239151209, 0.037978960092492992, 0.10098053578349864, 0.15002510624785045, 0.04831118655960915, 0.14500306347518588, 0.034123349207616185, 0.093579403056891691]}