{"deep_f": [0.038687572469319351, 0.029109660275994965, 0.18931243968828873, 0.0028219246814636446, 0.14170630495834383, 0.006147260639873863, 0.10514381810229179, 0.16156531044054581, 0.0075852914522136243, 0.15883383771380472, 0.0019410695840497618, 0.15714550999380994], "deep": [0.039492477011539386, 0.029777893332990007, 0.18854258755564685, 0.0028671536653215564, 0.14254992474220018, 0.0063088428262923785, 0.1040873954198358, 0.16114875300893311, 0.0076181489279796835, 0.16014045635559612, 0.0019819266057057357, 0.15548444054795921], "standard": [0.065941395992992771, 0.072681995396414442, 0.12464677205330864, 0.034842925943298061, 0.096158117241456634, 0.051426170233788995, 0.10569682982336434, 0.097057972676382553, 0.059105693099139552, 0.12528331007100171, 0.057782444439130345, 0.10937637302972204], "standard_f": [0.063807123359973433, 0.072466813042373207, 0.13242333140900001, 0.032255932199056966, 0.096160598619329379, 0.049806493065236608, 0.10592431200898618, 0.098754300169055717, 0.057982122155287086, 0.12921913467777207, 0.054676714645679809, 0.10652312464824946], "hpss": [0.044743555859907337, 0.073677453666813747, 0.13266106091776875, 0.024838562104429144, 0.10492606904013706, 0.041563706136934268, 0.12046838632809272, 0.10553089010689935, 0.051702165465627996, 0.13110640383805672, 0.046316577933971322, 0.12246516860136158], "hpss_f": [0.043756189928614707, 0.073368982833675406, 0.13908953046408501, 0.023306323548211726, 0.10416568227717883, 0.039918747542230903, 0.1202855358876303, 0.10749073545922518, 0.050590188622273859, 0.13404886657871706, 0.044005228000415585, 0.11997398885774148]}