{"deep_f": [0.056761083449499865, 0.0088836559211740596, 0.24231332800544603, 0.0019065929396192831, 0.091568846128903147, 0.014986951209269522, 0.042028881019626894, 0.25038911980068723, 0.0024082947387572356, 0.081502406442435199, 0.0024668896926098595, 0.20478395065197175], "deep": [0.058360606405310489, 0.0091572776814053385, 0.24080649351103198, 0.0019546899410925423, 0.092733853669132685, 0.015172866542063223, 0.043140733960187957, 0.24799570389243936, 0.0024611185999094559, 0.084499516348802983, 0.0025152953107617222, 0.20120184413786227], "standard": [0.069907013820944566, 0.064275658457330409, 0.14247590818431982, 0.038526374129669909, 0.075614674899310619, 0.037172327880244792, 0.09957898590806967, 0.12164106246105903, 0.061456288124314036, 0.12070149061313031, 0.050778472229986889, 0.11787174329161988], "standard_f": [0.06755226183063312, 0.063317845198597789, 0.15226159867290945, 0.035555198178667584, 0.072900335245409245, 0.036105399591183106, 0.099719228501014889, 0.12953591597049355, 0.061083585306334516, 0.1205061483247702, 0.048352536983590905, 0.11310994619639567], "hpss": [0.052777684553589332, 0.061901864665673163, 0.15761243566372649, 0.030564448680357938, 0.076596343879395803, 0.020947654800115612, 0.10950583615833297, 0.13969918380856855, 0.053555100836715858, 0.12415248398810509, 0.036839546807117853, 0.13584741615830129], "hpss_f": [0.052345751822114338, 0.061457191168188902, 0.16419639888527776, 0.029123778927976945, 0.073661384892117154, 0.019905440235187536, 0.10928316605439782, 0.14441220594877102, 0.052892347512497467, 0.12452277139186346, 0.035657831169999078, 0.13254173199160849]}