{"deep_f": [0.0091408599681954018, 0.017082249177558028, 0.25996216660204435, 0.0038116691175622656, 0.049061593783914545, 0.0041994382822924297, 0.2034952067082349, 0.093978358975698131, 0.0040188512460363002, 0.18893321718695763, 0.0013828614803233854, 0.16493352747118292], "deep": [0.0093670693625489687, 0.018045116483671648, 0.25712044218485541, 0.0040749959130540461, 0.051875501474275144, 0.0043364671580871771, 0.20096354953855533, 0.094164150670623781, 0.0043645765795278608, 0.18853568098634546, 0.0014732065631395726, 0.16567924308531562], "standard": [0.070328403172592327, 0.10974764608345504, 0.10594171025850919, 0.033222556844274512, 0.087415546781697773, 0.036040680518567014, 0.11560394484355528, 0.057950548782953075, 0.048092935485536753, 0.17326092636780052, 0.057320265580593735, 0.10507483528046453], "standard_f": [0.068873760383834456, 0.11008661504935345, 0.1082692419771267, 0.03188316706732465, 0.085806887858719358, 0.033812941334706692, 0.11609791931792077, 0.055180756312688775, 0.045051848526014369, 0.18124144873471104, 0.055059102330512255, 0.10863631110708769], "hpss": [0.050037201164850519, 0.12431606387060334, 0.1065206402223019, 0.023274497280448284, 0.094409812607736093, 0.022441138197944386, 0.13513970670661285, 0.050689420261094284, 0.035956149004548438, 0.20010133018420279, 0.044905823317814626, 0.11220821718184247], "hpss_f": [0.04998349819566629, 0.12303542760323719, 0.11063338355411338, 0.02269696706400845, 0.093095159219257748, 0.020919193410125124, 0.13340351323359115, 0.048776359007407837, 0.03507174898960197, 0.20627846627953861, 0.042881922059845673, 0.11322436138360652]}