{"deep_f": [0.012608053092289549, 0.021436898672182729, 0.28604123512569879, 0.0019096796410535055, 0.035479977687030768, 0.0033808227982056933, 0.26623195494452412, 0.027558983050921276, 0.0032290822535540834, 0.26600463748876685, 0.0013330753139191272, 0.074785599931853547], "deep": [0.012671560594265392, 0.02197943099705265, 0.28468255695993883, 0.0020032363524874527, 0.036827329073098394, 0.003486296315137138, 0.26429283953821991, 0.028573394296928449, 0.0034045877911427613, 0.26457794874016588, 0.001409150378179014, 0.076091668963384124], "standard": [0.070327175041997217, 0.098885859957115352, 0.14453382319751742, 0.033137702617700077, 0.083547153368562319, 0.048154582145563125, 0.11791720480342684, 0.058568584311065916, 0.049505887421847417, 0.15801315367771135, 0.057700877046305429, 0.079707996411187421], "standard_f": [0.06883320922961278, 0.098651299054728539, 0.15750276012683434, 0.032493503452599826, 0.08100836703397539, 0.0454087218960737, 0.1170091300689898, 0.054662792594541439, 0.04697940606744215, 0.16594135284481407, 0.055092260694245734, 0.076417196936142254], "hpss": [0.051235947096199455, 0.11247428883170531, 0.1619984944613686, 0.021802488504337643, 0.087075446537553072, 0.035028318312087518, 0.14092372216642915, 0.048917016889892508, 0.035550530129331487, 0.18013674087602757, 0.044534677955265264, 0.080322328239802399], "hpss_f": [0.050979825142526733, 0.11088047215740149, 0.17483594579495618, 0.021865958550092761, 0.085539289128203078, 0.032543815267149077, 0.13930275884435261, 0.045228608282636279, 0.034017036752625081, 0.18304050647625097, 0.042209696355615507, 0.079556087248190216]}