{"deep_f": [0.02009091778488788, 0.010538868643201875, 0.26659893335671686, 0.0030719294558486732, 0.061599054948022987, 0.017298955153895554, 0.035615041606279048, 0.27199977977605466, 0.0029506344435112179, 0.065366518263404852, 0.0039130880255559882, 0.24095627854262044], "deep": [0.021258184099814715, 0.011119422753153354, 0.26346224917637201, 0.0032256862314632021, 0.064286209773726746, 0.017555361338235969, 0.036031078570122665, 0.26998619290531239, 0.0030877839251511846, 0.068847854873218373, 0.0040544099259481048, 0.2370855664274813], "standard": [0.061237918972784293, 0.065841301737489463, 0.13792805516875656, 0.034178544080591712, 0.072058198957369063, 0.041415348058900479, 0.082173658305259356, 0.1375170268962822, 0.06357722067426394, 0.13780703722217774, 0.049431377295114154, 0.11683431263101103], "standard_f": [0.057917476125643477, 0.063233465811944653, 0.13982084998756431, 0.031976321619349574, 0.070510358887343361, 0.03833845505535724, 0.078787193730655819, 0.14634647310171656, 0.063380273663332515, 0.14525793391024816, 0.046183049390762322, 0.11824814871608191], "hpss": [0.039281625915780063, 0.064833237918685033, 0.15396274091713988, 0.022596282677162269, 0.070137977656065845, 0.026609188121175242, 0.085606903140072882, 0.16532195322022478, 0.055743627059027183, 0.14844944756436895, 0.031419728044968988, 0.13603728776532889], "hpss_f": [0.037583129825485173, 0.063101874275985528, 0.15782110021724258, 0.021238615972537248, 0.06897215980132855, 0.024499222475670244, 0.083540167762045855, 0.17104670516235895, 0.055702842459517163, 0.15180557181717821, 0.029095035610410564, 0.13559357462023994]}