{"deep_f": [0.014273796340574142, 0.020368740809758947, 0.28472551698325765, 0.0022305571021730666, 0.040407392350964848, 0.0044158256240253617, 0.25596803796434114, 0.037273537292322446, 0.0033451313730491032, 0.26565566708030225, 0.0017537525086191233, 0.069582044570611901], "deep": [0.014592347161635507, 0.021214451209371682, 0.28237612170320969, 0.0024322558485359992, 0.042505036881819711, 0.0046576624131303423, 0.25283862339192475, 0.038669067249346961, 0.0036180589199020408, 0.26400583173021491, 0.0019176819614542661, 0.071172861529454082], "standard": [0.065801336423278373, 0.10474941109308188, 0.14248077783320554, 0.033747234520350507, 0.085660778754452369, 0.047210313621105171, 0.12511324400390378, 0.066883238727706434, 0.047475878562672311, 0.1440875626045498, 0.055820566698729771, 0.08096965715696422], "standard_f": [0.062268180595830343, 0.10563270163533996, 0.14787553080850435, 0.032001248469401715, 0.085671970440026515, 0.04537398675564288, 0.12684200223338546, 0.064771689017250653, 0.045639773173344826, 0.15255976282334668, 0.053696699317321968, 0.077666454730604767], "hpss": [0.046595240017023691, 0.12075915725873235, 0.15913559555400025, 0.021760150476189444, 0.089685703183055424, 0.0323595197664234, 0.15065415813783403, 0.061277698674653741, 0.032120069273900806, 0.16075306446347085, 0.042240086816312881, 0.082659556378403248], "hpss_f": [0.044519783900839723, 0.12139346684852192, 0.16517987379554874, 0.021087871388526868, 0.089233206921823127, 0.030685469909245547, 0.15063457382073067, 0.060557459457576401, 0.031166350029389042, 0.16386071122649234, 0.04090541973515411, 0.080775812966151397]}