{"deep_f": [0.041123082553308384, 0.028816036445500612, 0.22532089353493548, 0.0036452806330132125, 0.10157685691845621, 0.014149807573069382, 0.063704253471833006, 0.1951902674067329, 0.0032677898116286841, 0.16677874242033844, 0.0032950292417182744, 0.15313195998946544], "deep": [0.042836697456032316, 0.030240834227577427, 0.22073407552929702, 0.0037962250716583241, 0.10606970844215223, 0.014257689508876736, 0.063916914060769894, 0.19108257187438787, 0.0034144928416754766, 0.17299605727000772, 0.0033975475367895506, 0.14725718618077543], "standard": [0.050270909141368295, 0.067813037739974782, 0.13746720648369778, 0.032997504317033653, 0.088984490328955695, 0.033610069961503682, 0.079614145987512513, 0.13724294507503842, 0.067026939951072159, 0.16805020800890094, 0.047818395159401679, 0.08910414784554041], "standard_f": [0.045863396209084389, 0.065754892331465947, 0.14008690554540804, 0.030194885782706262, 0.089032370115407627, 0.032515347139499128, 0.076590172599454442, 0.14644552583719511, 0.067688449100600873, 0.17693597950904877, 0.045064513717532534, 0.083827562112596898], "hpss": [0.029211360878538404, 0.066595179541890925, 0.14748830051845668, 0.02282712863453264, 0.094319727216956056, 0.019026852499671492, 0.08011442732412255, 0.15853391269117342, 0.060478163973342089, 0.19021534839014831, 0.035572069562597806, 0.095617528768569868], "hpss_f": [0.027260410780779811, 0.065598915107197023, 0.15146915976757003, 0.021260675568945071, 0.09393760575564819, 0.018333818771533148, 0.078186133749345341, 0.1636489478792931, 0.061272021578812924, 0.19345803478149168, 0.033554583402509913, 0.0920196928568736]}