{"deep_f": [0.041326431114785032, 0.016030881415015821, 0.24818674454830439, 0.0024236733540739692, 0.088044860868304653, 0.01765311343879844, 0.036707710063449389, 0.24804109431021013, 0.0025091573027177577, 0.10261403477115855, 0.0035596645451227444, 0.19290263426805915], "deep": [0.043110344004660336, 0.016763830825865883, 0.24542574753462365, 0.0024828001829708081, 0.090728606797429417, 0.017814944435039021, 0.037225156410052106, 0.24514955602779362, 0.0025676064230291669, 0.10687513159598089, 0.0036165894263919729, 0.18823968633616314], "standard": [0.079696060834740748, 0.070895100898823338, 0.12755903363737964, 0.034843650080914466, 0.086705436193679972, 0.039258337217210885, 0.071375999775712407, 0.12264217780440745, 0.064054800530533737, 0.14927170803775167, 0.053291215639204734, 0.10040647934964096], "standard_f": [0.083099561454352933, 0.070677508179390641, 0.12941883151523734, 0.032846970294821635, 0.085534703233204099, 0.036559939565573851, 0.068147076130171277, 0.12695931240487687, 0.06228530272795247, 0.15838565664369242, 0.051252661370513861, 0.094832476480212577], "hpss": [0.064014975408690639, 0.070368814802263507, 0.13744410613305766, 0.024278200505329747, 0.090965886958550957, 0.02462597038141081, 0.068225791978080555, 0.14287879160765871, 0.057785014803468759, 0.16532222347381065, 0.041267516328829933, 0.11282270761884808], "hpss_f": [0.067283680207545854, 0.070879895329565609, 0.13955661455362073, 0.023482232772309881, 0.089594222730007556, 0.022994726868971433, 0.066693072970684927, 0.14464945793611136, 0.056703283982277919, 0.16980106371605408, 0.04022701804034011, 0.10813473089251069]}