{"deep_f": [0.027723761565105826, 0.0092878077602100359, 0.27464449506266336, 0.0022823857212204849, 0.05901094667350662, 0.016494932350378265, 0.031756843950613518, 0.27836115870024508, 0.0019560032334694777, 0.070315419247418576, 0.0040388819528440574, 0.22412736378232473], "deep": [0.029222467015979296, 0.0098319149241191325, 0.27198343263043001, 0.0024555283347155242, 0.061751111767172941, 0.016818786076678409, 0.032092535862219079, 0.27631859702597661, 0.0021448637132984896, 0.073538430193374846, 0.0042828309980520556, 0.21955950145798359], "standard": [0.057825497998057168, 0.062303859884615967, 0.14850117172749877, 0.03523757667191782, 0.074932985935135865, 0.031135435235337013, 0.080076476552844916, 0.14077468555369368, 0.063990439431935248, 0.14202833582789368, 0.046241455985116933, 0.11695207919595285], "standard_f": [0.054407456268459116, 0.060227424263821827, 0.1534418261280289, 0.032427292654874526, 0.072914494272410701, 0.029607011012018982, 0.077652829566125015, 0.15307333877333645, 0.064357190657545998, 0.14602056050225964, 0.042755211623009895, 0.11311536427810898], "hpss": [0.03914973612710046, 0.059883319424589271, 0.16469696260464925, 0.025594349239566046, 0.074891884526496019, 0.015892762253076273, 0.081678070732942185, 0.16373804057866781, 0.056839509688663442, 0.15383141483024815, 0.031439529423717014, 0.13236442057028408], "hpss_f": [0.037298125584857032, 0.059354525912375104, 0.16806955229556061, 0.023917047458784289, 0.0744643743342049, 0.015257510818551047, 0.079466413309185011, 0.17047474841932428, 0.057485933775267756, 0.15701647885967318, 0.029305999778851021, 0.12788928945336575]}