{"deep_f": [0.0047599147016805189, 0.075008542562845781, 0.20574016797044603, 0.0013492257582857837, 0.12407809604477156, 0.0032815901064529767, 0.13427974816375277, 0.12146885320697988, 0.010825723507778977, 0.18368645615951359, 0.00081677636434255413, 0.1347049054531495], "deep": [0.0048690199601150166, 0.075403439903434247, 0.20454654319394402, 0.0014496641480449199, 0.12523241317040554, 0.003705376615703171, 0.13280963721479677, 0.12123556993770906, 0.011544950834495579, 0.1828972172438163, 0.00088457719750894735, 0.13542159058002645], "standard": [0.082565891612817716, 0.10406547908269438, 0.11983359919628003, 0.041418119354491911, 0.068739798152909481, 0.045941441418201577, 0.10018532057711316, 0.062804395784598635, 0.070008220783334324, 0.14534246800891601, 0.054195991249860284, 0.10489927477878253], "standard_f": [0.081684248698134898, 0.1051427995423482, 0.12680478193785374, 0.039350268192266447, 0.065801586474524276, 0.043995410955921799, 0.10010775800041928, 0.060792775270678216, 0.069371988498289877, 0.15355336185696983, 0.05024404900966984, 0.10315097156292367], "hpss": [0.074593958425019202, 0.11502145760522053, 0.12563105597081153, 0.038343194555038443, 0.066106397757894994, 0.035425631606893909, 0.10778347103690729, 0.056962344855489566, 0.066318847190055583, 0.15445161306297556, 0.046116715484695883, 0.11324531244899735], "hpss_f": [0.074171247223161166, 0.11445172823721882, 0.13054940191573311, 0.037591872311567485, 0.06391000788668455, 0.033414848257420242, 0.10730884718786715, 0.0550495423743316, 0.064809789544447785, 0.16251410576022962, 0.043664698459831328, 0.11256391084150719]}