{"deep_f": [0.26661991897719062, 0.008765621998235662, 0.035228495367123899, 0.0020713142979097948, 0.26158960189341207, 0.029292340386572781, 0.0054639063518314391, 0.19751958055872779, 0.0019564865318942182, 0.16811964700101958, 0.0045866767598459956, 0.018786409876236098], "deep": [0.26457588658381997, 0.0091669065117629487, 0.036890726910312067, 0.0021367847868647982, 0.25966301601493241, 0.030456415039324506, 0.0058046886963406845, 0.19503596883415339, 0.0020370775301356155, 0.1704273199590953, 0.0046426765877703889, 0.019162532545487922], "standard": [0.1063199410045471, 0.050744932839168713, 0.12000406941136521, 0.028368057818068036, 0.13089515207396962, 0.063387554829209783, 0.04730516882851353, 0.11557369881028805, 0.068053643473523773, 0.14098407731795715, 0.041610570056258421, 0.086753133537130628], "standard_f": [0.10861156653448489, 0.04854996054042289, 0.1211000103032159, 0.026709936155734647, 0.1338766834450425, 0.064233211582614677, 0.044103679747827633, 0.11947038123555082, 0.065429750428595265, 0.14423850382995945, 0.038188199352097274, 0.085488116844454023], "hpss": [0.10847344654950775, 0.045301129810275551, 0.12496348347056555, 0.018803794378895875, 0.14878439743411159, 0.058277765367559485, 0.037586100772776548, 0.12626611620912545, 0.060814981979677024, 0.14936862652420066, 0.029374120760682833, 0.091986036742621721], "hpss_f": [0.11081749286534448, 0.04376991153527731, 0.12613908919270717, 0.017879340289848351, 0.14865589251744074, 0.058458275162154648, 0.035621700962294563, 0.13029993362571227, 0.058562295219306643, 0.15173281840687933, 0.027956650050658036, 0.090106600172376441]}