{"deep_f": [0.0093004336835650746, 0.022033484740251477, 0.27858719731747783, 0.0013622977174739773, 0.05064702324548194, 0.0044966395658260459, 0.22285593318886651, 0.06463647670451482, 0.0036708844298060585, 0.2359089942942719, 0.001129142209907347, 0.10537149290255708], "deep": [0.0094321354523308632, 0.022468902549157968, 0.27735662712250841, 0.0014018740727083543, 0.052198808853274221, 0.0046069615471866507, 0.22066848466809355, 0.065658019684169816, 0.0038369526639450671, 0.23466479195869627, 0.0011640883438415954, 0.10654235308408722], "standard": [0.066553506678882698, 0.089098334618256197, 0.14592825844338389, 0.036039737529008339, 0.09687451746925517, 0.045829410518802433, 0.10245639588254515, 0.054600454227217217, 0.057078863792113792, 0.15357347482424294, 0.05706622121935645, 0.094900824796935707], "standard_f": [0.06334343841928182, 0.087735857011850063, 0.15805215860610516, 0.033600561412311505, 0.098446097521833392, 0.04176085034716432, 0.099793603085481686, 0.052720957316691013, 0.054603269473485948, 0.1592128876257142, 0.051996611606665896, 0.098733707573415042], "hpss": [0.052031418830096855, 0.097046210571304692, 0.16171414163759029, 0.028629755710596273, 0.10425870178981538, 0.032257534353125263, 0.11401499234903049, 0.045164412620589157, 0.046410221565835907, 0.16911462203803471, 0.047755232598037885, 0.1016027559359431], "hpss_f": [0.050775505322107006, 0.094775188647210448, 0.17093463342333975, 0.027602849660904028, 0.10395741805879602, 0.029249912878893419, 0.11153413032667034, 0.043642995544680312, 0.045229406361056719, 0.17305235102543978, 0.044313686961616271, 0.1049319217892858]}