{"deep_f": [0.019574253719433197, 0.017904712612342041, 0.21092008653694153, 0.0014478456436243107, 0.15532494837746633, 0.0066074024757571993, 0.030462217351299056, 0.24947921556135189, 0.004077635395644018, 0.076419063025599906, 0.0016883618926014717, 0.22609425740793906], "deep": [0.020042175740864743, 0.018913084500995127, 0.20972227493866549, 0.001598363249781217, 0.15573667101203953, 0.0068567292184596122, 0.031555759666294654, 0.24664216851956366, 0.0042528015500302475, 0.080298244545335684, 0.0018496869349401742, 0.22253204012302977], "standard": [0.055929328074014198, 0.062959970113435668, 0.14184239614410665, 0.04102709698530764, 0.10079680910880583, 0.0435495119717417, 0.091675429941093595, 0.11136868409358135, 0.061942403652897535, 0.11480209437419869, 0.049207144880363707, 0.12489913066045334], "standard_f": [0.051249531538078603, 0.061581137717380809, 0.15068491592351002, 0.037060594952643314, 0.10320818341768688, 0.041078245980130317, 0.089662478456710396, 0.12174502755832717, 0.0619256559140113, 0.11328773724017618, 0.044628246592291657, 0.12388824470905334], "hpss": [0.041094000043138484, 0.061145345052981949, 0.15388282226877012, 0.033858307266913468, 0.10829283273620476, 0.030873475222150015, 0.096529005819925767, 0.12091718564518425, 0.054522806860456616, 0.11610061115364677, 0.039494938449788838, 0.14328866948083907], "hpss_f": [0.038845343309209621, 0.06024465297668688, 0.16041110869661662, 0.031009127060463736, 0.10940640191496562, 0.029910125484399891, 0.094817881113255661, 0.12636299121159161, 0.054891025320300997, 0.11550939036306483, 0.037170348459599996, 0.14142160408984461]}