{"deep_f": [0.0086279091836828949, 0.011741212223062795, 0.26519452666366722, 0.0018208737109620351, 0.058924902198333198, 0.0033564415188105916, 0.19136860941333381, 0.11521299171224518, 0.0037648380000335031, 0.17574483293697526, 0.0011307167425676963, 0.16311214569632582], "deep": [0.008833112487794401, 0.012079110979493185, 0.263234740570437, 0.0019012242723794579, 0.061537777407195196, 0.0034430779096119683, 0.1883333866566986, 0.11731062236217447, 0.0039805822295540484, 0.17352442076635224, 0.001182739174075785, 0.16463920518423361], "standard": [0.059146982831836323, 0.084090070620533086, 0.12749761094170561, 0.035544110225064027, 0.088024103014063437, 0.050956147345825098, 0.14307282019088954, 0.068126458764221479, 0.048935481176862479, 0.1293527452490518, 0.060603662081578191, 0.10464980755836917], "standard_f": [0.055928925880871221, 0.084127060389010244, 0.1381508903765834, 0.032646670081179344, 0.085510984522620348, 0.048543202268576814, 0.14509194549683663, 0.070156509442250992, 0.046814898821013452, 0.13294091109923098, 0.05803274122028939, 0.10205526040153715], "hpss": [0.043148565224388945, 0.090203184269974077, 0.13465351374218434, 0.027475789573680093, 0.09270678424896317, 0.040224264420062425, 0.16765029842704493, 0.062527351384157034, 0.037499805030204156, 0.13610120232172673, 0.053348217967131101, 0.11446102339048288], "hpss_f": [0.041464636003919343, 0.089243231585714108, 0.14350459283780387, 0.025745633789894889, 0.091653035772587016, 0.038007345888162944, 0.16624969954447519, 0.063706614408262779, 0.036181500300721571, 0.13962645372727173, 0.051322508082944508, 0.11329474805824223]}