{"deep_f": [0.017590531652395679, 0.0082107222761980091, 0.23077187515706382, 0.0016320235997473041, 0.11790021771434935, 0.0063393046871426106, 0.05754116408797693, 0.24856951785457604, 0.003458929384324811, 0.05489006494501264, 0.0013109693081160226, 0.25178467933309678], "deep": [0.017928937146270134, 0.0084194787279135864, 0.23015591529184029, 0.0016631664004812809, 0.1185789000340387, 0.0063547330133397967, 0.058047089824088315, 0.24747299500028447, 0.003527128578823013, 0.055894314119304608, 0.0013308307706065461, 0.25062651109300926], "standard": [0.061728784075000299, 0.066463147131415101, 0.13783167223257251, 0.037603957275710878, 0.098379258705874967, 0.046997063331031458, 0.10946475794369119, 0.10515548489354792, 0.058242932473431035, 0.10925770839854874, 0.051972344910118519, 0.11690288862905739], "standard_f": [0.057039387828371341, 0.0651856607240483, 0.1460005417764827, 0.033588965717932052, 0.1007710404178175, 0.046101479172278442, 0.11004082110588929, 0.11229255201378831, 0.058347390341489384, 0.10901718561917743, 0.049508670084149144, 0.11210630519857617], "hpss": [0.045844093277912522, 0.064625369837243929, 0.14849836719755719, 0.029084406107138083, 0.10614235295034385, 0.035092970556755636, 0.12185038081690179, 0.11336944886540634, 0.049688341705259792, 0.11008173283702723, 0.04261447168621451, 0.13310806416223914], "hpss_f": [0.04368594531871655, 0.063666480434907066, 0.15413422775809671, 0.02689528137627429, 0.1077653568309581, 0.034097506796886862, 0.12110148734687563, 0.11688567305108298, 0.049659977164529634, 0.11122981805011292, 0.041194001408707888, 0.12968424446285129]}