{"deep_f": [0.0072760653052800313, 0.014161066749409373, 0.26438213569080793, 0.0019809161589029924, 0.049808032540181214, 0.0033790649550457922, 0.20849567083540749, 0.083094557089476939, 0.0041677051993679647, 0.191753767510115, 0.001088707237549644, 0.17041231072845556], "deep": [0.0075172950596066185, 0.014592776461156079, 0.2633122416926052, 0.0020998459013451287, 0.051572273417449611, 0.003552274313234616, 0.2063276981202222, 0.084288299787715917, 0.0044316037459295439, 0.1907628260178808, 0.0011967159262938126, 0.17034614955656047], "standard": [0.057889217291039817, 0.088204523620567341, 0.14008933148786196, 0.034332767766939817, 0.10552469195410141, 0.048326982136988626, 0.12183937571724959, 0.05186059812434643, 0.051300424631256336, 0.15236656814640687, 0.052309236844859296, 0.095956282278382474], "standard_f": [0.054619982723934368, 0.088206337820340971, 0.15098220813461558, 0.031567320433360843, 0.10520353046377981, 0.046670144723350612, 0.12326770342866675, 0.050689368983823507, 0.049699172014067122, 0.15756476556919852, 0.049687749368136851, 0.091841716336724985], "hpss": [0.041731539522718707, 0.095122891515201896, 0.15107286480285911, 0.025056114708504124, 0.11570533786389099, 0.037079720125704319, 0.1386734451505654, 0.04188405340006799, 0.040567977121412836, 0.16699682749885458, 0.042851856220725688, 0.10325737206949448], "hpss_f": [0.040525500671084617, 0.094435562932064815, 0.16028359535023087, 0.023438616225272782, 0.11568181651501154, 0.035797232112273807, 0.13776427561794435, 0.040715578200095214, 0.039596371653615271, 0.16931368837904037, 0.040903869531262418, 0.10154389281210396]}