{"deep_f": [0.014711652519345647, 0.043363489685129521, 0.26678375775731744, 0.0018673410732076114, 0.056005651376534751, 0.0052078608080546309, 0.20949159322708522, 0.076930908799212105, 0.0032057527181812116, 0.24501760283061197, 0.0020746247608320017, 0.075339764444488033], "deep": [0.014680625039950906, 0.045961559115944836, 0.2632618980566957, 0.0019769097875137198, 0.059203576508477421, 0.0053227517175000686, 0.20589357285626744, 0.07792732572001379, 0.0034029373013562711, 0.24406856621814049, 0.0021944267644992597, 0.076105850913640083], "standard": [0.061884433709193117, 0.1073156805186585, 0.14525835305042442, 0.031198295404551588, 0.082772151883116707, 0.043450629672327656, 0.11089662982111465, 0.095018799964185385, 0.060850592282295925, 0.14135466547727793, 0.047179619639601163, 0.072820148577252816], "standard_f": [0.05939363310887557, 0.10524488163696484, 0.15519123727380713, 0.029573519529244405, 0.078891505349312371, 0.040747181049187724, 0.11175039964155961, 0.099668229856913787, 0.058908987452079314, 0.14716624414237212, 0.044328199655009781, 0.069135981304673411], "hpss": [0.04538873730625001, 0.12101872943360985, 0.15930458353765906, 0.019013449181169963, 0.08462873177520025, 0.031704107757442403, 0.1245647472772597, 0.10084918973347791, 0.052918971143132043, 0.15609475103123083, 0.034007926326968689, 0.070506075496599152], "hpss_f": [0.044268651873040195, 0.11775583435034778, 0.16919730508177022, 0.018280837376875855, 0.081747302707665739, 0.029710813497836771, 0.12439580011892251, 0.10360307715831875, 0.051676956865376787, 0.15880917991511895, 0.031846538676145467, 0.068707702378580773]}