{"deep_f": [0.040946789358014969, 0.013571848649595477, 0.269062258869807, 0.0020582969572007039, 0.049254561908002349, 0.010933377943847029, 0.12398728887961862, 0.18005515638304342, 0.0024392611267232203, 0.15204809139980199, 0.0022704043270371471, 0.15337266419730816], "deep": [0.041522020333698874, 0.01430182779756373, 0.26712834679975755, 0.0021391192000532349, 0.051330210293774096, 0.010984988195969799, 0.12493997716121132, 0.17760625315487361, 0.0025679248128748439, 0.15445597833036304, 0.0023386044640805541, 0.15068474945577931], "standard": [0.07912187872956826, 0.086267177762030509, 0.14120093596582409, 0.033539147433553726, 0.075266769131128786, 0.040007640540584331, 0.098841460970740452, 0.11821842996977258, 0.054705045821870538, 0.13171301273602409, 0.049553461818844798, 0.09156503912005784], "standard_f": [0.081385192606880805, 0.084070367724667625, 0.14931724844723573, 0.031876664330618268, 0.075140080808366386, 0.037077856852854238, 0.09624260752765551, 0.11982477581363776, 0.053951430090434696, 0.13399912565552693, 0.046361349487648917, 0.090753300654473096], "hpss": [0.066784996176985689, 0.092553060823173341, 0.15546138590737682, 0.021963193456646071, 0.074223842729931058, 0.026782241040625532, 0.10872800190305798, 0.13494641654359435, 0.043544810328445926, 0.1432669547541898, 0.035368762338289242, 0.09637633399768418], "hpss_f": [0.070622737195412677, 0.089551021858974136, 0.16191809109812724, 0.02133044410984376, 0.074341048594476156, 0.024822316091605443, 0.10594491097254494, 0.13502181578006786, 0.043331318431333893, 0.14307843313958399, 0.033555843865166739, 0.096482018862863228]}