{"deep_f": [0.011312506899918119, 0.042588151480947599, 0.2641843310403712, 0.0023631481239112279, 0.056229506820915411, 0.0043085589476595061, 0.2251171224140491, 0.055979710304540679, 0.0040777728067880126, 0.25186568410305749, 0.0020803144207695162, 0.079893192637072299], "deep": [0.011350271889079626, 0.044999446393518598, 0.26064952204436725, 0.0025631873123107382, 0.059373984528960165, 0.0045513867414389468, 0.22051841814461942, 0.057956049315889394, 0.0044246211276084274, 0.24952361579646304, 0.0022775794724221887, 0.081811917233322221], "standard": [0.0760601433456978, 0.11040653983262494, 0.14197781400910783, 0.036543796849683362, 0.07976689991655081, 0.046889407057029174, 0.10383658137514844, 0.06524032753508098, 0.063271883504796275, 0.13777177219327366, 0.053140042597656485, 0.08509479178335011], "standard_f": [0.075907322761230522, 0.11037487119276147, 0.15428147177103799, 0.036022763964007935, 0.077974011310598459, 0.043853021175535828, 0.10097494700523703, 0.061090896706371328, 0.06087181801927543, 0.14655007867672235, 0.049071003123441086, 0.083027794293780488], "hpss": [0.061201119712596896, 0.12758637962686592, 0.1564055145503743, 0.02652008512675565, 0.081079561102599021, 0.035547706050480167, 0.11827711121089396, 0.05985184337650136, 0.055980502040371478, 0.15236967907873797, 0.039253065993433187, 0.085927432130390058], "hpss_f": [0.061294760688438865, 0.12556598059367327, 0.16512953541683237, 0.026846320398342848, 0.07971509013365477, 0.033212867871831253, 0.11587412472090962, 0.057009815644507848, 0.054140834478012163, 0.15891754920929921, 0.036676223595309573, 0.085616897249188334]}