{"deep_f": [0.0075185453748964877, 0.026635021837980735, 0.28105716665022745, 0.0016124519310481446, 0.040016797396684282, 0.002235849430193049, 0.25952794518212779, 0.03653022167189153, 0.0028120577001267064, 0.26522817828994605, 0.0011442132088376555, 0.075681551326040028], "deep": [0.0076077944141194846, 0.027523509103075494, 0.27904504573640143, 0.0016844337538040456, 0.042206590091513105, 0.0023104273470994892, 0.256522456767527, 0.03814009444707802, 0.0029918314261596713, 0.26350449967316614, 0.001195911854202119, 0.077267405385853999], "standard": [0.066637828455976517, 0.099022091296191259, 0.1344036472514894, 0.033930434327230287, 0.090884401033065984, 0.048452699923167933, 0.1143304113486763, 0.071966180343797814, 0.05840120622143994, 0.14286761196596462, 0.060540813070701395, 0.078562674762298695], "standard_f": [0.065946445765148076, 0.098977971796131797, 0.15222954407954797, 0.032755836229601876, 0.090014862822738961, 0.045011937260855436, 0.11197668609384383, 0.066367398297940944, 0.055097040736641699, 0.14989838684744922, 0.055694807865072513, 0.07602908220502777], "hpss": [0.049189982409338348, 0.11030901458711427, 0.14374658085864006, 0.024458495702195174, 0.097133233065292507, 0.037640729900440414, 0.13188921996021127, 0.070269490428231524, 0.050644571583467995, 0.15576078056968756, 0.049462539400554055, 0.07949536153482685], "hpss_f": [0.049915594681247961, 0.10821201526239303, 0.1583597610220927, 0.024859855248446527, 0.096664903595948148, 0.034538369186991463, 0.12798409010725623, 0.065012968285631953, 0.048650169307445819, 0.15965478157889612, 0.045613554165201194, 0.080533937558448773]}