{"deep_f": [0.017273058891553866, 0.0077101060433518269, 0.27646958077364919, 0.0017410517118091615, 0.048502979069198697, 0.010593482110034065, 0.058887346993087633, 0.25742537402725496, 0.0015719740070072518, 0.075959527721256456, 0.0018655440227334462, 0.2419999746290635], "deep": [0.017807739173691141, 0.0078838458406491115, 0.27551666443250866, 0.001768562985892556, 0.049425891238825223, 0.010670730914230033, 0.059570017940812174, 0.25604820410409629, 0.0016028393424187054, 0.077636859053962989, 0.0018980979401388022, 0.24017054703277432], "standard": [0.066281521182956368, 0.069487582023046418, 0.15795715847882855, 0.041507850148412601, 0.067422613447161217, 0.041762033133910317, 0.087833333390662377, 0.11763471390673398, 0.057728636383075675, 0.12574392475419324, 0.050621412890144608, 0.11601922026087465], "standard_f": [0.064984095238787939, 0.06857370849348203, 0.16757679470370446, 0.040937440575764157, 0.063906399119737625, 0.039296153482574529, 0.087593232745949989, 0.11922353936328781, 0.054917600069201863, 0.12837363059608795, 0.048371650970816853, 0.11624575464060474], "hpss": [0.044540601441349685, 0.067491113178968012, 0.18156788126262319, 0.032207033086470431, 0.062610726448695947, 0.027704132149207108, 0.093630200130979779, 0.137074596908076, 0.049447501775738777, 0.13385020778256429, 0.034818906403324336, 0.13505709943200245], "hpss_f": [0.044428450557294483, 0.067681642734706032, 0.18627361579212834, 0.032379850163366038, 0.060992449391396752, 0.026154256935848622, 0.095429657756022163, 0.13452690079886578, 0.047829751461616596, 0.13623039183547347, 0.034043980023922719, 0.13402905254935904]}