{"deep_f": [0.0058955983172750224, 0.17938784247427345, 0.11350510137472278, 0.0050897758294651029, 0.18161980281638226, 0.0034242479243646287, 0.14183199848661973, 0.025471756289008708, 0.011411664204160519, 0.26872560544776619, 0.0030426773303873613, 0.060593929505574295], "deep": [0.0063252584397887647, 0.17737756126835455, 0.11313322749264076, 0.0054331718113825754, 0.18163704918341325, 0.0037842655524333011, 0.14041344401076639, 0.026524099900264834, 0.011868648473662884, 0.2670970993762688, 0.0032069863016165423, 0.063199188189407382], "standard": [0.071366728010720151, 0.11767462228566528, 0.080807751330779054, 0.039273438966481306, 0.1098200991240159, 0.050704466320862084, 0.088431682647721901, 0.044924816506418483, 0.078692855071551909, 0.15907561870659528, 0.052068411308139939, 0.10715950972104857], "standard_f": [0.066387580970322546, 0.11704388054634073, 0.079200194952496306, 0.036188036166153958, 0.11442168610642189, 0.048038259161661406, 0.085590665328822313, 0.043946381793569023, 0.075277553979584494, 0.18206489145469976, 0.05079623046860527, 0.10104463907132237], "hpss": [0.059186531132664484, 0.13575130407037467, 0.068682636207193698, 0.032660414595567677, 0.12237723306697389, 0.040972115154161909, 0.094031404598722723, 0.031118164461568464, 0.077936521908664555, 0.17828888680591368, 0.040845180903929267, 0.11814960709426517], "hpss_f": [0.056175201698267251, 0.13465615531137876, 0.069186445681309147, 0.030949780728836189, 0.12430423892514533, 0.03950923765462374, 0.093439427450450863, 0.031535144332876602, 0.075649293260910189, 0.19139919875131395, 0.040456202262176694, 0.11273967394271137]}