{"deep_f": [0.086856957977165708, 0.0039206235379697293, 0.24440293831180179, 0.0014371408769530286, 0.063257981491457185, 0.0085788116443063604, 0.13891143802922246, 0.17598389625165906, 0.0012433834295455157, 0.12191271690630812, 0.0016898268258949448, 0.15180428471771631], "deep": [0.089929100807220608, 0.0040553349070215393, 0.24168987623308771, 0.0015097831130415525, 0.065648418561323627, 0.0089294443816986188, 0.1372995317483417, 0.17610200885804969, 0.0013082986931897116, 0.12249606151065362, 0.0017722474504962382, 0.14925989373587539], "standard": [0.090733862233888685, 0.07548092105684498, 0.12991158569558744, 0.028798615755762515, 0.059633317555297397, 0.051462538222891221, 0.1121434883530386, 0.11072178836210179, 0.047393205186898907, 0.12703027352883589, 0.064332264486419335, 0.1023581395624333], "standard_f": [0.088270539828422048, 0.074887165481422033, 0.1337440814877964, 0.027263928342864743, 0.056485504743616473, 0.048234311170822886, 0.11158354662773162, 0.11289195718479308, 0.045044922821755061, 0.13813620301158869, 0.0616905276924491, 0.10176731160673813], "hpss": [0.084002418474931728, 0.081458488201251691, 0.14278623119237696, 0.021306239402352479, 0.051929707459808995, 0.035634047179503248, 0.1261832665456161, 0.12226841821276323, 0.036234579440590629, 0.12894462499905748, 0.056167965869518569, 0.11308401302222895], "hpss_f": [0.082405330146797878, 0.080173427904325745, 0.14666920253867666, 0.020517501332985473, 0.048064574124874332, 0.033029276101663015, 0.12657604724256863, 0.12385138748551083, 0.03417428138557195, 0.13722263468163351, 0.054559958619968985, 0.11275637843542312]}