{"deep_f": [0.056300368342488152, 0.0028083452896801695, 0.25493127429236034, 0.00079484555812655319, 0.081592790518535616, 0.01765673727926597, 0.032663413453849412, 0.27014895241190728, 0.0027849794727414323, 0.045056884046789987, 0.0014197998770895213, 0.23384160945716545], "deep": [0.058241526801139559, 0.0029143186057399972, 0.25320609459252913, 0.00082037281669773406, 0.083270960629352464, 0.017762530923093212, 0.033474920527004237, 0.26824524354742763, 0.0028467624801951498, 0.046915573812285095, 0.0014442291175226895, 0.23085746614701311], "standard": [0.092209957544421087, 0.065485576560240052, 0.14308245562922178, 0.037368341124487024, 0.070177722055452418, 0.050435808712235831, 0.11294809525038181, 0.086677409565900768, 0.043353543730153064, 0.12784518046228563, 0.060032754465392447, 0.1103831548998281], "standard_f": [0.092026052698758146, 0.066049490721786439, 0.15313311071764826, 0.035689395287476479, 0.068444880019664048, 0.047616215274882592, 0.11434630161160846, 0.084410613674903268, 0.040643884697866492, 0.13230169472350345, 0.058012192691442623, 0.10732616788045958], "hpss": [0.082851611460186353, 0.065688114247898916, 0.16319086094101259, 0.030172888292461262, 0.066019669155847754, 0.031635511704218557, 0.12963243037690431, 0.089651409557887821, 0.029029282778481918, 0.13264991827634262, 0.050133162025222854, 0.12934514118353505], "hpss_f": [0.084099105820576919, 0.06574072365704689, 0.16984350693247546, 0.028983383221094363, 0.062827929891230358, 0.029590550093225948, 0.13328207968795416, 0.08769097929488022, 0.027204566209302811, 0.13402863303005688, 0.049090380260175343, 0.1276181619019808]}