{"deep_f": [0.14347487644858339, 0.0058815540779243343, 0.20181363080341391, 0.00093342248737373018, 0.10790911707461931, 0.01618626969555953, 0.064768956154060656, 0.1945408936886466, 0.00085400864130178887, 0.1460468413934661, 0.0016036189724382964, 0.11598681056261234], "deep": [0.14551357327032757, 0.0060653925506671058, 0.19985123040902822, 0.0010283689253962362, 0.10952499082526707, 0.016478527597215683, 0.064958009354759316, 0.19308536360203885, 0.00096467993542150834, 0.14765780027650968, 0.0017066183555534918, 0.11316544489781531], "standard": [0.10943865256718235, 0.064269424033299855, 0.11957374159771053, 0.031375881945041526, 0.07965394694200395, 0.052214476924175066, 0.085149536827560837, 0.11223131278445593, 0.057304082750936472, 0.13325001570604147, 0.0578590611525302, 0.097679866769061624], "standard_f": [0.11273386736414232, 0.063805765084237923, 0.12102313280643455, 0.029644945654110067, 0.07842827651244888, 0.049493439847965962, 0.082460038421349177, 0.11710778959482265, 0.054616544539139784, 0.13914912617541952, 0.056030200497211698, 0.095506873502717485], "hpss": [0.10870576811455379, 0.062613133451500366, 0.12942170409995662, 0.019864101549416303, 0.080400982929400885, 0.032692945805736853, 0.088732362810235083, 0.12870638583211774, 0.045795546731827057, 0.14405975918851927, 0.045287037565593519, 0.1137202719211426], "hpss_f": [0.11019700143666708, 0.062044350234159967, 0.13050861041234316, 0.018972763091073711, 0.078383175574475758, 0.030719142877480909, 0.08895472321819213, 0.13288082412246324, 0.043009077495121936, 0.1465501100843514, 0.043875310488531681, 0.11390491096513895]}