{"deep_f": [0.031186018562442724, 0.020233677388502361, 0.22512110323656942, 0.0046585112652217887, 0.10452544369374729, 0.019049739181291749, 0.041728005227664004, 0.23260291880167519, 0.0053349567323871397, 0.11103265679039885, 0.004881830313294225, 0.19964513880680532], "deep": [0.032589549151646864, 0.020994290372003052, 0.22174042582823356, 0.0047923609156235803, 0.10759059866300454, 0.019115852987447359, 0.041876798566066492, 0.2302667973837805, 0.0054770522626142442, 0.11509139430282365, 0.004998275925327372, 0.19546660364142876], "standard": [0.06980839961933312, 0.062599706064727478, 0.13503500030694407, 0.042331611908676646, 0.096564354729676991, 0.039850330245229312, 0.072006588801003163, 0.10647275626768521, 0.05648417725991018, 0.14137919995119563, 0.053834659303344835, 0.12363321554227331], "standard_f": [0.066943768788178148, 0.061810189964579508, 0.14017292777811999, 0.039580150200517424, 0.098424622060976352, 0.037848522735846338, 0.069219079785915266, 0.11007132276732465, 0.056271398897785957, 0.14776946142482872, 0.050666929785449392, 0.12122162581047828], "hpss": [0.05181400681616298, 0.058548487063763498, 0.14774135344121503, 0.03325338536832885, 0.10407637434411125, 0.022916018157305738, 0.070513832475821034, 0.12222521830668677, 0.045927108068508103, 0.15635349082223057, 0.040542266948653566, 0.14608845818721258], "hpss_f": [0.050044905289078921, 0.058157961282441301, 0.15320316100849415, 0.031209531998497519, 0.10540368739657369, 0.021500877762132116, 0.068773726028464599, 0.12560893505461915, 0.045703598071053023, 0.16040633419704514, 0.037980626480277592, 0.14200665543132282]}