{"deep_f": [0.0082360155523081412, 0.19228105036811527, 0.10169486816574755, 0.0048249879244882977, 0.20030482991116472, 0.0056267613638948171, 0.1122763513166474, 0.027248437903535015, 0.01477903245387867, 0.27548357860552808, 0.0047947445839859942, 0.052449341850706176], "deep": [0.008296986138617941, 0.19033111916968423, 0.10298396537328031, 0.0049097388653841067, 0.19899443195729344, 0.0057163070957307223, 0.11304923172662024, 0.027673565190299437, 0.01490630603214076, 0.27441418478018098, 0.0048642215587166807, 0.053859942112051154], "standard": [0.091206468431268908, 0.11830309231914593, 0.1098563590970415, 0.041270057213265821, 0.11811028814305179, 0.049274429745003442, 0.065614624272323827, 0.044515325554096444, 0.082283082751251624, 0.14223052388716276, 0.048159125537288329, 0.08917662304909961], "standard_f": [0.089505082626236881, 0.11810861270102936, 0.11526646012296686, 0.040025458028445933, 0.12037379531592604, 0.047279473936235245, 0.063179591578520794, 0.042873508870530201, 0.081195368292220724, 0.15025753292596883, 0.046157959545564321, 0.085777156056354872], "hpss": [0.081457988942158319, 0.1402922632277834, 0.10930027296029854, 0.032060006264100917, 0.13838898068320712, 0.036788720308367454, 0.064475838883713957, 0.028853990860461996, 0.083702636684626491, 0.15940668749734768, 0.03223334498342121, 0.093039268704512929], "hpss_f": [0.080770781763215421, 0.13878854727540529, 0.11538287424465542, 0.031358388525934332, 0.13942485382226977, 0.035545618458891926, 0.06310055215970449, 0.027831184034806083, 0.082649067626149167, 0.16346578749872506, 0.030935360692755494, 0.090746983897487449]}