{"deep_f": [0.15026986734971295, 0.024601044842494955, 0.13605044558329954, 0.0077744289551716717, 0.16241536517983793, 0.027824044510914584, 0.035985020447993961, 0.1858117413864103, 0.0054101982773998468, 0.17410931829764678, 0.0071172963748513656, 0.082631228794266265], "deep": [0.14742601163062638, 0.02511654031638564, 0.13733013972111044, 0.0077838853459102839, 0.16158633673699296, 0.027856853076941013, 0.036888484796039407, 0.18352452479864265, 0.00557724258950859, 0.17701807207568007, 0.007083243045524718, 0.082808665866637848], "standard": [0.11268144406325549, 0.070185956205220654, 0.10611174780899986, 0.037047219597740322, 0.10091670164237061, 0.038262758063796677, 0.064553786053032136, 0.1149600258894285, 0.054041941526057541, 0.14546885837302137, 0.056267904859310151, 0.099501655917766718], "standard_f": [0.11962316218820113, 0.069340206725746062, 0.10811518563913167, 0.033640098246373568, 0.1039794355374591, 0.036142094536133269, 0.060397444914905965, 0.11872061715858928, 0.052880622876989997, 0.1489132984762048, 0.053636790263959254, 0.094611043436305983], "hpss": [0.11389586839810262, 0.069444399946237037, 0.1033209214255669, 0.027260853573370703, 0.11100866631879293, 0.019455788173236323, 0.059028210886673586, 0.13418861274923174, 0.042102013906342189, 0.16325382581477438, 0.04479610726557013, 0.11224473154210148], "hpss_f": [0.12261454777878404, 0.06821872498265262, 0.10601878752482552, 0.024871613367786736, 0.11158642068579254, 0.017989770389452167, 0.056943776373727696, 0.13904584448165794, 0.040810645492745372, 0.16005690820917395, 0.043246932227783197, 0.10859602848561815]}