{"deep_f": [0.0058857374494329035, 0.10193002822827578, 0.19159243610755516, 0.0007946378873158426, 0.13036185264561276, 0.0017054665862574897, 0.14297635604485071, 0.084365490398051524, 0.025415810545841397, 0.20697387897572456, 0.010955060816051234, 0.097043244315030558], "deep": [0.0058881799461021848, 0.10201487554493641, 0.19113045637499992, 0.00084935681610828133, 0.13077076058311207, 0.001780855793568709, 0.14223022409530356, 0.084797379400821243, 0.025698111427045554, 0.20598978770434717, 0.011169865931411649, 0.097680146382243205], "standard": [0.091841055348179781, 0.097468835039993096, 0.13317428607048037, 0.030218412852618899, 0.075038572101366496, 0.056456929374586018, 0.10016187022048476, 0.067291578523888271, 0.061221684900155324, 0.14305246823990586, 0.05888795067496231, 0.085186356653378717], "standard_f": [0.088932143332696278, 0.096589196432401603, 0.14174400630422335, 0.027641457473097122, 0.073134696786915532, 0.053711045229463947, 0.10574691237985566, 0.068789284501087636, 0.056207440062863663, 0.15187047594076697, 0.057040157756932032, 0.078593183799696278], "hpss": [0.085215917501092725, 0.11039638492165582, 0.14275315808363176, 0.024591419282309297, 0.072635122593024876, 0.043766403270042491, 0.1088865192138118, 0.059740739329708796, 0.057177685323995357, 0.15010814907550957, 0.053409253597807252, 0.091319247807410436], "hpss_f": [0.08305023609712657, 0.10865216153187685, 0.1490225790454697, 0.023320680610593881, 0.070518780490267677, 0.041462810820757673, 0.11571429847494767, 0.06002668134270233, 0.052660501892104979, 0.15515708093523467, 0.052519682039865644, 0.087894506719052537]}