{"deep_f": [0.0065754862285000637, 0.070544343113006641, 0.24136662608794118, 0.0014327247759877912, 0.073096177935238371, 0.0029002888183870756, 0.17996096993655664, 0.096551924327836519, 0.0071882471387784679, 0.20770074848835368, 0.00061937287644056171, 0.11206309027297308], "deep": [0.0067180863130212798, 0.071129741764113352, 0.23979072485000077, 0.0016148744590476648, 0.074596283636594873, 0.0030305338716795512, 0.17816008500158237, 0.097037791658011824, 0.007736879565537349, 0.20671104409291752, 0.00070414736058940948, 0.1127698074269041], "standard": [0.088432033008744068, 0.092625695021263277, 0.13740312192100027, 0.027327224845429404, 0.071064663181581694, 0.051315546140174487, 0.11838077145521522, 0.074099992472058937, 0.046231691928383993, 0.16524600090232824, 0.059456715510171031, 0.068416543613649294], "standard_f": [0.085628812457520451, 0.092824926175937988, 0.14385938039722954, 0.025170770131462131, 0.068892042070354403, 0.049257774317434125, 0.11837532541555509, 0.072303852128317789, 0.042750155425215514, 0.18221815155132226, 0.056890585868235685, 0.061828224061414951], "hpss": [0.081025357048030294, 0.1046309403845251, 0.15036086988392081, 0.020343497314271042, 0.066372045635449323, 0.037013732404554085, 0.13409610740687972, 0.069106651133163749, 0.036633312574341277, 0.17882998812159759, 0.052469081927674743, 0.06911841616559207], "hpss_f": [0.079775268272446173, 0.10471807766377059, 0.15705414781827198, 0.019224162528043317, 0.063624053178153631, 0.035173400945950124, 0.13413713282813658, 0.067798420434773118, 0.034119046159762842, 0.18873761912295878, 0.050289923092851137, 0.0653487479548817]}