{"deep_f": [0.032143235052420262, 0.021850644494433465, 0.21692304618831879, 0.004413626689367965, 0.13158580304102607, 0.014738247339558226, 0.058718129398823496, 0.20765947923999117, 0.01149741003547883, 0.090738744133239915, 0.0046339376383876182, 0.20509769674895431], "deep": [0.03437363424399964, 0.022834873363215741, 0.21304563944785115, 0.0046013675280407685, 0.13591113498915722, 0.014710406564038601, 0.058950801184503507, 0.20443947870787618, 0.012077693609328298, 0.093463814536360726, 0.0048274691465308396, 0.2007636866790973], "standard": [0.07761697265706663, 0.062311296116837937, 0.16072045308188734, 0.033166329577526327, 0.09605876883639787, 0.04164614522030826, 0.083992860480371023, 0.083432514809541378, 0.058144182571946562, 0.13567478753142789, 0.05391617675228965, 0.11331951236439899], "standard_f": [0.077748745145742718, 0.062411326085585278, 0.17122987013964081, 0.031473378279476973, 0.094416325132501491, 0.039010369593337493, 0.083149931052955525, 0.08296853040505707, 0.055173451916370173, 0.1410974748016566, 0.051176023149804378, 0.11014457429787126], "hpss": [0.068098424373342237, 0.059577888072431626, 0.18013668376056288, 0.024645722098459381, 0.10247044984512366, 0.030489686799084263, 0.088021885209265738, 0.084505415093474437, 0.049728733512735594, 0.14117476154690578, 0.04450902191794482, 0.12664132777066958], "hpss_f": [0.069407491335041149, 0.060025295187879739, 0.18730277332982051, 0.023852369474280977, 0.1011266226497686, 0.02881247504032813, 0.087819837496714806, 0.083523190640910253, 0.047938712216256799, 0.14342062906784001, 0.043107964824538311, 0.12366263873662063]}