{"deep_f": [0.01214940380331675, 0.056999859114063432, 0.23267121068749635, 0.004162175001994204, 0.10080303681988255, 0.0063820453359643365, 0.19644781528091029, 0.050196827226557848, 0.011314832297242564, 0.22431822833040865, 0.0042029679211876975, 0.10035159818097515], "deep": [0.012127821815879423, 0.057628251121529563, 0.23157358747013104, 0.0042099185364663149, 0.1022454301963467, 0.0064299394644195427, 0.1948976084752414, 0.050360888189618105, 0.011519490409921906, 0.22373420616079662, 0.0042507990712919571, 0.1010220590883574], "standard": [0.058777620913323461, 0.094393388873620393, 0.13192267982792014, 0.02896318771047084, 0.12038284479728636, 0.049051782182306249, 0.1279784247628856, 0.042296975732620576, 0.054326890506732076, 0.15314461609206212, 0.048988890238284975, 0.089772698362487219], "standard_f": [0.057403723957177299, 0.094423998558309047, 0.13735280236482522, 0.027599591179903675, 0.11967616097340375, 0.046782862137902552, 0.12704202359863323, 0.040706720002072191, 0.053033251599172895, 0.16338557662208766, 0.046905452875624906, 0.085687836130887735], "hpss": [0.041698218266663693, 0.10324172043561804, 0.14326628740747638, 0.019672541888224326, 0.13841935823279158, 0.038945132267885735, 0.14739171360000206, 0.02829900475114484, 0.042061508182889971, 0.16881288198428457, 0.036053645763451221, 0.092137987219567605], "hpss_f": [0.042318571366350734, 0.10220704583766579, 0.15034860002212319, 0.019067749978350094, 0.13845639989099878, 0.037483800565495405, 0.14272649567709988, 0.026763850729279628, 0.042168503111034455, 0.17424141539358792, 0.034537482803142457, 0.089680084624871842]}