{"deep_f": [0.054987650261582324, 0.024668770243623024, 0.23168615639219456, 0.0047897884135702376, 0.082308776594026106, 0.025964458563912923, 0.079484032267458343, 0.19232017849494148, 0.0050030270715554015, 0.14290812130839392, 0.0057250195565690431, 0.15015402083217286], "deep": [0.058307945970701699, 0.02639349001516925, 0.22625606330895223, 0.0052006049510827535, 0.08575188839568236, 0.026634033246971403, 0.079091121772960363, 0.18916668463806308, 0.0053839534666288644, 0.14821037369996382, 0.0061458405114991569, 0.14345800002232506], "standard": [0.085153688159059729, 0.067714602997241649, 0.12559677819851292, 0.029623266177258127, 0.068474519300200182, 0.03663847027467422, 0.094820089070931535, 0.13753872540592926, 0.060464670921442323, 0.14883657358520652, 0.051826805608576117, 0.093311810300967454], "standard_f": [0.085565286282934347, 0.06573118462931625, 0.12857091095837309, 0.027906015332539648, 0.066906837630104049, 0.034127328481945801, 0.092216162766572463, 0.14463833363400933, 0.059935011779839904, 0.15502789969053915, 0.048388186013688064, 0.090986842800137746], "hpss": [0.078418118146114948, 0.068229928162186926, 0.13291009384352293, 0.021039766660096451, 0.066516403190091944, 0.024978637810748428, 0.10185375245530165, 0.15615932582114775, 0.051123460596142423, 0.16015639058685341, 0.040587955725558685, 0.098026167002234599], "hpss_f": [0.080511405360755031, 0.066598567242312265, 0.13648808612908905, 0.020088043588796393, 0.065710020434488675, 0.023512728835551555, 0.099381380682751569, 0.15970041248258574, 0.050748772794062001, 0.16225127288309735, 0.038440555278979237, 0.096568754287531158]}