{"deep_f": [0.014057344246771648, 0.03422375244348682, 0.2787532550972544, 0.0020962529839716822, 0.05112046394388621, 0.0041494918131773986, 0.25863209386208208, 0.025417452051619428, 0.0045818132289159779, 0.27968874829632068, 0.0021574671198830958, 0.045121864912630434], "deep": [0.014020001171716812, 0.03637819520546224, 0.27504327570587778, 0.0022508563457182286, 0.055084212599431727, 0.0043022879827246466, 0.25409241453069359, 0.026942083313616597, 0.0049865359416524308, 0.27712407665401706, 0.0023268815936243552, 0.047449178955464542], "standard": [0.073893686961665248, 0.10991293653473919, 0.15399126500168697, 0.032859045908483521, 0.089081781231747398, 0.045104084793673831, 0.10422016897782066, 0.06106816791524939, 0.057433009786215704, 0.15027756437291817, 0.050945011136628623, 0.07121327737917138], "standard_f": [0.073140980505944572, 0.10946389280744979, 0.17039982295471962, 0.031482476951948529, 0.088095724676382034, 0.042689143706861589, 0.10303674711672546, 0.057429020220484975, 0.055625085547024437, 0.15435061684313794, 0.046972632010225959, 0.067313856659095089], "hpss": [0.058467265644874131, 0.12967695155114609, 0.17460728668416037, 0.020373637820506326, 0.093850989684238439, 0.030733666866984585, 0.11952707945132214, 0.053116549165295485, 0.044884142969519668, 0.17135671748525916, 0.03578782417673336, 0.067617888499960283], "hpss_f": [0.058502210290761282, 0.12803444955056106, 0.18808412349576792, 0.01995269561997725, 0.092394197641309572, 0.028534141021067341, 0.11860674478825553, 0.049940167820208166, 0.043489176567031343, 0.17417394899108762, 0.033182453033751697, 0.065105691180221317]}