{"deep_f": [0.021112669995897317, 0.012106534852179057, 0.27357292011203188, 0.0029660519511198191, 0.066711604079285239, 0.014930180274618631, 0.042869409628746781, 0.26777219718638656, 0.0030455073059160471, 0.079480906710838739, 0.0050540033434991272, 0.21037801455948102], "deep": [0.02167095099488393, 0.012358294218748345, 0.27270892498540211, 0.0030596350018780266, 0.067666579927418757, 0.015059882577266544, 0.043144198406812495, 0.2670846097206625, 0.0031192574290142576, 0.081009959819545327, 0.0052032223940553591, 0.20791448452431233], "standard": [0.072892646537826664, 0.070686009422927826, 0.16261945859101185, 0.037179753319605872, 0.076783653519465658, 0.038362630204561175, 0.083968519109636805, 0.11102097632394167, 0.062276245308562475, 0.13393722918386647, 0.048828232564215972, 0.1014446459143776], "standard_f": [0.070587632030579384, 0.070106219840582434, 0.17180101528290867, 0.034899114067655515, 0.075937166212977372, 0.036720703739603261, 0.083391061422850729, 0.11487915521399061, 0.061743459451633675, 0.13647148177678836, 0.045802328127252323, 0.097660662833177841], "hpss": [0.055692432255357055, 0.070266541462040311, 0.189757606710141, 0.024819352686657213, 0.075174848912170855, 0.022537536516236939, 0.087805188020712258, 0.12834299877661426, 0.052615730629362305, 0.14566844326573131, 0.032796452468554761, 0.11452286829642171], "hpss_f": [0.055290851475077007, 0.069462665414335961, 0.19602950630806376, 0.02396188433025722, 0.074064562196994047, 0.021467155147102974, 0.087830273293278763, 0.1302248005523208, 0.051823838708510338, 0.14696389192034787, 0.031257634850764597, 0.11162293580294672]}