{"deep_f": [0.017875540384748916, 0.027451134440918654, 0.2722586152734961, 0.003068696180339676, 0.057283036658200268, 0.0067743293293656059, 0.2230482845412739, 0.060254836391079779, 0.0051517394988758024, 0.24278447714224258, 0.0028581559520978622, 0.081191154207360713], "deep": [0.017998159685371534, 0.028148374860308866, 0.2702966550151385, 0.003255570484546643, 0.059260919494764759, 0.0070410181482199559, 0.21916795729205252, 0.062658945535939869, 0.0054072137164052981, 0.24011475785368663, 0.0030480958191505991, 0.083602332094414783], "standard": [0.066183314803395094, 0.094409945590806441, 0.13554230318457119, 0.036863220898406268, 0.090581923569870895, 0.043675450457198117, 0.10412697027879844, 0.065011129329669029, 0.056553824208304154, 0.15463681893583769, 0.054658563720024284, 0.097756535023118568], "standard_f": [0.065992070160740712, 0.093179824897267685, 0.146382706437237, 0.035753491561259995, 0.086255597845489779, 0.040575838875922823, 0.10254940771213829, 0.06258291678513879, 0.054706970863655273, 0.15967933162190143, 0.052264087881714813, 0.10007775535753333], "hpss": [0.046280068670234556, 0.10683556414184561, 0.14927279572185664, 0.024475736053331247, 0.097173469536072019, 0.028114182341028533, 0.11975996425473075, 0.058470918093851423, 0.043786920406774989, 0.17901713759271121, 0.040643713816108241, 0.10616952937145482], "hpss_f": [0.046536430382160397, 0.1052037594037657, 0.15905975610189546, 0.024197664527812846, 0.093773724359077243, 0.025376226552952227, 0.11827733459166538, 0.05514335655146179, 0.042583522787725731, 0.18357230652539236, 0.038870602634602194, 0.10740531558148868]}