{"deep_f": [0.0160386295693851, 0.077522169798765528, 0.21207030096446247, 0.0036010135423132088, 0.11780347332383669, 0.0098752348663314077, 0.15500578062231923, 0.076997512149726249, 0.011226735384870391, 0.23557798453624051, 0.0042457319538183021, 0.080035433287930766], "deep": [0.016285076267536301, 0.080107020295492506, 0.20735253756110966, 0.0038133822724588096, 0.12211410484262576, 0.010233414289697831, 0.14896740744696879, 0.079995902850880027, 0.011767373178450191, 0.23275885737582241, 0.0044955364321677509, 0.082109387186789951], "standard": [0.062292228046393568, 0.10238102662361294, 0.1536340403672519, 0.028749340205373612, 0.092500710591074425, 0.04400273755624208, 0.094222265084391993, 0.076047473696791185, 0.074043303107819064, 0.15326950157079575, 0.044907427786075739, 0.073949945364177913], "standard_f": [0.059843062529513574, 0.10347649077123837, 0.16721288942966223, 0.026615632055645544, 0.091254342738014832, 0.04018927357310096, 0.093419294695300359, 0.075374764935494748, 0.071221353127130335, 0.16073797882480784, 0.040993658824833128, 0.069661258495257977], "hpss": [0.050667607966689898, 0.11156239486221878, 0.16778555667364331, 0.020313016385328276, 0.097509892999824738, 0.034528243369913045, 0.10115453341233469, 0.074721007844854054, 0.068281761682363135, 0.16510771577971475, 0.035194730881615843, 0.073173538141499461], "hpss_f": [0.049875530269312178, 0.11046435863297735, 0.17829181131776331, 0.019306121120977873, 0.09665312630379444, 0.032064806446809126, 0.099830535293461739, 0.073693642224477413, 0.066742385012714012, 0.17042235423475335, 0.03280347845057887, 0.069851850692380466]}