{"deep_f": [0.033793715495896784, 0.0079758353627681668, 0.24336280237177013, 0.0016847508541683695, 0.10611546329392189, 0.015547478315702535, 0.022814150285345627, 0.27279392031809907, 0.0027767650537190835, 0.050733757498199576, 0.0024166994457678454, 0.23998466170464092], "deep": [0.035599446513788734, 0.0083255957350542465, 0.24118191115752893, 0.0017588755503619088, 0.10776134682089054, 0.015850011979628233, 0.023466035039941449, 0.27068974066461138, 0.0028832674002316513, 0.053326794443753503, 0.0025053588675832774, 0.23665161582662614], "standard": [0.065428705779184873, 0.061974374194428618, 0.13307178193274546, 0.028121293893793156, 0.085753786488647912, 0.042956009641434298, 0.073423180788801237, 0.1450445140638372, 0.066370858543897501, 0.14422812595405352, 0.04693721896171036, 0.10669014975746585], "standard_f": [0.064805885935694946, 0.061093997410536595, 0.13358848020967026, 0.025388818203182641, 0.084915724901197615, 0.040952881718168181, 0.071351738446040466, 0.15674957867741304, 0.064855298517220036, 0.15014964907332565, 0.043837239102824978, 0.1023107078047255], "hpss": [0.053448725138485899, 0.0594206839619595, 0.14508799559171401, 0.019199777324755217, 0.088666534361536153, 0.031519357463861794, 0.072955941707440283, 0.16622367823649886, 0.058546806385596062, 0.15200737263028671, 0.033927310033984442, 0.11899581716388107], "hpss_f": [0.052957529334773421, 0.058792758251921338, 0.14603100617002709, 0.017548659285911081, 0.087925828675441201, 0.030868781604783114, 0.071594904517535751, 0.17397377228465219, 0.05822547544935873, 0.15434672503044136, 0.032272759279217231, 0.11546180011593743]}