{"deep_f": [0.016476916440755929, 0.024193639529408353, 0.26878728791970186, 0.001796239529941747, 0.064219899879835229, 0.0061869703568568548, 0.20225828039843927, 0.079457788176092337, 0.0038333103275463775, 0.23778417519389672, 0.0017275525380986857, 0.093277939709426647], "deep": [0.017046490522263008, 0.025062350367850619, 0.26659106406674032, 0.0019356254506753831, 0.066850944929416872, 0.0064334940806667221, 0.19882390429506744, 0.081123379191864922, 0.0040840165191006195, 0.23658865781144742, 0.0018731601500719243, 0.093586912614834733], "standard": [0.049805286996316304, 0.093515089609722241, 0.12211369346437423, 0.029002454924159187, 0.10555765882190446, 0.047305108359500005, 0.11528178988922416, 0.078172800123586184, 0.058869835811221752, 0.17102373169915244, 0.053272513086572208, 0.076080037214266871], "standard_f": [0.045504417168190377, 0.095413719288489893, 0.1271196088838015, 0.026054899147479136, 0.10359179684135608, 0.042371365770301019, 0.11284960266233986, 0.080804270042927118, 0.055840013928659477, 0.19015177170402775, 0.050042939155570225, 0.070255595406857579], "hpss": [0.033210067526946517, 0.10260183574859368, 0.12989245228902307, 0.020284767084141241, 0.1152544198585027, 0.036101238901028475, 0.12974625473240198, 0.075732544485185807, 0.046628071028740323, 0.18880270998337464, 0.043547067220135904, 0.07819857114192573], "hpss_f": [0.031540415715047822, 0.10278640832801957, 0.13418298645367333, 0.019024908488023823, 0.1124781038094267, 0.032248117781665094, 0.12636285846474934, 0.077510126583201999, 0.045072861316414747, 0.2024019855672641, 0.041573971552621776, 0.074817255939891497]}