{"deep_f": [0.0087961679860214248, 0.060825635183672906, 0.23797384263357221, 0.0035691269614622164, 0.081730430827314723, 0.0045771459004777405, 0.21702709037094803, 0.039040488290476356, 0.015205865085288213, 0.24245721560206523, 0.0027418730097717977, 0.086055118148929161], "deep": [0.0087568535011139474, 0.062868292905626219, 0.23357156103059865, 0.0037827393283191464, 0.086049895100739751, 0.0047230233767668909, 0.21194268387010268, 0.040700551758699639, 0.016026787285753241, 0.23891041806538313, 0.002876969071295859, 0.089790224705600885], "standard": [0.064411927006726627, 0.093005052686014375, 0.12302503220525005, 0.035798070160717066, 0.092925316448341649, 0.051605848623831947, 0.1229939016205393, 0.05806636940813633, 0.058255506585056203, 0.16132299522735022, 0.054592268024908068, 0.083997712003128153], "standard_f": [0.062435901876328352, 0.093421503319970414, 0.13412317719087122, 0.034186740890666222, 0.093484526818969294, 0.047038971408523221, 0.11744267892800848, 0.054533322521744358, 0.055328328425049499, 0.17514177952273621, 0.050595349914817657, 0.082267719182315097], "hpss": [0.052914817415232566, 0.10021447332460948, 0.12757382017608807, 0.027987780462631243, 0.098468933908469891, 0.044222570696163359, 0.13953742191129578, 0.051134299150004968, 0.049770896939287039, 0.17561947189905833, 0.046701125841415683, 0.085854388275743695], "hpss_f": [0.052549527390375148, 0.099399998740443765, 0.13826781815428724, 0.027388330489573832, 0.099261472119832703, 0.040423767258929141, 0.13198400374621988, 0.048111533182148447, 0.048597018786182077, 0.18453472482574515, 0.043799589334963598, 0.085682215971298936]}