{"deep_f": [0.026232439223511941, 0.018784790713362198, 0.23931840287253486, 0.0035398126024161532, 0.10272826540112627, 0.017371400529807613, 0.049929185802678695, 0.22291924503775637, 0.0064937760707701958, 0.10240793433690322, 0.003971461247720116, 0.20630328616141236], "deep": [0.027675502263562954, 0.019791174423597513, 0.2356181283172005, 0.0037224481731386438, 0.10670243950091644, 0.017700074752106807, 0.050612284886486829, 0.21882241421721704, 0.0067804780070967532, 0.1076740824692724, 0.0041666388385170929, 0.20073433415088701], "standard": [0.064787893266567212, 0.053108046833529196, 0.15292800067444431, 0.039827656452527664, 0.081439810399499837, 0.038304888695434608, 0.08479696682864471, 0.11135699044199986, 0.058817062467778965, 0.14486496551324818, 0.042095291547921326, 0.12767242687840413], "standard_f": [0.061100177191106914, 0.051201540136528306, 0.15972544412141185, 0.0378452454821551, 0.08153995362260763, 0.035495204064765341, 0.082100735579544892, 0.11550322228522186, 0.057347304083421403, 0.1518450026510732, 0.038165465394366369, 0.12813070538779714], "hpss": [0.053249579872368238, 0.048173711672219267, 0.16905551686570808, 0.032748049550694401, 0.082887921655410729, 0.026231568670419002, 0.088208689104732257, 0.12202552474884157, 0.048911664488894328, 0.15451632326987574, 0.030266594029841998, 0.14372485607099439], "hpss_f": [0.051408321649676868, 0.047131912241935921, 0.17326326771746758, 0.031766144645742164, 0.083568113951939305, 0.024536430896162233, 0.086498654268031466, 0.12442388995836003, 0.04821761675303228, 0.15873747015031153, 0.028206214525514313, 0.14224196324182628]}