{"deep_f": [0.010252829380988645, 0.23800966950138189, 0.033619123937937173, 0.0079335645428906046, 0.24265691129669248, 0.017709633570076464, 0.060871477342667492, 0.01926492956318656, 0.053350997407945779, 0.24831364143195728, 0.0056303297120154352, 0.062386892312260321], "deep": [0.011445932871191217, 0.2334124424901812, 0.035581293998226828, 0.0083767095632563265, 0.23804084526786992, 0.020046271679440352, 0.062373219845147376, 0.020210464290114825, 0.053706039889564315, 0.2474324382345173, 0.0059589954018393794, 0.063415346468650935], "standard": [0.085289326794315931, 0.096290303725707613, 0.068935372844652371, 0.044437521764320739, 0.11592289870181063, 0.059746718595489794, 0.084758326580767235, 0.044084248380917575, 0.091262252348263115, 0.13790881065086771, 0.048630225409122041, 0.1227339942037655], "standard_f": [0.079913154845816417, 0.095850056344493312, 0.067849538909435805, 0.042434621829862351, 0.1183613723659563, 0.056656703044595337, 0.084636844857723312, 0.042251043018718855, 0.090348782752573409, 0.1544821860230107, 0.046859175715389459, 0.12035652029242457], "hpss": [0.080419539166517964, 0.10364171152378443, 0.058022726661001917, 0.03885928769122704, 0.12771241989891599, 0.055906169598802714, 0.088835779588772396, 0.033056762437944302, 0.093347459853573095, 0.14505192775210152, 0.039831679620003752, 0.13531453620735484], "hpss_f": [0.07654744700327358, 0.1016910725433998, 0.05830306346717256, 0.03723718542005125, 0.13112676640160259, 0.055270499982159146, 0.088773078799166003, 0.032299244346277546, 0.093624031626408102, 0.15266454475499164, 0.03899554575743934, 0.13346751989805861]}