{"deep_f": [0.013450436412947162, 0.041362391187495025, 0.26195674510720329, 0.002630205682826495, 0.067026032991930162, 0.0043588880842847467, 0.23572383386450374, 0.035862818958645924, 0.0058818933210863763, 0.2638762889363867, 0.0021859567264720524, 0.065684508726218338], "deep": [0.013459545336077034, 0.042837673572526214, 0.25929943875677547, 0.0027204952667280779, 0.069822579092342671, 0.004434294775042878, 0.23256903220970451, 0.036861872496234342, 0.006145402565682816, 0.26254027742236596, 0.0022695308811712224, 0.067039857625348809], "standard": [0.064075432650098421, 0.098880715761552315, 0.14751320658622474, 0.033396321082261461, 0.097314194194929995, 0.044365673681098207, 0.098115772701339254, 0.061573396920080847, 0.061341078445601382, 0.16898442365458, 0.051708083916960107, 0.072731700405273325], "standard_f": [0.06377593193498815, 0.10049337022651583, 0.16159886283581595, 0.032397946243646163, 0.094373799613672427, 0.041431441976813053, 0.094369409016541644, 0.060193916308767019, 0.060415938212129337, 0.17510322255360911, 0.048710882630232703, 0.067135278447268562], "hpss": [0.045647693328962236, 0.11350387117117874, 0.1643164518640895, 0.023104215008919512, 0.1063416434897493, 0.031444194877250246, 0.10859352551856924, 0.05361131832421296, 0.05179695504453645, 0.19314697759405139, 0.037762261558747151, 0.070730892219733318], "hpss_f": [0.046186365397330384, 0.1129367999475, 0.17753495383026899, 0.02321460191064555, 0.10286776712527718, 0.028658152321438382, 0.10567492463788111, 0.051879883961396929, 0.050697982769559329, 0.19739023574243569, 0.035809209924777451, 0.067149122431489031]}