{"deep_f": [0.029050347965372633, 0.013770347012808184, 0.24614473348673072, 0.0024057242141892628, 0.098934953060009156, 0.011535568531393078, 0.042746892570790444, 0.25418257714106063, 0.0031508166703210433, 0.088164141237648236, 0.0033542988870874325, 0.20655959922258926], "deep": [0.029657053148733025, 0.014039697263654932, 0.2447852113479449, 0.0024394201391411559, 0.1006387373943235, 0.0116040230841747, 0.042768491833678007, 0.25309032980290463, 0.0032153416485743843, 0.089702454751263455, 0.0034095358103067501, 0.20464970377530053], "standard": [0.055892590101355735, 0.06790782955202751, 0.16725573615704542, 0.033539353177229239, 0.084363986945885788, 0.042376394939576151, 0.082214329999593633, 0.13551417815623376, 0.066996245676229582, 0.12836426982889118, 0.045510453218892591, 0.090064632247039408], "standard_f": [0.053229817184223524, 0.065930336219683694, 0.17690161389776893, 0.031631511412005375, 0.083444424705113859, 0.04066306339052559, 0.080174510064530038, 0.14209344020105338, 0.066694711925484151, 0.13093403723421035, 0.042100052287465932, 0.086202481477935106], "hpss": [0.032089062702793783, 0.068862393346902667, 0.19669505455433817, 0.022757023080947771, 0.08632507844204719, 0.028929180201971879, 0.084950337365431755, 0.16004298852178134, 0.060049138773764242, 0.13420029642061174, 0.027715124514626537, 0.097384322074782911], "hpss_f": [0.031053400815923088, 0.067308238237785964, 0.20239252342128225, 0.022060277225444073, 0.084964251838580571, 0.027825876528325938, 0.083810789084979243, 0.16427676724051229, 0.059486512153680171, 0.13493021166631108, 0.026000418219069822, 0.095890733568105582]}