{"deep_f": [0.013847562126532768, 0.023377382590117273, 0.26264917345204597, 0.0034832448871563531, 0.066137516518665659, 0.00570023322614625, 0.19110422987099165, 0.096658827573336492, 0.0057276715787941152, 0.20052061677936267, 0.0024932083619994072, 0.1283003330348513], "deep": [0.014163784494472283, 0.024042660909383503, 0.25991090125586974, 0.0036980981770930979, 0.069429746776091664, 0.0059478559914797587, 0.1872241216616079, 0.098311293336437067, 0.0061131355548328997, 0.19846791730374469, 0.0026867111854009789, 0.13000377335358643], "standard": [0.069596437118416288, 0.088474164358567989, 0.13746257162863318, 0.037746997353251266, 0.095540415016198213, 0.043350867365085775, 0.10102279071606578, 0.061200850679927511, 0.051726132687638274, 0.16025631906862528, 0.05986042364173131, 0.093762030365859172], "standard_f": [0.067145265520916458, 0.088855474397536355, 0.14893580648312923, 0.035878229597457421, 0.095586672757748542, 0.040425399090054832, 0.098691820881401909, 0.05809712621079504, 0.048826221232226269, 0.17226760305950278, 0.05704384122747768, 0.088246539541753377], "hpss": [0.050946528900580081, 0.099090519724583201, 0.15198759343841656, 0.02926208937603629, 0.10373696498360803, 0.028803672384808979, 0.11419618854404161, 0.053026975412468348, 0.038202608918442925, 0.1818468406392687, 0.047607990860241853, 0.1012920268175035], "hpss_f": [0.049864882203942883, 0.098683343790913702, 0.16151272666361596, 0.028597640081587081, 0.10310584476236444, 0.02608862020931128, 0.11296588773556675, 0.050257548169059953, 0.036189361708106341, 0.18921584376258588, 0.046022098279532631, 0.097496202633412993]}