{"deep_f": [0.012389996926692173, 0.02918956991248791, 0.26647638880737368, 0.0021543704890091687, 0.059151929261283133, 0.0055095181326301826, 0.19167068405031842, 0.095722195785731878, 0.0036061445375044879, 0.21617332808591116, 0.0019817387191820345, 0.11597413529187563], "deep": [0.012716178999225973, 0.030723991246017081, 0.26411857188656396, 0.0022435679246018926, 0.062058778520002363, 0.0056594891168063859, 0.18885615773538444, 0.096120466586579273, 0.0037812725716538007, 0.21607997335415752, 0.0020792568950228412, 0.11556229516398445], "standard": [0.058592879077302817, 0.090136718905183308, 0.13198803640276235, 0.032627133169167467, 0.10473780048558129, 0.052481073512658336, 0.11449532153775659, 0.071372717639412941, 0.060673475595054614, 0.1503304691669273, 0.052165714577149441, 0.080398659931043587], "standard_f": [0.055044432417749208, 0.088947780217529346, 0.14708844500104098, 0.029338816724321055, 0.10658249232357682, 0.048494657102933512, 0.11007899921379506, 0.070441376913087217, 0.058233722878820428, 0.16340937499253513, 0.046485835611640929, 0.075854066602970338], "hpss": [0.042471515497756039, 0.099652030895547986, 0.14122601564339698, 0.023010286621331023, 0.11370398889902955, 0.041730134048993887, 0.12931304882519098, 0.066736293244388525, 0.052348212264192256, 0.16450673718117759, 0.042010116128383762, 0.083291620750611417], "hpss_f": [0.040367053938657874, 0.098160493101252466, 0.15478208176168304, 0.020350701757185861, 0.11664096102127498, 0.038376920300071608, 0.12389696194459425, 0.066414099894461467, 0.050864937838833585, 0.17398995269875345, 0.036604581661360582, 0.079551254081870929]}