{"deep_f": [0.029720650931986319, 0.0071870653224970832, 0.26278474951693326, 0.00186772486280613, 0.078972344157779817, 0.016898868714724055, 0.02760964736193345, 0.27635607942587964, 0.0023095873902807874, 0.05406847758077038, 0.0029574571362902206, 0.23926734759811882], "deep": [0.030662392216424229, 0.0073742596166761097, 0.26165005592734275, 0.0019082987091012598, 0.080092367413796522, 0.017061143785157263, 0.028061746887615664, 0.27492533469876396, 0.002364714822361644, 0.055773006867629538, 0.0030096551620237924, 0.23711702389310729], "standard": [0.053505378940098533, 0.057241040102264197, 0.16199673604030143, 0.034204603004184875, 0.083334890768848049, 0.042159736771497681, 0.085391274184544591, 0.15126937747449723, 0.062138930719550525, 0.12713003080523178, 0.040173095246100597, 0.10145490594288051], "standard_f": [0.050127627754672402, 0.055810333922158006, 0.16977457512222568, 0.030892635642553869, 0.079934038285257927, 0.040237943514190973, 0.0844771932377541, 0.16479756156248693, 0.061265351972092319, 0.12900967208580205, 0.037203591434738302, 0.096469475466067531], "hpss": [0.035102186729164125, 0.053596076044025616, 0.18408363577581033, 0.02323112455141392, 0.084553648203655685, 0.026960541719207504, 0.087815460946405438, 0.17797040078909612, 0.052503299758291905, 0.13381446489101234, 0.025398253561345962, 0.11497090703057106], "hpss_f": [0.033530891135601384, 0.053034899382627711, 0.18904394267175492, 0.021197712269370284, 0.083802467388302146, 0.025758647686457997, 0.086660933485934913, 0.18516446618350146, 0.05198902727668829, 0.13532826774775469, 0.023511072912930888, 0.11097767185907527]}