{"deep_f": [0.0081165327764589519, 0.014221929902766002, 0.28277687610615809, 0.0017032894949832245, 0.035488260109780179, 0.0027670593041839242, 0.25593079313679906, 0.03339180242655599, 0.0034290461855594912, 0.24422859392813356, 0.00084929022164310258, 0.11709652640697857], "deep": [0.0083024493276241135, 0.014538061529440142, 0.28155429033379575, 0.001828681392752961, 0.036947353673706905, 0.0029367156383818083, 0.25369684457992031, 0.034655487964621881, 0.0036791617232655991, 0.24244730457325736, 0.00095651558461190382, 0.11845713367862125], "standard": [0.05710351653662557, 0.09418826261353952, 0.12962143510920832, 0.034208337000548247, 0.11086337868712787, 0.051024338072684659, 0.12633134508697083, 0.050598990612886204, 0.050999346803726212, 0.1588717466371371, 0.058398503036179814, 0.07779079980336559], "standard_f": [0.054522422501322949, 0.095106396150464484, 0.14009692119985034, 0.031863942301830615, 0.11038681266620529, 0.04822627359108022, 0.12469909630136551, 0.048687050805535502, 0.049323218156564458, 0.16934701389324794, 0.055325147492409389, 0.072415704940123435], "hpss": [0.0378793360554786, 0.1045481976213038, 0.13811401861875305, 0.023467122555263852, 0.12380065733130999, 0.038633005645816065, 0.14781665079894857, 0.038663308355505584, 0.039082568323179037, 0.17794472575290005, 0.05023313152199458, 0.079817277419546834], "hpss_f": [0.036712200625822727, 0.10389698556519214, 0.14811667211577886, 0.022412952518010992, 0.12507635802970773, 0.036375203065026361, 0.14375204895226062, 0.036199235435334855, 0.038935534159859841, 0.18301303846265102, 0.047398312974519657, 0.078111458095835126]}