{"deep_f": [0.0098308921211587366, 0.073764226187594997, 0.21215897602854331, 0.0030852314088081608, 0.1098778246020535, 0.0044080159694589146, 0.17774190078096122, 0.065502550815588895, 0.0079086079549656012, 0.23587514795299191, 0.0022066505650547227, 0.097639975612820062], "deep": [0.0097910818744971796, 0.076151732522169002, 0.20805927421701043, 0.0032273795324226171, 0.11356643265183078, 0.0044994997949042281, 0.17274304297565887, 0.06796348588508791, 0.008266716736058095, 0.23336820828127336, 0.0022890160245971018, 0.10007412950449046], "standard": [0.086028931481727411, 0.11503862258587545, 0.14457364299482284, 0.03649648737001452, 0.080573585104370349, 0.046063859053921394, 0.089968302680865628, 0.052951606085746269, 0.057092148587708148, 0.14862251549412048, 0.051236335365222499, 0.091353963195605015], "standard_f": [0.085337665020224829, 0.11431171512798381, 0.1573872535962334, 0.034791998071424822, 0.077792083208984258, 0.044247967192295075, 0.092087027607605607, 0.049780793046569675, 0.054405153444919342, 0.15448164404500916, 0.049043067169254287, 0.086333632469495797], "hpss": [0.074637240338130642, 0.13275834272009066, 0.15879528169859741, 0.028116131181906825, 0.083479597909646625, 0.034141319716774761, 0.097602246337283996, 0.042822818026033389, 0.048637020610787847, 0.16646459964103977, 0.038743059959187531, 0.093802341860520527], "hpss_f": [0.074685204108281722, 0.13106465883815716, 0.16962072992371979, 0.02739401913812544, 0.080375374824982901, 0.032506434452181987, 0.099646076312763593, 0.040406496399317704, 0.047066582365854932, 0.16892518142080346, 0.037356784790349637, 0.090952457425461569]}