{"deep_f": [0.045346774612132247, 0.011680231979305594, 0.26171673181206645, 0.0020542707256249819, 0.054985595620486952, 0.01584237876805723, 0.10835674842151642, 0.19842677399440187, 0.0022161253971520749, 0.12007998327984097, 0.0024694413507394129, 0.17682494403867588], "deep": [0.046013722030162733, 0.012203712362809805, 0.26046945157220353, 0.0021316479833883933, 0.055968689388894821, 0.015795977019961074, 0.11001913709621321, 0.19573973388094559, 0.0023018346458226861, 0.12285009151033205, 0.0025323240511423138, 0.17397367845812381], "standard": [0.10189642838172057, 0.0894141294415043, 0.13189042737522538, 0.040384228518577849, 0.066381061435441729, 0.04336625060091992, 0.094649670455572377, 0.093423582433470084, 0.048578212967650483, 0.11927053868975979, 0.061174201371225603, 0.10957126832893194], "standard_f": [0.1063503182317696, 0.087589217725016363, 0.14165473777727805, 0.039668061957243796, 0.065153564101661066, 0.040415229097569526, 0.092377541744410971, 0.089833598852027755, 0.046120057840405182, 0.12283238087217162, 0.058736517900326926, 0.10926877390011912], "hpss": [0.096613250221884092, 0.097615412886833869, 0.14232612002555459, 0.033046508107763835, 0.062463437433820442, 0.030225669066851646, 0.10519403837210405, 0.10159202841539598, 0.035461658065645899, 0.12266922387981619, 0.051807525447749081, 0.12098512807658034], "hpss_f": [0.1008065554326595, 0.094841927403309212, 0.15038022932545117, 0.033237099754236478, 0.060871883104593613, 0.027367830633340515, 0.1028042278621205, 0.099591625149780885, 0.033479211354259568, 0.12462403417875219, 0.049838400918509648, 0.12215697488298677]}