{"deep_f": [0.043068633893267379, 0.018508684833874783, 0.2596433134892735, 0.0029426800473825367, 0.055836023526172278, 0.010168380935275112, 0.17664370751770869, 0.10973097459371599, 0.0039572262795158995, 0.20177516777951862, 0.0024375090854555914, 0.11528769801883962], "deep": [0.043939287198766594, 0.019157550574364277, 0.25756054131869582, 0.0031293087098572502, 0.057947982614373984, 0.010522760119927815, 0.17474527584699084, 0.10976561822885765, 0.0042084602862303725, 0.20188237207362691, 0.0026025650238753898, 0.1145382780044331], "standard": [0.086619950918568583, 0.098649975732941153, 0.14185506216330146, 0.032717654003880749, 0.084541155858135889, 0.04294134845099646, 0.099491816123314591, 0.082889070425864131, 0.050882763618285282, 0.13722183395139675, 0.054734613318255299, 0.087454755435059539], "standard_f": [0.088044577833659529, 0.096422012993314862, 0.15289860385909132, 0.031980011695801544, 0.085138910184770947, 0.040047035906413044, 0.097555468262570111, 0.078290749570792795, 0.047851513424184762, 0.1439988305178585, 0.051759622573558338, 0.086012663177983992], "hpss": [0.075652049297576296, 0.11100187012880723, 0.15622058034417083, 0.021439530620484898, 0.088517113627775715, 0.02965728389032506, 0.11129258578783748, 0.085400238820378754, 0.03891407356412261, 0.1502571423984885, 0.042227467340344028, 0.08942006417968873], "hpss_f": [0.078376016919133984, 0.10781200602575378, 0.16518223056883499, 0.021208865612635835, 0.088697433083780752, 0.027058261364612261, 0.10814682295850554, 0.083078574785510395, 0.036919351753307079, 0.15378986973402675, 0.039938987241604933, 0.089791579952293796]}