{"deep_f": [0.013163079334893749, 0.038988593862630316, 0.26179654568125443, 0.0040298029846813641, 0.071976719629239905, 0.0075009729323342132, 0.20001463354148985, 0.063864067629495869, 0.0075946195556593436, 0.22473542142802999, 0.0039270314495182248, 0.1024085119707728], "deep": [0.013210252958556113, 0.039481588180692945, 0.2602498508062896, 0.0041146126643882685, 0.074127501895033088, 0.0076129926759657702, 0.196743917211405, 0.065466871426790044, 0.0078115759948393744, 0.2229040394729021, 0.0040236058344290636, 0.10425319087870863], "standard": [0.066385389289297519, 0.088185534611566613, 0.13514067481506442, 0.033382316293204713, 0.090099956033156792, 0.05358251042833434, 0.11960862457561129, 0.067886894723302713, 0.062424230439414689, 0.14653886309856917, 0.051682823221566282, 0.085082182470911316], "standard_f": [0.063806626184818693, 0.088702589727921749, 0.14450271255533398, 0.031636679230040959, 0.086933586298848703, 0.05057669188630276, 0.12036247405344777, 0.068316590760815837, 0.060245914968008525, 0.15208045174056911, 0.049591101584109711, 0.083244581009782118], "hpss": [0.052392930616611551, 0.096725685625426633, 0.1488974550541371, 0.022792277963107083, 0.095901106454806692, 0.044230830598551381, 0.13673358646046493, 0.062294398058268738, 0.051763727119926349, 0.16057848826940502, 0.040777437678022659, 0.086912076101271774], "hpss_f": [0.051106199865912694, 0.096370863705866519, 0.15692018545355099, 0.021855603404054354, 0.093548711682943486, 0.041848671598395948, 0.13590100668506444, 0.062928988088814988, 0.050174853902555196, 0.16275389837484441, 0.039960324847525312, 0.086630692390471734]}