{"deep_f": [0.017650495426405424, 0.095265605603927814, 0.16051117902749534, 0.0063084200164730871, 0.18605974657576826, 0.0095962318509315962, 0.09567870210036121, 0.087537351840478228, 0.015425109647244631, 0.22382178069608941, 0.0068222756327494657, 0.095323101582075714], "deep": [0.018137977089708539, 0.092024240567818827, 0.1605687894893969, 0.0064840075755847682, 0.18717277175267116, 0.0098158278489130363, 0.093850725193959303, 0.090206876166226399, 0.015697032196787034, 0.22121838997003881, 0.0069979342395526129, 0.097825427909342622], "standard": [0.046459701278703358, 0.072607877066023618, 0.12677687851509259, 0.030304770529412228, 0.11943957834234471, 0.048420472915209768, 0.098880013518211199, 0.082374747461591596, 0.078409014028429841, 0.15712404428885676, 0.042687658948079341, 0.096515243108044976], "standard_f": [0.041812042800780477, 0.070461196956354458, 0.12893206006858621, 0.028075726299987867, 0.11847044439159503, 0.046552088953280613, 0.10193777232115997, 0.088257661283657293, 0.075403556321333637, 0.16550198732654825, 0.04096280802775739, 0.093632655248958765], "hpss": [0.03058307358840295, 0.075079716942991828, 0.13475113683508719, 0.018648779900202174, 0.13578657902048125, 0.039846196558511363, 0.10619788020018282, 0.081468059659067657, 0.073068905216973179, 0.17073454923966608, 0.030156696171332879, 0.10367842666710066], "hpss_f": [0.028515193132147794, 0.073564453652179743, 0.13903794959461502, 0.017506426785486539, 0.13475616396984516, 0.03907609093879795, 0.10791486801867659, 0.084866710464216288, 0.071212562005872962, 0.17288672535739799, 0.02935168470109998, 0.101311171379664]}