{"deep_f": [0.014248452328155742, 0.068560234163689629, 0.23001157822063859, 0.0042695611462018916, 0.11106196361569888, 0.0096105065347104387, 0.1723002682856736, 0.05252837529445005, 0.009917434752820399, 0.24927760424388951, 0.0050704496498401169, 0.073143571764231224], "deep": [0.014759989471093249, 0.068493759344272043, 0.22833053188219282, 0.0044903522474122872, 0.11333813889087814, 0.010015697107239877, 0.16823980451772966, 0.055371985930415729, 0.010240596702199485, 0.24678344050967232, 0.0053790238117607751, 0.074556679585133609], "standard": [0.059533650021380918, 0.085533729928865918, 0.13979442277080514, 0.028914123961206038, 0.10258395230446588, 0.054092622377255692, 0.11633806566736807, 0.068935008683543172, 0.067885336127169932, 0.14989729007434849, 0.049334086015195434, 0.077157712068395334], "standard_f": [0.057246255095253669, 0.084261407806477465, 0.15611923391501811, 0.027043305526381765, 0.098354306771671993, 0.049955279665934861, 0.11542040626601067, 0.06972157918287801, 0.064584682260934875, 0.15782674299927663, 0.04569217721849194, 0.073774623291669991], "hpss": [0.044121458480277771, 0.092900668628035546, 0.15321351849141138, 0.017512158733543334, 0.11525151986238261, 0.046314166071505347, 0.13158677034699812, 0.062809548924106409, 0.05929174872709371, 0.16484623314048544, 0.036366365167179414, 0.075785843426980901], "hpss_f": [0.043359646584421374, 0.090598948423200307, 0.16573872922179794, 0.016924503855930535, 0.11264669007713501, 0.043118546563341832, 0.12828260189882848, 0.063622270028602629, 0.057550367833937056, 0.1693488593199915, 0.034061190599647656, 0.07474764559316581]}