{"deep_f": [0.049049160968422677, 0.017484142612976199, 0.21399417639280277, 0.0065767480565004687, 0.10260596807702507, 0.022487909674070269, 0.033493090317230495, 0.26504028007125713, 0.0056629299593515241, 0.091330822166742001, 0.0082509704901859889, 0.18402380121343537], "deep": [0.051448638170385738, 0.018195973211344627, 0.20898630104674976, 0.006848631816654932, 0.10663950889922856, 0.022372826532030814, 0.033582077887264583, 0.26458533980722826, 0.0058441076052997334, 0.094712648603768892, 0.0085530705931760546, 0.178230875826868], "standard": [0.067869024607678324, 0.063094809729375673, 0.13630288984849609, 0.03636440546248039, 0.088338143730477645, 0.043279693494983749, 0.076964292302996853, 0.12689341672773058, 0.0608297060743683, 0.13216013489974665, 0.049363324295537206, 0.11854015882612866], "standard_f": [0.06383965046876898, 0.060076441924074603, 0.14301414900403822, 0.034146511341066187, 0.092288987461200692, 0.041473847804679401, 0.073687808924611534, 0.13351657941496145, 0.060842544159599929, 0.1359983492068241, 0.045534267327751191, 0.11558086296242372], "hpss": [0.04950596099868295, 0.059749898383988961, 0.15202187441402232, 0.025284145382246697, 0.092994984233777056, 0.028358513201668104, 0.077435028972854661, 0.14941161387657323, 0.050879589998563034, 0.14230625780385969, 0.034372913284657254, 0.1376792194491061], "hpss_f": [0.047023372344873179, 0.056962595459252058, 0.1577429140351273, 0.023566276093372904, 0.096086461373753332, 0.027728991381883845, 0.074991638980737685, 0.1554083579884579, 0.051189242999946857, 0.14143739899756641, 0.031699838899536245, 0.13616291144549217]}