{"deep_f": [0.019798151283901076, 0.028314262501427677, 0.24848624869698538, 0.0053471903164208044, 0.088866384243272728, 0.010713207165357281, 0.15334030547752064, 0.1109597770174346, 0.0096348093148540016, 0.19739119823572335, 0.005323314085571222, 0.12182515166153136], "deep": [0.019839864322821751, 0.028824912461017069, 0.24609508937873967, 0.0054704402655447052, 0.091382628855434078, 0.010802104904234628, 0.14878250594167367, 0.11484672483414969, 0.0098665432741016634, 0.19427525161167888, 0.0054639985895783179, 0.12434993556102585], "standard": [0.08221856391978824, 0.10019439880003883, 0.15289901632525005, 0.037439824904297418, 0.079832641114201422, 0.044630785463231681, 0.10123387724883599, 0.06596387902795052, 0.052536583533883484, 0.13510448439303932, 0.052190467497368186, 0.095755477772114864], "standard_f": [0.079999834578119766, 0.10087704390694043, 0.16076500882352696, 0.035407164931928671, 0.079103708297207573, 0.042758568762158083, 0.10301072784434244, 0.068010342438827212, 0.050517074268868312, 0.1391850614126256, 0.049463712641380879, 0.090901752094074029], "hpss": [0.069333056080212438, 0.11209033007862801, 0.17448924983169584, 0.026906917120350395, 0.081500460920538795, 0.029947867465547437, 0.11327126676243376, 0.059582261494290738, 0.041776331161200185, 0.15044169610370545, 0.038619073208733916, 0.10204148977266307], "hpss_f": [0.067236635047418669, 0.11247308565034179, 0.18110334310732221, 0.025666635404976417, 0.079792954387345905, 0.02911919017297156, 0.11622868324049333, 0.061358100036738521, 0.040185840568479438, 0.15039035552150321, 0.037176975533670144, 0.099268201328738759]}