{"deep_f": [0.042340078920337011, 0.019226262715975325, 0.23780376656687982, 0.0065289246344471868, 0.088228099790997147, 0.02599258664899461, 0.047903927605318822, 0.22788681947250033, 0.0060308506412405259, 0.12805142241336898, 0.0086762190725998573, 0.16133104151734054], "deep": [0.043672231457288657, 0.020082811818800516, 0.23427778155835, 0.0069341434030715122, 0.090662711886325686, 0.025842281688942849, 0.048648410652557858, 0.22540825361317923, 0.0064303692432091195, 0.13211941951787026, 0.0090290591692301133, 0.1568925259911742], "standard": [0.078652870356129972, 0.07454245083395325, 0.14281182167754758, 0.037392161575461567, 0.075823706152765943, 0.03863285359672617, 0.086904219450933559, 0.10486838564369504, 0.051910496524659629, 0.14575134063454612, 0.049259005087852921, 0.11345068846572826], "standard_f": [0.075593824459365785, 0.072536881828450264, 0.14874314554869691, 0.035182291960381751, 0.073800839181076827, 0.037050957438092565, 0.08623918755825484, 0.10997536278215234, 0.051885717583815966, 0.15083910783807902, 0.046954902300664833, 0.11119778152096906], "hpss": [0.065260614836627276, 0.076438376015598247, 0.16088968539894469, 0.027421584784226273, 0.076098550832684145, 0.022862701734241306, 0.09147241297526866, 0.11715312114628786, 0.037884239554652081, 0.16304612577020017, 0.033849407540682511, 0.1276231794105866], "hpss_f": [0.063696354928798715, 0.074501383876031557, 0.16732738683491702, 0.026280972591908463, 0.07291963854540115, 0.022076903884760666, 0.092171980389883224, 0.12108098411730456, 0.037429325879755941, 0.16304765837450394, 0.03238900065479676, 0.12707840992193811]}