{"deep_f": [0.0077017422333010583, 0.059936867006371602, 0.24430106344855421, 0.0036646297972616993, 0.069138759617696749, 0.0038177177625561111, 0.24027266175191872, 0.020332710056753991, 0.0097219137376069898, 0.2515159684118054, 0.002276777906888515, 0.087319188269284934], "deep": [0.0076854189475008203, 0.060686480252872745, 0.24210457286649109, 0.0038307051765185457, 0.071494096242890201, 0.0039163592519070294, 0.23740633860857999, 0.021020081553502452, 0.010306701732394424, 0.24915212106946427, 0.0023554687681783407, 0.090041655529700074], "standard": [0.071216907413364477, 0.089744332456343154, 0.13076454894607817, 0.035254116531463597, 0.10593700784002665, 0.047946239198224563, 0.10418680621970686, 0.0500324049235134, 0.058120796120309265, 0.17156620542753462, 0.052480694280965592, 0.082749940642469696], "standard_f": [0.070587589389410149, 0.088050611710610016, 0.14364032686282505, 0.034375352055673304, 0.10561485925081308, 0.044035794592441391, 0.1010754117581192, 0.045861437040307866, 0.055749171466606288, 0.18038592504125514, 0.048536689795443108, 0.082086831036495458], "hpss": [0.055424373355894355, 0.10014176048438264, 0.13843825271898855, 0.025681017023404393, 0.12081673079578484, 0.034827289722452331, 0.11880066172587667, 0.037892094695072778, 0.047827331517492168, 0.19586719782104825, 0.038850403661265728, 0.085432886478337453], "hpss_f": [0.056434215087598397, 0.097377848997580868, 0.15042278126246766, 0.025119511411117294, 0.11777318859897513, 0.03205207813918988, 0.11664577839753922, 0.034104571746786855, 0.046976100323292372, 0.20112121569324795, 0.036554150482562234, 0.085418559859642043]}