{"deep_f": [0.02123362213177743, 0.014048275760131571, 0.26475745047097249, 0.0023401657404627718, 0.072596718611307634, 0.012840783670008802, 0.073028621028988716, 0.21701648681726809, 0.0035753410127979295, 0.10455349295259596, 0.0025907526634595915, 0.21141828914022892], "deep": [0.022016227940524803, 0.014824250321494347, 0.26291327431586592, 0.0024134362024969889, 0.074678675832698063, 0.012930303375460365, 0.074850618271635028, 0.21271882179732088, 0.0037205467555724474, 0.10911220324002213, 0.0026602008972798335, 0.20716144104962919], "standard": [0.054747586654240246, 0.060108052500149993, 0.1443970364801522, 0.031603778363625261, 0.081779763840593239, 0.048201480618022305, 0.095305677380532264, 0.13052548537133646, 0.061994367147072425, 0.14696137674523624, 0.047727789737019528, 0.096647605162019826], "standard_f": [0.050756356320869458, 0.05937390679750458, 0.14712943864928904, 0.029789177194076061, 0.080750022341737213, 0.044922893490145312, 0.093615292304358597, 0.13658462252480122, 0.060418255397390201, 0.15781232651175034, 0.045531290476945867, 0.093316417991132189], "hpss": [0.036794009101087294, 0.058468399693503294, 0.16179934981897032, 0.02057335368879265, 0.084604609602067893, 0.03451578157120562, 0.10209612143945523, 0.14974844857568145, 0.052211293427964996, 0.15830574214235743, 0.03284216607107112, 0.10804072486784271], "hpss_f": [0.035581026389632932, 0.057733811740746051, 0.16490540436009107, 0.019352534505915946, 0.082946344740675138, 0.032833025968225092, 0.10093843853713273, 0.1524842515973249, 0.051394230325795411, 0.16454522907810204, 0.03186928066924466, 0.10541642208711412]}