{"deep_f": [0.0095254919379213938, 0.036107585766214451, 0.25738171687930234, 0.0033310697874881228, 0.057585819061860881, 0.0063615944371286101, 0.22247204083740182, 0.052614821454792383, 0.0046834293166198191, 0.23306477874106224, 0.0020490414328442666, 0.11482261034736378], "deep": [0.0097572597981218888, 0.037082558478885579, 0.25532884073548462, 0.0035034837908977973, 0.059433255499372284, 0.0065635370421460041, 0.21967614347614792, 0.054073178950837381, 0.004945949343617838, 0.23147250932141072, 0.0022008901810511637, 0.11596239338202682], "standard": [0.060195226186993439, 0.086793540592730825, 0.13410607953349538, 0.033050788010620759, 0.10211677803208474, 0.050435657027293079, 0.11275355954300424, 0.0666917645095364, 0.057154601246937414, 0.16143318950946386, 0.057715943853952956, 0.077552871953886937], "standard_f": [0.058824836194828721, 0.086653770723155249, 0.14658644857771372, 0.03160596005121271, 0.10130778444922238, 0.047214350822392802, 0.10917000968981945, 0.063949312835895264, 0.055166970329244121, 0.17030153750658461, 0.054369525972760367, 0.074849492847170615], "hpss": [0.043272427260085143, 0.096245446514059738, 0.14274888066857494, 0.022124133992465534, 0.11396781380076108, 0.03708451697680358, 0.12861547088241171, 0.060373852671087143, 0.047534227647379211, 0.18190751959974996, 0.046456872972054593, 0.079668837014567229], "hpss_f": [0.043447498573484192, 0.094005828609100381, 0.15482695167651073, 0.021190799911740131, 0.11287539504474424, 0.034850379028569592, 0.12498252254432703, 0.058073964669311112, 0.047142734424449148, 0.18679383250310452, 0.043749878736403729, 0.078060214278255324]}