{"deep_f": [0.0085088905637073307, 0.047349952386898916, 0.2342633518321196, 0.0013743477975835538, 0.10136578333409586, 0.0031492806537596406, 0.14087947112269089, 0.13894592597856059, 0.0030103306766291363, 0.18457616288049974, 0.0011051875152689058, 0.13547131525818573], "deep": [0.0086424816033106259, 0.048146590786326451, 0.23243696497028438, 0.0014073013335379676, 0.10350334309281012, 0.0031850567589499562, 0.13891434507801628, 0.13943259332507671, 0.0030956693354281155, 0.1847138984873859, 0.0011329695001098259, 0.13538878572876367], "standard": [0.056418452348425727, 0.086298182218666156, 0.14220763533204264, 0.027553218573545674, 0.083998053558601765, 0.057761650117131323, 0.15313965775509725, 0.086150022795183287, 0.056365088650127244, 0.14060281567042743, 0.038279000582707293, 0.071226222398044214], "standard_f": [0.05472679591572923, 0.084432949394620704, 0.14856399053852876, 0.025173465163332569, 0.077853463546829607, 0.056110399260289712, 0.1600321297520699, 0.091206537201560203, 0.053045224004760777, 0.14229858208537, 0.036450228200996443, 0.070106234935912171], "hpss": [0.043724120919544654, 0.091412034076583853, 0.15281950104981157, 0.019269344936537043, 0.086851550613049, 0.051327401828752041, 0.17564120867559224, 0.085932494298206499, 0.047630844980880348, 0.15019671921605099, 0.025453550894433952, 0.069741228510557848], "hpss_f": [0.042481946523349391, 0.089452873219402526, 0.15679457574486896, 0.018255122264902342, 0.083217067418475121, 0.050744827597535735, 0.17950030280382862, 0.089539925222031053, 0.045080543678603265, 0.15091776765025244, 0.024630188022683856, 0.069384859854066658]}