{"deep_f": [0.066089133628798299, 0.0083649214305636672, 0.24182103671146568, 0.00082332249215259659, 0.088068299796734903, 0.0092793161702912162, 0.079173715973626449, 0.22406811315345351, 0.0011211786453415615, 0.1115691528431091, 0.0013739743266725363, 0.16824783482779054], "deep": [0.067496163285324526, 0.0085796422699462478, 0.24041038230112138, 0.00083738889465521981, 0.089594518707591261, 0.009419994975339652, 0.079296086064072485, 0.22269369387142654, 0.0011472540028709432, 0.11343211519824638, 0.0013991770846530486, 0.16569358334475232], "standard": [0.066238003589523239, 0.070174738685423788, 0.15333064180820669, 0.02967169508954964, 0.075342408130164809, 0.048293831664798614, 0.12081285819317049, 0.13464286906130646, 0.0489064802485129, 0.11807997664073339, 0.043045233836803372, 0.091461263051806629], "standard_f": [0.062983912964554092, 0.069812458197318475, 0.16222447224949729, 0.026608805607556442, 0.070992305946683987, 0.046857010479185383, 0.12506406125777311, 0.14542241844532083, 0.046863747164867901, 0.1190221948457867, 0.039151271029829619, 0.084997341811626062], "hpss": [0.055457573207061454, 0.069583789356289352, 0.16795054966906653, 0.021248487168669578, 0.075722226605179049, 0.037701653818405387, 0.13372944945713863, 0.15089614282403374, 0.038706434839421343, 0.11886998057651443, 0.031930103249317401, 0.098203609228903088], "hpss_f": [0.054037338641934225, 0.068471278580951769, 0.17423749856549811, 0.019499830304747827, 0.072673766956693281, 0.036616877475577105, 0.13515904354355199, 0.15909767798033422, 0.037779730505110069, 0.11952300553929801, 0.029352783661926018, 0.093551168244377106]}