{"deep_f": [0.0076222665806114989, 0.029534162715334461, 0.27106797846444447, 0.001055796150810306, 0.053126007253661969, 0.003344321272810806, 0.18731150588966855, 0.11985358836375169, 0.0018746193375030777, 0.20262751427920342, 0.00094920203251596595, 0.12163303765968379], "deep": [0.0078680726820112758, 0.030471766321569473, 0.26932000757564956, 0.0012101074181496713, 0.054776985036596983, 0.0035613143123000204, 0.18534314600984636, 0.12038695870979997, 0.0021018486977537952, 0.20207856043460748, 0.0011027458119333327, 0.12177848698978212], "standard": [0.060062701420779609, 0.085389026276931623, 0.13678785806747856, 0.029656301750866157, 0.099388980001954785, 0.056041820995677477, 0.12311687407652004, 0.079466160969045685, 0.059404739292815527, 0.15274279544560804, 0.042603095572230895, 0.075339646130091725], "standard_f": [0.05757292779370797, 0.08420621859618492, 0.14816761877354043, 0.027425155402365838, 0.096504447993344858, 0.05315065942396472, 0.12369146803362956, 0.082553503986596152, 0.055792622588322252, 0.16038032965835808, 0.039034586702821721, 0.07152046104716335], "hpss": [0.047194248661661664, 0.090552552066424763, 0.14544591153878672, 0.021328217809348213, 0.10662662770559025, 0.047769039266950752, 0.13795099819422799, 0.077887013079622064, 0.052772236257214715, 0.16460986386080587, 0.030742308379820449, 0.077120983179546548], "hpss_f": [0.04641358570238846, 0.088855856024793137, 0.15508875908017666, 0.020664880832954563, 0.10441812266174975, 0.045379707688559964, 0.1361865877638169, 0.080186571003829629, 0.049871671736215741, 0.1694964667202801, 0.028527647418975649, 0.074910143366259466]}