{"deep_f": [0.010658687992037827, 0.056085244331032923, 0.23195755974139159, 0.0019281735732788689, 0.098217924509133872, 0.0068525862523418609, 0.14698150578396418, 0.1188150054482589, 0.0064742609558909973, 0.19386281420897422, 0.0019296407017525281, 0.12623659650194219], "deep": [0.010829531303794668, 0.058200894724789815, 0.22785033706531088, 0.0020324865895670606, 0.10256482466145293, 0.0068088910639627215, 0.14408918826431769, 0.11895056136607204, 0.0068336130398896737, 0.19342598245777118, 0.0020151112078165534, 0.1263985782552548], "standard": [0.067136315007091177, 0.082166366993662129, 0.12713278284161036, 0.028967856395849402, 0.10604227750568275, 0.054432367919740349, 0.0990280218324254, 0.085852044450145631, 0.06727368163754574, 0.12019904215601838, 0.057822531887829549, 0.10394671137239932], "standard_f": [0.064581222698407978, 0.079890084077709075, 0.13198231954853387, 0.028289366677483642, 0.10472286410454647, 0.051330123712002879, 0.097405094393391706, 0.091667783418263774, 0.066081887544614248, 0.12212274840600275, 0.054637882769944787, 0.10728862264909887], "hpss": [0.052099305940157513, 0.086387909141815683, 0.13553664083571318, 0.019866544229830717, 0.11953201277669276, 0.044564566100071146, 0.10960110012330304, 0.085966540584445819, 0.061091852854382345, 0.12098845635057605, 0.047264750845651148, 0.11710032021736044], "hpss_f": [0.051517696299515574, 0.082254609416622881, 0.14127823721615751, 0.020225544878762863, 0.11651747512716856, 0.041919206753041324, 0.10760314637858918, 0.090275496119329654, 0.060066156494091458, 0.12057792137222072, 0.045470917335465454, 0.12229359260903483]}