{"deep_f": [0.054151959656146859, 0.014842267448577334, 0.22894251475164973, 0.002508306557033223, 0.10907293779322476, 0.019667505946914726, 0.034264433281136028, 0.23630101085886243, 0.003683017973011874, 0.10723818686672443, 0.0031908977100590075, 0.1861369611566597], "deep": [0.055374114485103779, 0.015428395395219563, 0.2269207367431017, 0.0025894611947559747, 0.11075021918827127, 0.019887008820377545, 0.034732703123966938, 0.23362524294672438, 0.003760384429533292, 0.11083204077489281, 0.0032592043870783892, 0.1828404885109744], "standard": [0.080165993543407255, 0.059825698127773719, 0.13475357625767365, 0.034191059401748762, 0.09077600403682716, 0.038607100609819235, 0.073563409901209506, 0.11521054845779151, 0.056781394443501942, 0.15865011360287848, 0.052022002088256476, 0.10545309952911229], "standard_f": [0.076851232462890204, 0.059567564056609373, 0.13746135580608523, 0.032016139463667888, 0.092293538941175507, 0.036391718945414438, 0.069559370975289816, 0.11964972827478061, 0.055971428103693682, 0.17128791894112122, 0.049315241216911887, 0.099634762812360222], "hpss": [0.068571599790947235, 0.05649003187097109, 0.1456354149017435, 0.023748543144234642, 0.096414682883448927, 0.023248033668739867, 0.0734284874816966, 0.13006203605682914, 0.047779010467573282, 0.17348001811982805, 0.040728520632217602, 0.12041362098177007], "hpss_f": [0.068388490638555399, 0.056328175006769496, 0.14835260735447348, 0.022433814873623632, 0.09708131882568663, 0.022065503911400171, 0.071050661822498334, 0.13120361744709857, 0.047121443881120079, 0.17942180211784162, 0.039524512218092354, 0.11702805190284021]}