{"deep_f": [0.018302298747697079, 0.015130438885034795, 0.2870133037736643, 0.0018835902667538051, 0.038210864787446584, 0.0095724660057880766, 0.22284978632938729, 0.074080225327979421, 0.0026858970978270486, 0.2389483291009665, 0.0020742226479577518, 0.089248577029497303], "deep": [0.018773819302247141, 0.015622245710805088, 0.28522807755377416, 0.002103934526649945, 0.039756286453331811, 0.01009967771725406, 0.21926923651617053, 0.076258664480624058, 0.0029659422832307614, 0.23670535879515917, 0.00231494918974834, 0.090901807471004972], "standard": [0.057058130149706711, 0.086271486490181848, 0.14291637338756141, 0.026297661189256697, 0.087225459566660973, 0.040460737353013768, 0.11655379592338222, 0.098835262816656985, 0.054434785715346871, 0.15146357080368383, 0.05782179942567979, 0.080660937178868922], "standard_f": [0.052931886231308102, 0.083439700961541435, 0.14910382692968599, 0.024164700590400802, 0.084516599332257442, 0.038318021070138611, 0.11573621378305206, 0.11012370826803121, 0.052439882045949585, 0.15737105507565327, 0.055176471763037853, 0.07667793394894358], "hpss": [0.038665316324258681, 0.094119529778652247, 0.15723892448857357, 0.015029615561255953, 0.093097837439762937, 0.024326708468624846, 0.13404001604715204, 0.10294895700015705, 0.043970876668941512, 0.16591481534576513, 0.046418441550565827, 0.084228961326290236], "hpss_f": [0.036593048831290692, 0.092042811528370405, 0.1626533224727964, 0.013971552856629262, 0.091433517903394809, 0.023377741615718806, 0.13326755617706432, 0.10930543864978939, 0.042583375414838129, 0.16842877356115346, 0.044814127238753762, 0.081528733750200588]}