{"deep_f": [0.0093179642214407769, 0.097597461902807631, 0.17723888541507138, 0.003178660689125817, 0.14580670840422219, 0.0041111122007390557, 0.14522831766876748, 0.080669237340036573, 0.015243661663101701, 0.21912163079597588, 0.0031181811586315417, 0.099368178540080093], "deep": [0.0094432583590552226, 0.099145890731856506, 0.17361528074377713, 0.0033596497925756788, 0.14946392374276743, 0.0042606346746441323, 0.14114313600474659, 0.08209235376304222, 0.016498818281080102, 0.21570510303194135, 0.0032841251212389175, 0.10198782575327471], "standard": [0.060939603225517523, 0.090932419418901192, 0.12333238954634534, 0.03629591311374885, 0.1072203125436374, 0.053643484822330743, 0.092002998365158767, 0.082774002008883879, 0.071846515671301472, 0.14963162819876857, 0.048136749451265969, 0.083243983634140442], "standard_f": [0.057933737598324389, 0.089091780713381377, 0.12360788832992675, 0.035981803528340503, 0.10690669905403281, 0.051039490887063707, 0.093574773409863657, 0.081112426340251065, 0.072194240907606788, 0.15936501744582526, 0.045974356819076329, 0.083217784966307384], "hpss": [0.044273249545196736, 0.10020015797835125, 0.13096688752842009, 0.028034090115025785, 0.11945279450796242, 0.0431900644073894, 0.098860666262327798, 0.083524472105230257, 0.06722257712857381, 0.16358427774675877, 0.033597639068632779, 0.087093123606131001], "hpss_f": [0.043643434846020249, 0.099537510243864286, 0.13485582072014343, 0.028171964666554146, 0.11756795774448368, 0.041261335871593058, 0.099710156689156726, 0.080549689061566482, 0.06714334664919698, 0.16906343967267271, 0.031986609696901556, 0.086508734137846752]}