{"deep_f": [0.064856150930471007, 0.0091963410801818718, 0.23503476218498015, 0.0024117775694733018, 0.084741927642037182, 0.021727594854260318, 0.058519741277865488, 0.2329495487825283, 0.0028917396955206675, 0.089594560855435643, 0.003382302334320483, 0.19469355279292563], "deep": [0.067637748374492906, 0.0097407767458176139, 0.23151245204670184, 0.0025171849027505726, 0.087713935043840258, 0.021801689368435989, 0.06017423387631108, 0.22894767969926044, 0.0030171086124405645, 0.093824563086252186, 0.0034383078983276747, 0.18967432034536888], "standard": [0.081088933804136037, 0.067031351742295547, 0.13838319512817218, 0.032722782718116392, 0.073027071010769565, 0.041239785045682299, 0.088332670017040496, 0.13892181003188983, 0.05394631712590043, 0.13254164551616004, 0.050677437955102739, 0.10208699990473444], "standard_f": [0.078323543791846889, 0.065651107603564463, 0.1429186240327236, 0.030895913327771137, 0.070091625682442538, 0.039213216348734418, 0.087500870411194476, 0.14726347297053885, 0.053504836470680883, 0.13510707240121403, 0.048056574410243295, 0.10147314254904539], "hpss": [0.072233460533621979, 0.066233676657842855, 0.15105219437201409, 0.023124967533287941, 0.072447887251835263, 0.027555192254054287, 0.093086276075005803, 0.16052893465780008, 0.04318093090077571, 0.13892174954720804, 0.037731111824998782, 0.11390361839155518], "hpss_f": [0.072738153797033633, 0.065321840272133599, 0.15639835646309333, 0.022568901740087716, 0.070149238844862447, 0.02581010692170756, 0.092473314193323539, 0.16376400790148229, 0.042239762417270982, 0.13909343926884393, 0.03600339174841094, 0.11343948643175003]}