{"deep_f": [0.0084194108725599813, 0.074892530964322482, 0.20557516117599736, 0.002405188589853145, 0.12031629697259083, 0.0037465290335955883, 0.14836974991369242, 0.1067081552019731, 0.0066699788120039927, 0.21113241012480322, 0.0020623271299059632, 0.10970226120870213], "deep": [0.0085635806285275888, 0.07766862805165102, 0.2010725841112628, 0.0025643521724381226, 0.12436555147664524, 0.0038981364677012471, 0.14359887901269502, 0.10862686396638083, 0.0070146703945827543, 0.20932815212932426, 0.0021923041248451906, 0.1111062974639459], "standard": [0.063590461196561143, 0.096391045433218706, 0.12883498909710886, 0.031272280390188707, 0.093921632556447268, 0.055330100132382279, 0.1134384216763458, 0.084443745057165592, 0.056783564483982481, 0.14117711542014058, 0.04938738164636864, 0.085429262910090009], "standard_f": [0.06046559998310741, 0.096719343434867572, 0.13209800642387165, 0.029007468823686024, 0.092923414789181549, 0.054172763541650883, 0.11958200719563293, 0.086236140771650815, 0.053701711855242446, 0.1459887883110168, 0.04747797594786006, 0.081626778922231941], "hpss": [0.046739682801070347, 0.10648513777691589, 0.13795398521494018, 0.021729716518724108, 0.1004751815483188, 0.045204735628161637, 0.12753372711386607, 0.085420861765574133, 0.047499732668868401, 0.15318205162761195, 0.036535530045732713, 0.091239657290215645], "hpss_f": [0.043989017804442143, 0.10589673018676768, 0.14246009131381307, 0.019889312698033387, 0.099624693836512554, 0.044289449285015603, 0.13341292368798588, 0.08699814922100696, 0.044637747467013024, 0.15675624829100776, 0.035006980905338346, 0.087038655303063636]}