{"deep_f": [0.013604228017914718, 0.016422008598515867, 0.28282578722351903, 0.0021663239482605243, 0.034619072436425063, 0.0046109880055899112, 0.23351096994917017, 0.070167397877831397, 0.0025482079078774289, 0.23269626249642028, 0.0015370166416937535, 0.10529173689678191], "deep": [0.013715899801090278, 0.016690197675860944, 0.28181948877403862, 0.0022348348655566687, 0.035454293949155891, 0.0047264959142867486, 0.23123491914417257, 0.072044478493391878, 0.0026166470976396045, 0.23104207594601942, 0.0015948394440151127, 0.10682582889477227], "standard": [0.070101906926185106, 0.096749027012256392, 0.13813509884193795, 0.039950011509730689, 0.079872229453268273, 0.038415596968653078, 0.096198193275744859, 0.071288922015135064, 0.049452209390387449, 0.17075192832243238, 0.05631049259577732, 0.092774383688491321], "standard_f": [0.066516720872780183, 0.095319846516488657, 0.15514042388430868, 0.037318264512849593, 0.077635392359229241, 0.036452730174252504, 0.09562861428005448, 0.075310752059651154, 0.048229232341513724, 0.17554787030615032, 0.052281267595618783, 0.084618885097102664], "hpss": [0.053302511304781156, 0.10954550238475085, 0.14930626966560992, 0.032989831303065521, 0.080496726206464239, 0.02307743661965583, 0.10587389265511828, 0.068092385515990936, 0.034466043868752981, 0.19773942272922859, 0.045667749992027433, 0.099442227754554247], "hpss_f": [0.050551005729596449, 0.106430078167639, 0.16575914930190397, 0.031620822887174417, 0.078046879254562898, 0.021133230061050782, 0.10533508175743383, 0.070515907414443635, 0.033530964963012937, 0.20220238924225464, 0.042458183873417148, 0.092416307347510135]}