{"deep_f": [0.026939284595672106, 0.013410040698084451, 0.24645370075669423, 0.0029304817040046436, 0.089038970880850152, 0.012621488544027049, 0.040678360065419021, 0.26422082533471902, 0.0042877901971776497, 0.070624431934339413, 0.0035215086074281677, 0.22527311668158415], "deep": [0.028907706567241086, 0.014655084759754881, 0.24034822202428954, 0.0031126402840365519, 0.09610996204395171, 0.012650711811999525, 0.041194114422473789, 0.26071468130477643, 0.0046389366631712182, 0.075646210776223896, 0.0037485681357010206, 0.21827316120638038], "standard": [0.062245119618626048, 0.065138779512518688, 0.14628423613328911, 0.041701079182075745, 0.086927247759065338, 0.039951772758184907, 0.092473797485240886, 0.12123171325101614, 0.059493203803277238, 0.11172558262221867, 0.052624007378674259, 0.12020346049581297], "standard_f": [0.059013611080656274, 0.063654063420062315, 0.14962375139589909, 0.038786374128571423, 0.089759631036781598, 0.039052410378385118, 0.091169077425572939, 0.12851535995936697, 0.060588295945835875, 0.11244276886869471, 0.049607324554218644, 0.11778733180595501], "hpss": [0.045244372867961506, 0.06349963264296013, 0.1619114708750809, 0.033667013451266707, 0.088591095471736298, 0.025927321602376825, 0.10075843660726139, 0.13769006693494049, 0.049788752465348647, 0.11119524275823313, 0.041825585171591718, 0.13990100915124223], "hpss_f": [0.043422374141527616, 0.061984617394108953, 0.16463890696415262, 0.032089218836064817, 0.089996361352251406, 0.025392903645875674, 0.09904381490778319, 0.14342924521884479, 0.050971760138654072, 0.11171452240382734, 0.039792234734022477, 0.1375240402628872]}