{"deep_f": [0.01313246831897902, 0.050711636798133744, 0.25251895466472613, 0.0024945890838313661, 0.071325449565291785, 0.0048784245504199155, 0.21759446843350055, 0.053340715770865466, 0.0048137057166654489, 0.25877819638334137, 0.002234999701792412, 0.068176391012453028], "deep": [0.013347253231791527, 0.053174335027979365, 0.2488155996364112, 0.002710382357262012, 0.0748525932033519, 0.00516362715018875, 0.21323046574950941, 0.054575809315563377, 0.0051683450908147502, 0.25738496171519254, 0.0024476422708149701, 0.069128985251120226], "standard": [0.064620623590414553, 0.096185920338214478, 0.13920961500263013, 0.03536429106326977, 0.10264042507550053, 0.042791075219599753, 0.09788843946105287, 0.05981779726396836, 0.060516738567493893, 0.1608832142925804, 0.050401517029032096, 0.089680343096243217], "standard_f": [0.062553434447141537, 0.09492769554159515, 0.15329099066392088, 0.033596317676236644, 0.10110768744843433, 0.040459318340683344, 0.096655490665353436, 0.059422573492373731, 0.05861939087470476, 0.16645516385223735, 0.047878425443053367, 0.085033511554265584], "hpss": [0.046620950260180469, 0.10867468800079925, 0.14976598064370983, 0.026235119502804754, 0.11364449541686739, 0.02978794051134993, 0.10890598266771551, 0.050402364036863351, 0.049394360989028219, 0.18531063161655439, 0.03666976117882325, 0.094587725175303561], "hpss_f": [0.045478491199704527, 0.10629031072055604, 0.1611691469295928, 0.025687398295435634, 0.11188180422454705, 0.027875300301079983, 0.10844816221879411, 0.049606204044056412, 0.047745586886545288, 0.18911264931118671, 0.035373951145151558, 0.091330994723349948]}