{"deep_f": [0.15809765323758415, 0.0036069843035657946, 0.1698706285479902, 0.0010352267934079565, 0.14814045342349419, 0.02399273575026218, 0.026495554907190945, 0.24437069916161683, 0.0012152670067588555, 0.089830230196303318, 0.002678907133426796, 0.1306656595383989], "deep": [0.15881836043054218, 0.0037048699506949949, 0.17051026619592305, 0.0010687820296033448, 0.14713266912710932, 0.024625636089812383, 0.027359146977627386, 0.24193308432575353, 0.0012401677535381966, 0.092916261223782756, 0.0027247376205985462, 0.12796601827501433], "standard": [0.064782779393498358, 0.047985423414904707, 0.13999508612993891, 0.033247739737857426, 0.091301909066290043, 0.04694507478469815, 0.076435004383534649, 0.16193022193211645, 0.047988557887149078, 0.1187946783550603, 0.041125991428377764, 0.12946753348657403], "standard_f": [0.062028639786163318, 0.045103316504153938, 0.1467497539239799, 0.029882089353196438, 0.090779165501651646, 0.045554562762599636, 0.074841277860040217, 0.1774093881944305, 0.046420597868323671, 0.11666490847180902, 0.036883816503646555, 0.12768248327000509], "hpss": [0.05354930457736716, 0.04061174596009462, 0.15018184844358498, 0.025502397804856056, 0.097348450251420998, 0.039136729212106751, 0.074472346076772653, 0.1864608965065557, 0.039175238894752246, 0.12044356131280946, 0.028931952238339085, 0.14418552872134024], "hpss_f": [0.052158811528226004, 0.038839811267676952, 0.15481449546304663, 0.023465483917546062, 0.096625858219492072, 0.038674136131462852, 0.074457305440767965, 0.19577741060391959, 0.038532214316424646, 0.11851292546709542, 0.026694971842897566, 0.14144657580144437]}