{"deep_f": [0.010709817229458908, 0.028000386133559093, 0.24726448733445242, 0.00080931614133749968, 0.091383946684971268, 0.0023558274993750942, 0.15236995182688856, 0.12886204954748998, 0.0054431830807176469, 0.17492612491761247, 0.00047309873292909169, 0.15740181087120808], "deep": [0.010640159948736412, 0.028621351162391621, 0.2458925252162828, 0.00083129753463825982, 0.093256729797442053, 0.0023845751635739802, 0.15083235118855071, 0.12894381426379692, 0.005635251105090739, 0.17472547731292198, 0.00048394523917648353, 0.15775252206739807], "standard": [0.071955075946551747, 0.084276428001730949, 0.14149728374730852, 0.02959442510123575, 0.08550263675691748, 0.053580348695008176, 0.1272781964490651, 0.074354319653813283, 0.041476000236866532, 0.15457113970087039, 0.055439338304397665, 0.080474807406234389], "standard_f": [0.068358798508536295, 0.084623010975844168, 0.14949891250292949, 0.026704270130052783, 0.07942861478782734, 0.05223595066401044, 0.13568962016827518, 0.07741253292572009, 0.038091678407254664, 0.16019080230681071, 0.051784015732929012, 0.075981792889809843], "hpss": [0.058232179146764221, 0.091495995281439438, 0.15469144288646469, 0.021702342379110114, 0.087683930513781441, 0.041375329112518316, 0.14572253113695444, 0.067925314193565206, 0.028367026571908174, 0.1701516094381372, 0.047923735400960295, 0.084728563938396464], "hpss_f": [0.05657363800276656, 0.091959142985106601, 0.16191115289278615, 0.020253551844401745, 0.081928503841837225, 0.039745953140650013, 0.14980331222082724, 0.069085058156016538, 0.026395029703976402, 0.17535766342879969, 0.045504864280940999, 0.081482129501890835]}