{"deep_f": [0.11602438639897809, 0.0048116668575928206, 0.19159598841437997, 0.0007953378313619989, 0.13834216449376691, 0.013025416777413595, 0.055662326583485827, 0.21509785601602385, 0.0017624547297252831, 0.11729025537535157, 0.0036135209577187991, 0.14197862556420104], "deep": [0.11648956693865672, 0.0050422509167669738, 0.19156837036120067, 0.00089974924413735089, 0.13772901202540822, 0.013766024744932711, 0.055929423101435324, 0.21396277751682455, 0.0018538227210194971, 0.11840736162920021, 0.0042728552086635872, 0.14007878559175421], "standard": [0.095850980843058653, 0.065082397122507213, 0.13837487871713128, 0.027516642364936981, 0.068103581563851781, 0.053160738774862486, 0.09191417230130558, 0.15459418759826327, 0.047316352819480004, 0.11254540769436575, 0.054913705802983971, 0.090626954397253129], "standard_f": [0.095475036388439044, 0.06137535935501906, 0.14692248823691254, 0.024354596608734059, 0.066126159327079603, 0.051444014145416016, 0.090692942477866231, 0.16897423159549455, 0.045387566885786622, 0.11028805086335537, 0.050763423926776907, 0.088196130189119981], "hpss": [0.091628552529469817, 0.064389271164168052, 0.15204562767109711, 0.017077653493376543, 0.062757788863729735, 0.039321437444344069, 0.10006742990411563, 0.18344476118071867, 0.035134648512086766, 0.11128992955583614, 0.044505907003979717, 0.09833699267707767], "hpss_f": [0.093527401174355249, 0.062706621020346298, 0.15692960969356989, 0.015473661043636219, 0.062544656707901325, 0.038106131951386277, 0.099377727745431271, 0.18871836905003037, 0.033728648534389664, 0.1101724021451905, 0.042492984153103916, 0.096221786780659097]}