{"deep_f": [0.034300425482017061, 0.026142038502918262, 0.22871462650114618, 0.0052102648660379211, 0.10844074492120574, 0.01589562638577172, 0.081838907431593208, 0.17387484367231987, 0.0070627285902448971, 0.15990364498474685, 0.0054506019773783261, 0.15316554668461993], "deep": [0.036804292495771343, 0.027208827521318688, 0.22290621487164983, 0.0055576832798531301, 0.11411220397352578, 0.01622609860077092, 0.081023656278032347, 0.17102116072316842, 0.007459938494889547, 0.16479132702737848, 0.0058141361600363437, 0.14707446057360515], "standard": [0.046491887518583574, 0.063901516144268353, 0.1212250904952559, 0.03820090652099993, 0.12421290727978043, 0.034813825505224605, 0.068608764479648726, 0.094636249737633626, 0.056015210914948189, 0.1866834047343115, 0.041867727544131358, 0.12334250912521376], "standard_f": [0.042689489298965239, 0.062189794510794288, 0.12228229402193377, 0.034971847380634496, 0.13225787456217503, 0.03231541712575324, 0.064041883383590084, 0.095153621957236881, 0.055134497117313802, 0.19899922306579984, 0.0385191486778938, 0.12144490889790946], "hpss": [0.027190105381292688, 0.0639275346881783, 0.12914782511193201, 0.030229452050654769, 0.13842185325042539, 0.024565519673963115, 0.068210308481738965, 0.10053755416780302, 0.045575214053649317, 0.21034266333587581, 0.027269628205847746, 0.13458234159863899], "hpss_f": [0.02636377167001748, 0.061497469471485315, 0.13188218423233256, 0.028666919790168263, 0.14237304351297952, 0.023221578993094592, 0.066285927944870163, 0.10053158710728412, 0.046131724555806754, 0.21489857790303127, 0.025901655980907722, 0.1322455588380223]}