{"deep_f": [0.019862922550440885, 0.011078503817547224, 0.2631845484070075, 0.0040877182475416744, 0.060035548209455177, 0.016758774231586802, 0.054981271631053472, 0.25179051901596294, 0.0045352007247725082, 0.068579050979146253, 0.0041565409732997917, 0.24094940121218561], "deep": [0.020997275874414013, 0.011809798281616971, 0.25880843457201558, 0.0044084650462332528, 0.063619128469691935, 0.016940403775613219, 0.055469745509949105, 0.24953785326149969, 0.0048906595038627357, 0.071184017236299774, 0.0043999296520302713, 0.23793428881677345], "standard": [0.052309025725599721, 0.058117766684240714, 0.12685591615328484, 0.041556141265889725, 0.084674055216207106, 0.03825946777465971, 0.098508888437307915, 0.11952510603724469, 0.052672611553363592, 0.14165156669378537, 0.046976274434532846, 0.13889318002388376], "standard_f": [0.048534772502458898, 0.055525835519714732, 0.13237024606091652, 0.039308402281387031, 0.084700046105305918, 0.035623838946232958, 0.098511375466553072, 0.1238017670688106, 0.051223682143762564, 0.14152923359322414, 0.043895370969872866, 0.14497542934176072], "hpss": [0.03395950752491584, 0.056542361200401819, 0.13606739950466068, 0.034952427228299748, 0.087040818192698627, 0.028149155378237166, 0.10575740972888795, 0.13356691301296084, 0.042571997203430328, 0.15250131436849437, 0.033071983631448781, 0.15581871302556383], "hpss_f": [0.03297427962888802, 0.054649883152633916, 0.14107246599156081, 0.033376217677149093, 0.087143746023368676, 0.02696495618950677, 0.10662666462214709, 0.13549597573623431, 0.042561981049951361, 0.15006960194405256, 0.032167136217042924, 0.15689709176746458]}