{"deep_f": [0.018199486381067057, 0.019945168238262052, 0.28191909402409676, 0.0033645695336039778, 0.047110991924438288, 0.0090139686702075672, 0.24835522845594124, 0.034485416425572686, 0.0062328303033616327, 0.25255937697860248, 0.0034116598825307239, 0.075402209182315522], "deep": [0.018677638895621289, 0.020478251046124007, 0.28026504288402337, 0.0035746565199654984, 0.048735886652922271, 0.009622855072849679, 0.24536720899849945, 0.035773965086094484, 0.0065530031869996796, 0.25099022825454903, 0.0036918746559539313, 0.076269388746397285], "standard": [0.051509592350143664, 0.081437707711753377, 0.15484819534198241, 0.029237729259964627, 0.11310790297117869, 0.04198782006984049, 0.10938377964141968, 0.036802383624886983, 0.052484266583622805, 0.21079760905069472, 0.043234560154875784, 0.075168453239636709], "standard_f": [0.04994811669540887, 0.078993221743833275, 0.17061606956175704, 0.027350335089344421, 0.11339229241839317, 0.038444143930006391, 0.10421159720469342, 0.033078660006338363, 0.05014581194776694, 0.22046466024491679, 0.039293594317786423, 0.074061496839755006], "hpss": [0.034835810995354724, 0.087391390886128545, 0.17061824998183614, 0.019490302347079654, 0.12669417484005369, 0.031856483645779837, 0.12240404360889776, 0.021993846469759479, 0.040076864968984265, 0.2447336167762478, 0.028266265884220782, 0.071638949595657239], "hpss_f": [0.0349805994329161, 0.084750490286851915, 0.18057780676031479, 0.018758651183065148, 0.12652386980772931, 0.030187753722359115, 0.11856303926565587, 0.020640418454956618, 0.040084458621761222, 0.24751235319720929, 0.026247509884774974, 0.071173049382405651]}