{"deep_f": [0.019308917076143239, 0.041421515574117294, 0.20684921375403104, 0.0032020720273702656, 0.13489401815259994, 0.0043609426624214576, 0.16180252092246786, 0.076690011573239514, 0.024411355087659736, 0.20589990502506705, 0.0021096573324867474, 0.11904987081239579], "deep": [0.019517132310505499, 0.042899927822053603, 0.20265328303475791, 0.0033438989227527055, 0.13963803108447823, 0.0044525902626558434, 0.15635557185324458, 0.079197871562507849, 0.024954781657318327, 0.2028064454347184, 0.0022026834382792388, 0.12197778261672783], "standard": [0.081080850116157094, 0.074938905752630625, 0.12573291407223075, 0.035134454277015816, 0.11708392058833945, 0.052946187644633755, 0.088974667603563637, 0.057327231148569517, 0.06205181186590078, 0.13686517224335157, 0.06126760645936976, 0.10659627822823725], "standard_f": [0.078193865792910253, 0.073840720747469918, 0.13585669600142988, 0.033150899488489559, 0.11702708990560794, 0.050385812022894501, 0.087487176752859927, 0.058897840332437175, 0.060118938131595162, 0.14138940699466929, 0.05833543105916017, 0.10531612277047643], "hpss": [0.062946093253563276, 0.076721112086762716, 0.13475587474900971, 0.024805102696208454, 0.13892066521250496, 0.042371296703253625, 0.10046288701048288, 0.045829748470532033, 0.054842875557947056, 0.14582597450803214, 0.050454291596171458, 0.12206407815553168], "hpss_f": [0.063020172089092552, 0.075482821494412808, 0.14198201269311364, 0.024070326999785261, 0.13766052987990687, 0.040017659343924789, 0.098483054838965162, 0.046135751025897544, 0.05362487757041725, 0.14736597920040798, 0.048848147520352783, 0.12330866734372338]}