{"deep_f": [0.068532127925929998, 0.0095324066002263202, 0.24248730188720904, 0.0034045882737255588, 0.061070567807738382, 0.042053305335833117, 0.043103790128716138, 0.2309870524730622, 0.0023356140110364514, 0.10462177134332433, 0.0041166026150071845, 0.18775487159819132], "deep": [0.071073364842483305, 0.01029821364243867, 0.23897624151414615, 0.0034918464641143223, 0.064507779331477791, 0.041629447692575351, 0.045520575567885767, 0.22631359037788518, 0.0024437685102145397, 0.11065758201262142, 0.0041993293840464499, 0.18088826066011104], "standard": [0.10100004482182837, 0.060435628981784464, 0.12269092431255403, 0.035495392568690123, 0.065480998400953422, 0.047641543614983822, 0.083062642730466402, 0.13794029385661161, 0.052048135312678732, 0.12970245142213285, 0.056463887569011974, 0.10803805640830419], "standard_f": [0.099969480858264265, 0.058702641443845453, 0.125526518244712, 0.032914656039635393, 0.065505171635120318, 0.046159879935487425, 0.08071766477724035, 0.14717374877669048, 0.05150296289223856, 0.13391254090620325, 0.053563743986375999, 0.10435099050418661], "hpss": [0.093512002710705991, 0.056299909599893221, 0.12948194422424997, 0.026221549136243388, 0.060196704153837793, 0.034257535703499785, 0.090698047948906804, 0.16544415580078209, 0.040657647895851162, 0.13470624317192476, 0.044052734397080594, 0.12447152525702444], "hpss_f": [0.094847163742477911, 0.055309581664675506, 0.13111601322696056, 0.025352276630300093, 0.060156136441947346, 0.033271212184178667, 0.088199740634760923, 0.1682635496555393, 0.040177108954359927, 0.13676968834834077, 0.04216591795080056, 0.12437161056565829]}