{"deep_f": [0.06051586432773147, 0.041675960069620058, 0.21563289469872124, 0.0027567392928215203, 0.10460727429916579, 0.011717297009898719, 0.13849055893859918, 0.11208946196213573, 0.0036104124694147466, 0.2257669451371479, 0.0029362722313979448, 0.08020031956334564], "deep": [0.060922078145014769, 0.042084716503230542, 0.21436841468743081, 0.0028776601789614656, 0.10576407509929829, 0.011903798974806574, 0.13764871107631976, 0.11181212828663016, 0.003770714154848552, 0.22626669132117919, 0.0030593161189158831, 0.079521695453363989], "standard": [0.068862895175154357, 0.078182505136546801, 0.10291507353794555, 0.030617526421261435, 0.10510347668476118, 0.048703894472083183, 0.096245695463871891, 0.10370690217169778, 0.057999370393929016, 0.16420310692552301, 0.05343139711844886, 0.090028156498776962], "standard_f": [0.066482156536497694, 0.078397141556827796, 0.10200160282583529, 0.028237540726431358, 0.10886048328787944, 0.047084782046564001, 0.097045860604257864, 0.10459382428505155, 0.057027442725817883, 0.17075768319418566, 0.052241870018295347, 0.087269612192355975], "hpss": [0.048071651257479531, 0.08199111911898492, 0.10116822081353305, 0.018905615351561135, 0.11766726177194516, 0.034880314670483151, 0.10824826945561286, 0.11459932164553774, 0.048496622403131885, 0.19014160946171768, 0.039144038442577973, 0.096685955607434981], "hpss_f": [0.047760162438189861, 0.081565120332533311, 0.10243364270992865, 0.017541123805065156, 0.11915327866644873, 0.03425661381026953, 0.10832569930556239, 0.11592304971153958, 0.048068219500812914, 0.18997158875294354, 0.038007312199377759, 0.096994188767328612]}