{"deep_f": [0.072046012465174308, 0.055076011336423911, 0.16847048334488426, 0.0034046522535701052, 0.16435852769441664, 0.020128298491398876, 0.088399404563262771, 0.11591241078806626, 0.0093929984427668037, 0.20930701949812991, 0.0041467573740990062, 0.089357423747807155], "deep": [0.072456624771680078, 0.055130022421408811, 0.16855451199584159, 0.0034920763508630333, 0.16380827314412572, 0.020834337075376144, 0.087671501366552537, 0.11520841655035516, 0.0094545253975831817, 0.21071952731188245, 0.0042481053118215159, 0.088422078302509768], "standard": [0.080629298745204581, 0.075759614364706129, 0.14649936707902031, 0.028985405197543022, 0.10649211200382742, 0.044334135487010519, 0.067059853645153766, 0.085940771767421043, 0.069164098983571232, 0.17572753741574546, 0.041523073258159959, 0.077884732052636449], "standard_f": [0.079074581687995901, 0.075492268261755174, 0.15152684316199214, 0.027450711758896722, 0.10804010114918387, 0.040917199368764055, 0.066226995140049386, 0.085398816798042024, 0.067086869785403624, 0.18520577382615333, 0.039266002489197697, 0.07431383657256628], "hpss": [0.070914576684275685, 0.078888584357296634, 0.16173712158253814, 0.016718867602858657, 0.12041817337180714, 0.031550804403573177, 0.064761235491636968, 0.087489496699208497, 0.063553686106258639, 0.19773805381024484, 0.026107519630471785, 0.080121880259829789], "hpss_f": [0.070302096596214933, 0.077611274730125815, 0.16611040899452414, 0.016176288568697208, 0.12069479507294413, 0.02986562334023252, 0.064888331966734047, 0.087441441547893503, 0.062037922419358356, 0.20155442985968361, 0.025350540445589809, 0.077966846458001837]}