{"deep_f": [0.028833336821724665, 0.013326809201420953, 0.26669074119899167, 0.003150224125144126, 0.056243674924817764, 0.017275522437476546, 0.099869744044948958, 0.19824965584602561, 0.0038037439436646361, 0.11334960560868243, 0.0035380329467273601, 0.19566890890037517], "deep": [0.030207533134387024, 0.013956129109079739, 0.26425369583955655, 0.0032609667784852521, 0.058576405867168162, 0.017342765507309742, 0.10190438000059003, 0.19427088519538824, 0.0039715699853821529, 0.11736974867817354, 0.0036286823133249522, 0.19125723759115459], "standard": [0.067228217926175338, 0.067576353500749003, 0.1318253985973046, 0.032403701699826003, 0.059491364477140624, 0.038146146123249652, 0.11589175283518287, 0.13796597206255032, 0.059063858981520743, 0.13874956649193318, 0.049187013849253232, 0.10247065345511443], "standard_f": [0.062783817036057663, 0.066623910683551349, 0.13507457442455215, 0.029744032627489269, 0.056318578516803088, 0.035070824627179864, 0.12051120592219386, 0.14507240789256937, 0.057446326604703724, 0.14339228702268961, 0.047036867548313932, 0.10092516709389616], "hpss": [0.053477115601173998, 0.068484243256797889, 0.14338214239148719, 0.024080974853311825, 0.056784685901753763, 0.023254529480577654, 0.12979029734034764, 0.15674991396335647, 0.047094742476654489, 0.14563940058873237, 0.035913203104983048, 0.11534875104082366], "hpss_f": [0.052575553288230978, 0.067830825989977708, 0.14666483609356967, 0.023113187879578695, 0.054060671529735545, 0.021934503276446995, 0.13157189607800801, 0.15969301778465522, 0.045780766005054298, 0.1479544196981539, 0.035072873729584349, 0.11374744864700462]}