{"deep_f": [0.0083025133289813622, 0.092264205755704987, 0.19770730850214169, 0.0043225668076138013, 0.11854275159305362, 0.0059424227177750314, 0.17229614708226146, 0.045968550131045442, 0.014113512221392269, 0.22895499626058965, 0.0030910265665282273, 0.10849399903291242], "deep": [0.0084958736512283934, 0.092240803182007711, 0.19635092830216572, 0.0045763514113113983, 0.11952371917524207, 0.0062498103212612873, 0.17011651094016197, 0.046984133593746986, 0.014644569737878373, 0.22651359771340948, 0.0032826652156719735, 0.11102103675591463], "standard": [0.073130973438450236, 0.095465929842055763, 0.12984281873658252, 0.038695180243761701, 0.0958674913640674, 0.050324109328793006, 0.097951217452566658, 0.049718525626440406, 0.062542017748961967, 0.15155831660995708, 0.053657543052023728, 0.10124587655633947], "standard_f": [0.070600449083534356, 0.095240913408224617, 0.14265407740998876, 0.037415014456548414, 0.09476007649599659, 0.046329828932835077, 0.097005180028457219, 0.047467758279309193, 0.060100294127236442, 0.16139750690143267, 0.050427531892029434, 0.096601368984407091], "hpss": [0.05978541444192001, 0.10670937969998823, 0.13707786522884077, 0.029920158493444361, 0.10517583208188734, 0.038881911620599417, 0.10828283703633793, 0.037501805934599695, 0.055386149115412994, 0.16558727660024986, 0.042740871545165086, 0.11295049820155438], "hpss_f": [0.059766926023752671, 0.10563500816245386, 0.14864733885983264, 0.029803663642505251, 0.10286750421507737, 0.03590707396131252, 0.10732970765306055, 0.035237864039354701, 0.053411510623255096, 0.17103407650716176, 0.040298523723016809, 0.11006080258921686]}