{"deep_f": [0.16057024856513366, 0.0090149627425724632, 0.18820847124943324, 0.0033943902458356662, 0.11578721455940587, 0.021745694613287576, 0.12677755275564723, 0.13596917467480968, 0.002840220914886359, 0.19231655181393184, 0.0043328661276531904, 0.03904265173740331], "deep": [0.16135997151849443, 0.0091220212159583407, 0.18790484658586828, 0.0034645256964732979, 0.11569130981446619, 0.022542387023728315, 0.12417241036447593, 0.13642652563481383, 0.0029077580733502611, 0.19249347859302626, 0.0044187179105356668, 0.039496047568809173], "standard": [0.11210135069269714, 0.077370170064685037, 0.14520806852584614, 0.029467426415582077, 0.091529622774189107, 0.042079466013419838, 0.075669144224714213, 0.099318561737481395, 0.049898327471348002, 0.14710366423652466, 0.051211711126370865, 0.079042486717141647], "standard_f": [0.11592346479677713, 0.0767904538491017, 0.15393593134528469, 0.028522807791662521, 0.090033798945864232, 0.039326542578053604, 0.073530764347022604, 0.09728219775880885, 0.047583034146173445, 0.15082597781674129, 0.049353470608740166, 0.076891556015769982], "hpss": [0.11389800592670024, 0.081340284821185341, 0.16221477677084406, 0.016246160315913978, 0.097125354488742766, 0.026092364693845852, 0.076328995645708483, 0.10864763228615873, 0.038811472366641252, 0.16393008381495514, 0.035254353327668367, 0.080110515541635757], "hpss_f": [0.1169965869913992, 0.079737690465996297, 0.16943452848077578, 0.01541669858660356, 0.095549087920171402, 0.02403972538885606, 0.074623341720654199, 0.10892398768360989, 0.037335348528568763, 0.16524932896140618, 0.033661455626158382, 0.079032219645800206]}