{"deep_f": [0.034134451973861661, 0.0076321630106654719, 0.2102218333076771, 0.0025709322933145282, 0.12100335667321624, 0.013195437228819067, 0.057771345240752073, 0.24296609344497477, 0.0081068174198175337, 0.0712092010262287, 0.0024779272286788476, 0.22871044115199393], "deep": [0.035671208221538832, 0.0081629737051083819, 0.20931214381254898, 0.0027154992333161361, 0.12134471078549211, 0.01330577202263346, 0.060375763931770417, 0.23880077232092248, 0.0082161901062293846, 0.075450812197803405, 0.0025815341541019555, 0.22406261950853446], "standard": [0.084813384460410313, 0.062641191841923016, 0.1241299107371294, 0.03799146054393393, 0.082821359737937056, 0.056997046536047306, 0.083698691376708378, 0.1074797250901177, 0.059279737708388541, 0.11788935727756444, 0.064913256822331344, 0.11734487786750857], "standard_f": [0.085609656403609277, 0.062771221080195963, 0.13079181576091664, 0.036274773905466816, 0.079772238804397488, 0.053684306027393769, 0.082986342382558198, 0.11034319098883284, 0.056403335163161886, 0.12287495323984116, 0.062835286993555395, 0.11565287925007053], "hpss": [0.072055481471993393, 0.05968384724827272, 0.13473152228033644, 0.029661939038364241, 0.085397522469382967, 0.046514040098839943, 0.086732148217946683, 0.12060777437766915, 0.051498916559554637, 0.11726897443639393, 0.055232200596763821, 0.14061563320448209], "hpss_f": [0.071875348355746535, 0.059164427942586251, 0.13975740759792046, 0.028678991453649823, 0.083239865370768079, 0.044678248736991492, 0.086304204288894973, 0.12321817549101895, 0.049525168222463091, 0.11957855337401839, 0.054035921762089878, 0.1399436874038523]}