{"deep_f": [0.063874984659368056, 0.041563018966389878, 0.15290700089543074, 0.0043397777180178322, 0.18615191579415916, 0.015210722555400033, 0.038774370434951203, 0.19062266435061426, 0.0076224838042972566, 0.16019614511868244, 0.0044667882311988302, 0.13427012747149022], "deep": [0.064638144710369411, 0.041181198209378642, 0.15250874180266072, 0.0045391985946060592, 0.18604594971821803, 0.015605354413445398, 0.039135664584522029, 0.18955726621880217, 0.0078725326267487811, 0.16146398288854741, 0.0046714086296313403, 0.13278055760307003], "standard": [0.05769819330916573, 0.063038006696160553, 0.12771272537656334, 0.039723694521968028, 0.11925686199209889, 0.048174350575348419, 0.073872106426628031, 0.10013380685503746, 0.0631197956261835, 0.14507607050340743, 0.050817140058257743, 0.11137724805918096], "standard_f": [0.054798099771721502, 0.063094441238136248, 0.13271847247761845, 0.037758121533922426, 0.12318538653582443, 0.045941742193713664, 0.071340026840769927, 0.10090604371098877, 0.061858896499692069, 0.15271955327482925, 0.047306702173956751, 0.10837251374882644], "hpss": [0.037285182289669469, 0.061891738342412864, 0.13832828560870669, 0.030369283283855245, 0.13810336577158475, 0.034655398936684415, 0.071364771400422425, 0.10942067205748213, 0.054553128810163429, 0.1604429988254831, 0.034459829387161356, 0.12912534528637412], "hpss_f": [0.035193206090691445, 0.061239850269514645, 0.14397258173406685, 0.028943585492258107, 0.13878242068903618, 0.032860957827770175, 0.070278002629473077, 0.11223864780268675, 0.053942617634306696, 0.16288536470217638, 0.03212606729959655, 0.12753669782842325]}