{"deep_f": [0.12900341682138333, 0.0056243659887716705, 0.2179745628591335, 0.0015026580839706722, 0.08903878518916529, 0.01994918577452948, 0.073521183902728549, 0.19198474509552854, 0.0014148517212521936, 0.14937979034622476, 0.002111741978336132, 0.11849471223897599], "deep": [0.13119302187328877, 0.0057857066254285465, 0.21617555908242173, 0.0015805379629184012, 0.090395666538156783, 0.020598492838761136, 0.073505738205540863, 0.19017327096766731, 0.0014786545234297154, 0.15146226722186446, 0.0021943770815040691, 0.11545670707901823], "standard": [0.09598430929288812, 0.070458076502406958, 0.13992821259350388, 0.03022593872168455, 0.08314227889096118, 0.042114869320179625, 0.082754893526392509, 0.12246297661628068, 0.054652103821597672, 0.12828924680448234, 0.053769755344168495, 0.096217338565453961], "standard_f": [0.098405444868586489, 0.07029783158656841, 0.14455400242435409, 0.027810637087707583, 0.083778749150073883, 0.04081823183441647, 0.081571227279425923, 0.12415054393949886, 0.05279990324666671, 0.13301194898976706, 0.051053888957483751, 0.091747590635450654], "hpss": [0.091653379531827894, 0.071644499492793556, 0.1518702945083904, 0.022735269336235299, 0.084243204446079467, 0.031101240883098194, 0.085416753467293369, 0.13619852011668993, 0.046479286572922468, 0.13081335648456863, 0.043402681778706757, 0.10444151338139397], "hpss_f": [0.094624024673552007, 0.071016073304698751, 0.15580662288807279, 0.021907767375163235, 0.082914021854683453, 0.030510475455613396, 0.084705526332002415, 0.13692572504110534, 0.045247395284250848, 0.13261187554783158, 0.042118425113493223, 0.10161206712953298]}