{"deep_f": [0.017863097963737584, 0.026804384272639988, 0.26439449105511059, 0.0031047206572269114, 0.0621913753543024, 0.0073501125057922716, 0.18828045923407852, 0.10399657998901107, 0.0046493360480251355, 0.20790936092286816, 0.0037712618969917427, 0.10968482010021571], "deep": [0.018402355233994191, 0.028512920646574291, 0.25938742806369774, 0.0035056521694510228, 0.067696316244572757, 0.0079894944192658839, 0.18140395673057061, 0.1068947299263039, 0.0052828974689401349, 0.20417086917251034, 0.0043590391990420488, 0.11239434072507708], "standard": [0.062418532665187508, 0.086511203146865681, 0.15124312478876967, 0.032885920407893836, 0.10753140893738697, 0.046666710005257975, 0.11296246802092678, 0.054573731126941992, 0.046453711563470709, 0.14484486801937302, 0.050898357654496858, 0.10300996366342906], "standard_f": [0.060423705313387817, 0.08366655142241794, 0.16553854714158239, 0.031274422473393584, 0.10405383216794661, 0.043715984908204275, 0.11122523274872811, 0.051140825793882377, 0.043149926185709418, 0.15273541259336365, 0.048042463949320609, 0.10503309530206305], "hpss": [0.048896383699178363, 0.092846286838344824, 0.16415798102264759, 0.025973722387153914, 0.11666094994009044, 0.037673791148447412, 0.12513803452151417, 0.046015891671800008, 0.035880032024125222, 0.15542348775275194, 0.040650878810676784, 0.11068256018326919], "hpss_f": [0.04838566837546613, 0.090887421372589761, 0.17354030823873201, 0.025539858403738073, 0.11383197701938555, 0.036009558146921181, 0.12326241323850722, 0.04437900641574128, 0.034817999153944727, 0.15974240816275395, 0.038972237423446292, 0.11063114404877379]}