{"deep_f": [0.020512217125915468, 0.026420521588468124, 0.22338911213883897, 0.0083305601192606906, 0.099770389291404513, 0.010910274059581509, 0.13279751481672156, 0.14693037283351229, 0.011092936394004551, 0.14356536524722407, 0.0068192099502846059, 0.16946152643478379], "deep": [0.021143379848864673, 0.027250886078963137, 0.21704891889042169, 0.00876768701160607, 0.10588433276733017, 0.011113038604336106, 0.12664959063414336, 0.15181623053748408, 0.01178288578649222, 0.13897416714256122, 0.0072133464935097008, 0.17235553620428759], "standard": [0.06744729373873308, 0.073844021557091979, 0.12002915198294051, 0.036089950005122537, 0.088154944538150148, 0.050527739291930648, 0.10943330236142322, 0.084690566623293856, 0.064695484679158866, 0.12614611986181623, 0.057996101532767422, 0.12094532382757153], "standard_f": [0.063422944678752716, 0.071923585487167527, 0.12792585586074312, 0.034497241774516144, 0.086566863816805159, 0.047052727511484926, 0.10796255384177612, 0.089010441847810887, 0.063166937313553995, 0.13258075441845721, 0.054096381885233927, 0.121793711563698], "hpss": [0.049830881556658553, 0.077754866933338024, 0.12854684131662553, 0.026720446990442303, 0.094350602749003032, 0.040256951273663057, 0.12510738053713921, 0.088519712350122251, 0.057605850900776127, 0.12858042582565199, 0.044588480033143703, 0.13813755953343629], "hpss_f": [0.047624249814996897, 0.075669474357028935, 0.13489608069056236, 0.025633418494274546, 0.09312505943139894, 0.038279357097662524, 0.12370548897334849, 0.091849114150719641, 0.056690639968649925, 0.13095010531927148, 0.042658831755974902, 0.13891817994611125]}