{"deep_f": [0.01554779504698848, 0.041721409139913089, 0.26541742846070254, 0.004666653840537157, 0.060747598510400493, 0.0096323084835868659, 0.21994815510994836, 0.044602705067788288, 0.0072738314454241738, 0.2486574393931732, 0.0050875335795671026, 0.076697141921970441], "deep": [0.015554212140714476, 0.042717389814381536, 0.26415636488853173, 0.0047438646877609224, 0.061827288832739191, 0.0097837321705615907, 0.21774507328742002, 0.045373189819443618, 0.0074001026557088956, 0.24791953580457615, 0.0052035970270456096, 0.077575648871116287], "standard": [0.085153922840755833, 0.10908027250007279, 0.1356868199651976, 0.032581723254526164, 0.075739076981810816, 0.049634728614571799, 0.10187644276628001, 0.054518160016019904, 0.064749119970842761, 0.16712005778539873, 0.048903188494052355, 0.074956486810471235], "standard_f": [0.082656323849168462, 0.10798579520370638, 0.14820313714547828, 0.030909856346287123, 0.074326434575094302, 0.046332223222927849, 0.099433020060358757, 0.053022012316842747, 0.063199992758970786, 0.17727219773453498, 0.045089221768008614, 0.071569785018621698], "hpss": [0.074410108812633019, 0.1262679946587151, 0.14834571233934396, 0.022619469396106779, 0.076623935145030575, 0.039122441164643369, 0.11361507756426863, 0.045275207328361225, 0.057005717148021995, 0.19157298709538356, 0.033521039848107108, 0.071620309499384652], "hpss_f": [0.073535169316187726, 0.1229404996355945, 0.1590143123383021, 0.021739318049950402, 0.075571886292114893, 0.037210761506051716, 0.1123104606385652, 0.044474064669197101, 0.056369350710945842, 0.19483371388724827, 0.03155327144683142, 0.070447191509010937]}