{"deep_f": [0.025441814623241247, 0.01403992851869037, 0.26993158580374066, 0.0051472807755240805, 0.057161122840339633, 0.018163968525476401, 0.087350265635465899, 0.2036873450144969, 0.0054050897358643574, 0.10985349006724519, 0.0051740997960190377, 0.19864400866389628], "deep": [0.026358279350651961, 0.014556188685741879, 0.26817808829527007, 0.0054148483695652255, 0.058735408559001542, 0.018234793602429696, 0.088327886962552504, 0.20119448073498697, 0.0057067168808869299, 0.11228880198471144, 0.0054128613531224399, 0.19559164522107933], "standard": [0.077060623719064789, 0.068678696346325022, 0.15552644308452826, 0.037015601286997463, 0.063816969319764383, 0.041364851453382895, 0.10506997158701215, 0.096484483516165467, 0.051671609013043185, 0.14922553785266901, 0.049201161386792064, 0.10488405143425514], "standard_f": [0.075063172079961743, 0.066192631917800879, 0.17343974188450595, 0.034490494161513022, 0.061259938196873753, 0.037683109474107787, 0.10126870461225795, 0.099331068186776075, 0.050509960658947993, 0.15731474576630342, 0.044429869268785047, 0.099016563792166293], "hpss": [0.063917794330300023, 0.069573156503329875, 0.17859164212454182, 0.0289129098767908, 0.05878629260999927, 0.027721579315479177, 0.11817172593795133, 0.10575963865024372, 0.039111740006043172, 0.16180719404810923, 0.033010032076634402, 0.11463629452057718], "hpss_f": [0.063463614916024827, 0.067407060272612507, 0.19166268540276141, 0.026953554613540091, 0.057449484326698663, 0.025892984361127188, 0.114534904287211, 0.10753963959513851, 0.038680398957492292, 0.16578117833517581, 0.030358959904130536, 0.11027553502808699]}