{"deep_f": [0.029635980937520359, 0.045654102105983779, 0.23928883464080869, 0.0034268521202541762, 0.077154625500872223, 0.0098015789240722788, 0.18784513396042218, 0.077335131393581807, 0.0051910947275924275, 0.2347383758959847, 0.0034974440456932922, 0.086430845747214283], "deep": [0.030339306189699978, 0.047018829766096615, 0.23561967837556244, 0.0035923957984115721, 0.080398644055287266, 0.009934917786754139, 0.18491137338980118, 0.077988390354504028, 0.0053981202890949348, 0.23507302199850746, 0.0036539687871998423, 0.086071353209080534], "standard": [0.066401506583888964, 0.10086804589377427, 0.1199413470805113, 0.03757120255116491, 0.078984419824307067, 0.045474448940290159, 0.10542265155404465, 0.079897368952570783, 0.057573637422243785, 0.15727174086724902, 0.053966960836388335, 0.096626669493566866], "standard_f": [0.06315148299645644, 0.10190447422800121, 0.12376628623209593, 0.035584286208580493, 0.077178969086816415, 0.043563675190728852, 0.1075163015401073, 0.082436647286960651, 0.056299210829581794, 0.15922335650720218, 0.052689325598976371, 0.096685984294492336], "hpss": [0.049648316321125957, 0.11433242876865746, 0.12792338771578257, 0.02755646575149957, 0.081683352341437254, 0.029886201644599236, 0.11715049236965151, 0.07707338404493283, 0.045790734738550852, 0.18380057923135124, 0.040768845926110533, 0.10438581114630087], "hpss_f": [0.047789266278701913, 0.11322806768240412, 0.13320133419009927, 0.027083053676307371, 0.078378772714301007, 0.028338609071928526, 0.12114387547082274, 0.079391912263189646, 0.044340437395917559, 0.18179750408366527, 0.039690048246364455, 0.10561711892629816]}