{"deep_f": [0.016203184417056718, 0.03774884239699456, 0.24630330022206795, 0.0042177300075849728, 0.068939768860335066, 0.0076489902932977165, 0.18629693251327548, 0.093514442172622531, 0.0061020892489740139, 0.19735467972283152, 0.0037182557566561984, 0.13195178438830327], "deep": [0.016406976602236251, 0.039274334038130312, 0.24375719227242054, 0.0042911353353994449, 0.071369433093315005, 0.0077595536701181179, 0.18347210215348855, 0.095049350109367201, 0.0062673472090686516, 0.19662249174365795, 0.0038447852691718973, 0.13188529850362607], "standard": [0.08118772630162259, 0.095430120972121973, 0.1233426922616179, 0.044255025161271819, 0.069762907448219377, 0.047606616918140277, 0.098940303893112022, 0.066280374171509032, 0.055291518663939401, 0.15304378279901926, 0.065394781443241679, 0.09946414996618469], "standard_f": [0.082153045232914737, 0.095109327453944292, 0.13286054385514595, 0.044688671313596634, 0.06659578890700521, 0.043474051462275058, 0.0962554442455755, 0.061292717825563621, 0.052623528680598296, 0.16112066888939244, 0.062667889946565747, 0.10115832218742259], "hpss": [0.066873651086395647, 0.10890161872674735, 0.13326831239595963, 0.037617478899124694, 0.067625176551417768, 0.034139823948998893, 0.11081231120064335, 0.058827207283789734, 0.043637095900447564, 0.17307941590661358, 0.056189519077165136, 0.10902838902269665], "hpss_f": [0.067789144092349582, 0.1070715591487952, 0.14087309411349108, 0.039042054531763119, 0.064107404959845668, 0.030995312047700438, 0.11091388647767145, 0.055716962961812354, 0.041498429927743115, 0.17663716804853688, 0.054306256780584566, 0.11104872690970653]}