{"deep_f": [0.034685380773929388, 0.032199058656225424, 0.22580400381768206, 0.0044585472525846713, 0.092309557566772255, 0.025804736037781575, 0.045872133262816049, 0.21484037155488372, 0.005538041060875667, 0.12638108570908968, 0.0051920494014645983, 0.18691503490589484], "deep": [0.037657605031566774, 0.035475932656238156, 0.21670736288711245, 0.0049485496690060927, 0.1000681056225133, 0.025562804161898815, 0.048671847166264375, 0.20558955092005191, 0.0061658499610982046, 0.13841688473669606, 0.0056470010643930339, 0.17508850612316082], "standard": [0.064837577049618206, 0.071192370714629111, 0.10474643385027674, 0.045284776216172162, 0.078497291855336451, 0.040704232542985656, 0.085124389871304079, 0.10592490795579218, 0.060923036466269308, 0.15433190652121723, 0.057417415722462048, 0.13101566123393668], "standard_f": [0.06152118492658816, 0.07079438477425247, 0.10753911968475161, 0.041844646651886482, 0.079553517248396488, 0.039286368989380101, 0.083291377257951452, 0.10979791767522082, 0.062073290712168987, 0.15736292130421289, 0.054718739207631539, 0.13221653156755914], "hpss": [0.049683739535340436, 0.072662414551825011, 0.10476450287595492, 0.038946066257838426, 0.080514969189248053, 0.025487573439272722, 0.087666173488871055, 0.11783331538231301, 0.049773252242920875, 0.17438278749405667, 0.045092758860348831, 0.15319244668201001], "hpss_f": [0.04692171609341679, 0.072081487427980109, 0.10751259475090949, 0.036785195551732132, 0.080850763933438916, 0.024747423119482654, 0.087434580978422272, 0.12173822114037611, 0.050074196913143076, 0.17545324803788892, 0.042694813763563481, 0.15370575828964611]}