{"deep_f": [0.10746675986135862, 0.0011298273369700757, 0.2249612987574176, 0.00074789389922994421, 0.086687854766347008, 0.013312216339717783, 0.057135693465291168, 0.26083727056749229, 0.00050263784398124503, 0.048101076436563417, 0.0013990296841509336, 0.19771844104147993], "deep": [0.10804994873795, 0.0011789651539690518, 0.22482363972092057, 0.00077289991808576059, 0.086558974801961203, 0.013554836774803226, 0.058195644494642096, 0.25932169359670498, 0.00052710949026325989, 0.049547609437593287, 0.0014285533535920477, 0.19604012451951455], "standard": [0.10243456593577994, 0.063142320356676163, 0.13988640748174663, 0.036276110438710034, 0.079094658189473449, 0.049074524520648546, 0.079276739185700745, 0.11651209469916396, 0.035281814572565511, 0.12447871798084767, 0.053430371708621693, 0.1211116749300658], "standard_f": [0.1073202695998713, 0.060938244249712399, 0.14672004510699979, 0.033904046627432065, 0.079317693394257302, 0.04715895282837889, 0.075609964600186472, 0.12192486204021359, 0.033426749537559967, 0.12446297390154035, 0.050211553877964714, 0.11900464423588311], "hpss": [0.098960847291595433, 0.061970650107330806, 0.15061586404954913, 0.030509470466494278, 0.078725787539510733, 0.03600402423111574, 0.078873490386821371, 0.13025432326388814, 0.024123606073333598, 0.12921757383902868, 0.044085708136387812, 0.13665865461494436], "hpss_f": [0.10336229942572181, 0.060932354322122788, 0.15471421907030741, 0.029344029395129867, 0.079830385121963221, 0.034102570701263782, 0.076262616901813837, 0.13065265032364312, 0.022893757697429483, 0.13149954347653345, 0.042230850162500756, 0.13417472340157041]}