{"deep_f": [0.002380675700025231, 0.14769995437029618, 0.10457947042588858, 0.005968811353179458, 0.21220080884882173, 0.0018692625519241932, 0.10307995175031871, 0.012950586376854202, 0.081281036990093147, 0.20855652683912604, 0.0031064485488853659, 0.11632646624458721], "deep": [0.0024281404447873038, 0.14662894036290866, 0.10514046730960162, 0.0064924475189668245, 0.21071715485610351, 0.0020716198308462956, 0.10409921641984043, 0.013367510586580381, 0.080718084862153525, 0.20722932885391873, 0.0039491058484900868, 0.11715798310580261], "standard": [0.084122930935330534, 0.094257551972632928, 0.098225102762938443, 0.037884078271179185, 0.11837519076725969, 0.058335610075871243, 0.084668161481937482, 0.045918467970750936, 0.073769833729930817, 0.1650823199640189, 0.05543067209735688, 0.083930079970792965], "standard_f": [0.078747758508283958, 0.094276558773084981, 0.099036180973743351, 0.034343130834420463, 0.11659364967331068, 0.056242564623874183, 0.086762418878207376, 0.042835988349503085, 0.070641385869769646, 0.19080609924854497, 0.052491348453212683, 0.077222915814044557], "hpss": [0.076364146163631658, 0.10480180175987613, 0.094444067458680905, 0.034019630877879445, 0.13231392345677359, 0.048387531020364652, 0.089741067560497698, 0.032077332674937051, 0.07080638715521359, 0.18016686833613865, 0.048399413175887168, 0.088477830360119483], "hpss_f": [0.073628469104021529, 0.10397497511692419, 0.097919022458739208, 0.0317236040602627, 0.13124563652224661, 0.046617813318016108, 0.090601642823089024, 0.029868508871830336, 0.067493829651588955, 0.19573689492544119, 0.047246670854449509, 0.08394293229339056]}