{"deep_f": [0.12521759427638732, 0.010403139600931839, 0.19636462687022882, 0.0019680878373573396, 0.11424319206868382, 0.017605706847972493, 0.073340587561100831, 0.192827785705939, 0.0017052108285393181, 0.12858713943260774, 0.001687263880325067, 0.13604966508992647], "deep": [0.12613194584628457, 0.011144444785710424, 0.1939235591075987, 0.0023978283067774713, 0.11540529740137009, 0.017940080564449117, 0.074253660908916094, 0.19024335198635467, 0.0019981552754366346, 0.13083409272175184, 0.0018554431851166345, 0.13387213991023367], "standard": [0.095702647547944469, 0.063164921363658935, 0.1232045564713788, 0.030907303744099751, 0.089295373383162943, 0.049249053289677054, 0.073478082757914967, 0.13609478098605618, 0.044818600484657786, 0.13862558751978726, 0.056078584014620583, 0.099380508437041298], "standard_f": [0.094448591712890412, 0.061366950727110799, 0.12674469169237848, 0.027842270056196231, 0.086721564949365726, 0.046600677095232218, 0.070756917137312886, 0.14663717530173365, 0.043075595896401683, 0.14486330096537633, 0.053632233956326394, 0.097310030509675072], "hpss": [0.092055055836344282, 0.062444442141966608, 0.13091601888294327, 0.023985570147169233, 0.09405566072017954, 0.033963683233668822, 0.071460094325745432, 0.1550204728160543, 0.032150762067696188, 0.14718003927072987, 0.045706711624048733, 0.11106148893345368], "hpss_f": [0.091556554293136014, 0.06180861360419964, 0.13286187611510031, 0.022478416803931946, 0.090949606046149684, 0.031564056193641846, 0.070241163069939161, 0.15921020031925628, 0.030270715871492413, 0.15376840338613082, 0.044346712339199783, 0.1109436819578223]}