{"deep_f": [0.025417627463083049, 0.06052726246982499, 0.21991015757152885, 0.004127915014715172, 0.1048882885823875, 0.0072205086324420411, 0.19385956864116516, 0.052471704649582285, 0.0097422535130799685, 0.2497801128517507, 0.004584365557788136, 0.067470235052652289], "deep": [0.026645532711333381, 0.062133116460999428, 0.21456959061412625, 0.0043532257716491747, 0.1102607073400898, 0.0074743822322621192, 0.18764586482075113, 0.05515331450358308, 0.010280800307794082, 0.24649881499534385, 0.0047812013277315395, 0.07020344891433615], "standard": [0.073856831658816444, 0.099565420855449296, 0.13780823250213334, 0.029702540615619777, 0.10969835538301033, 0.053378082322163241, 0.0896056273532084, 0.065539813281319095, 0.066004459955035399, 0.12101430253097971, 0.053356019636091115, 0.10047031390617364], "standard_f": [0.073085325554140462, 0.099265505109687929, 0.14378308556403069, 0.028884377563866085, 0.11328391260776421, 0.051043487470740556, 0.084750896763401043, 0.06251446882399242, 0.066342931630817059, 0.12369273745814394, 0.048659078345566271, 0.10469419310784932], "hpss": [0.056943764770793735, 0.11100413166777427, 0.15056841242910962, 0.020113238042443995, 0.12498800166279504, 0.045321915292822292, 0.10020833256589015, 0.059269246929508759, 0.062378462334449082, 0.1228012659041571, 0.038619102947004338, 0.10778412545325157], "hpss_f": [0.056884030527967304, 0.10913036619122106, 0.15589365245200895, 0.020188457249737855, 0.127807244521841, 0.043403736907341055, 0.0948217387561298, 0.056817793794903738, 0.062671658411958375, 0.12598284411162611, 0.035705453847169957, 0.11069302322809474]}