{"deep_f": [0.071805403349178162, 0.018388793184234507, 0.22198405695296719, 0.0048755255340220301, 0.099229694029363089, 0.027641620972963573, 0.056610352791377862, 0.18950988053982631, 0.0049357507778430305, 0.16318911557816038, 0.0056608957024955643, 0.13616891058756839], "deep": [0.073412236144115364, 0.018977263567803555, 0.21973912633193005, 0.0049666893871885684, 0.10147890918580994, 0.027760819250376819, 0.056659384295540384, 0.18712132588643937, 0.0050429545912834255, 0.16704441456082761, 0.0057735249172097079, 0.13202335188147521], "standard": [0.08052295278870851, 0.060576307587229004, 0.1249168930497296, 0.040684658995314017, 0.11492090192818481, 0.038103490245385403, 0.061778724544421633, 0.099124621254138692, 0.052778203157784878, 0.1470463944047504, 0.047460260076615246, 0.13208659196773781], "standard_f": [0.0807330095005791, 0.059063297590754252, 0.12597451192057751, 0.039330130750573955, 0.11582458065193671, 0.035279614824788696, 0.060297887912910776, 0.097863126126834996, 0.050954365064993769, 0.15407446150536847, 0.04598592198239921, 0.13461909216828274], "hpss": [0.064480098004686501, 0.056022468261838765, 0.13222176576537145, 0.033292654065777347, 0.12757342255076362, 0.023557664520016813, 0.059657317105170499, 0.10971873727307933, 0.043575210394884774, 0.16420007056328084, 0.03082349696285204, 0.15487709453227799], "hpss_f": [0.064942531163969891, 0.05577046267807171, 0.13322355281614892, 0.032684382445433389, 0.12697307567280991, 0.021891553102881239, 0.058962758532308465, 0.10966844053325944, 0.042599067165161861, 0.16741525803717827, 0.0299461552775852, 0.15592276257519166]}