{"deep_f": [0.010282178507879767, 0.025492673168303753, 0.27879943597182139, 0.0034285464624540388, 0.038277703148938844, 0.0059084533503803768, 0.26336419202455058, 0.021230229383093116, 0.0048024086451945109, 0.26124524602996296, 0.0027933943554157943, 0.084375538952004933], "deep": [0.010705861225261529, 0.026053344650863754, 0.2768755603869843, 0.003653888206487846, 0.040266337878029489, 0.0066433922795087127, 0.25970231509999131, 0.022710869546074444, 0.0051977034811576429, 0.25909286222759914, 0.0031660327973380724, 0.08593183222070376], "standard": [0.068129366051422932, 0.094732542944469741, 0.13459364836003848, 0.036776381172415662, 0.097274586652995002, 0.049741931603706581, 0.11240193120162434, 0.04476208676490126, 0.0485275431625279, 0.16341743016555171, 0.060831314191871898, 0.088811237728474504], "standard_f": [0.065886709339112046, 0.094604725252519284, 0.14711435427471059, 0.035763874702171954, 0.09501174411362634, 0.045628947943240884, 0.11133943809127964, 0.042055937031645674, 0.046507223451101684, 0.17288315441772337, 0.057393086109355583, 0.085810805273513147], "hpss": [0.048836451548687224, 0.10602294394601067, 0.14519891865657883, 0.030156581281053894, 0.10795480340627119, 0.038349119408627036, 0.13113676877287819, 0.031897358287324186, 0.035064338371728329, 0.18250695019814672, 0.050442461073332681, 0.09243330504936112], "hpss_f": [0.048746420848899463, 0.10508730443433537, 0.15511111293013918, 0.03011079949573181, 0.10619927765011922, 0.035168993273864711, 0.12706340220840756, 0.029852021077488827, 0.034368031647217336, 0.1883628551775415, 0.048426313507414706, 0.091503467748840245]}