{"deep_f": [0.055928780344534794, 0.0085189658216845068, 0.25699698850470587, 0.002193058867776728, 0.0687909562411715, 0.016510276901217074, 0.072296451350324559, 0.22571848502553532, 0.0024013232956223833, 0.11152726398756922, 0.003197512716987521, 0.17591993694287045], "deep": [0.059802626269529084, 0.0088029442123391047, 0.25348489032471977, 0.0023087121512733785, 0.071940951173704193, 0.017101446809903314, 0.071629263551406627, 0.22376379323457055, 0.0025214964621622254, 0.11395867616606928, 0.0033418458917756741, 0.17134335375254681], "standard": [0.091516718066151304, 0.075501977652016397, 0.1413533443523558, 0.035303710420986137, 0.079495315280499954, 0.042901949504643655, 0.081916959755812369, 0.11168350247509655, 0.058738310879332407, 0.12300077812259085, 0.055344180033257417, 0.10324325345725725], "standard_f": [0.095195553159310012, 0.074057642898013101, 0.14746446797944232, 0.033247841407003709, 0.078811543185173943, 0.040397042392999113, 0.078683157044318733, 0.11620951277663204, 0.057638855037233531, 0.12468233400805097, 0.052456114124015046, 0.10115593598780739], "hpss": [0.081850224273037245, 0.077951300205344853, 0.1588303213097452, 0.026639805738847909, 0.080536189774385938, 0.028200164462478181, 0.086102182160635074, 0.12677187643707463, 0.049733809061123652, 0.12457112386984687, 0.042115409203037198, 0.11669759350444327], "hpss_f": [0.08530651529761786, 0.076764527185891246, 0.16345190054368858, 0.025801438752994926, 0.079073841482781404, 0.026260978620410162, 0.084064604154073699, 0.1297638040933202, 0.048577509967171639, 0.12501017974668327, 0.040480942193691617, 0.11544375796167539]}