{"deep_f": [0.084488606679480452, 0.021542094668417153, 0.19623886196526755, 0.0032813206203594681, 0.13862744848475769, 0.02690617547682508, 0.03445715483957465, 0.20503066124166136, 0.0039424492007053636, 0.14907630453153367, 0.004369930193924957, 0.13203899209749273], "deep": [0.086677403780712661, 0.022308486391127379, 0.19333628782367851, 0.0034986985786652379, 0.14094423027796579, 0.027289391723517749, 0.035200550464774265, 0.2013707407308119, 0.0042217385870210941, 0.15346330754502285, 0.0045739717145286251, 0.12711519238217392], "standard": [0.090618520730971472, 0.069702157677737353, 0.13412864987915268, 0.032297672940773639, 0.097263796590931151, 0.041652018799059748, 0.060503062824953331, 0.12116703794037458, 0.063681852807702388, 0.14374419897618418, 0.050891333243220892, 0.094349697588938602], "standard_f": [0.096942479120408515, 0.069328534048016033, 0.13362854479422195, 0.030561680750218062, 0.097533806062841663, 0.039202242848873595, 0.057728719325165448, 0.12297760819170801, 0.061881495754984091, 0.14886442408701406, 0.049782941452229244, 0.091567523564319228], "hpss": [0.080655272593216351, 0.069193229594401967, 0.14828263038327047, 0.022687269852508747, 0.10429062031455327, 0.028158843266656294, 0.054712690010997794, 0.13909421693981894, 0.05798575727053467, 0.15437942619067313, 0.037216018321570378, 0.10334402526179795], "hpss_f": [0.086889997160540369, 0.068628829204464392, 0.14856481221312659, 0.022026126300547975, 0.10299757453902486, 0.026376450917622082, 0.053824329395534283, 0.14001121577210876, 0.056507501111440685, 0.15555990612403675, 0.037125915821982686, 0.10148734143957053]}