{"deep_f": [0.015354654301883274, 0.017948901178785923, 0.23519700867826585, 0.0027083330910042699, 0.10780786768195251, 0.013394174822057762, 0.036125624518652547, 0.25240582430219061, 0.0044027781018703624, 0.069090299382993034, 0.0025281449742045768, 0.2430363889661393], "deep": [0.015556114936234024, 0.018996590373127242, 0.23294392347766091, 0.0027987599539235426, 0.11015295418128521, 0.013306322002924368, 0.03718144055383811, 0.24914897265352773, 0.0045806461834933549, 0.072484081836674263, 0.0025764320162296591, 0.24027376183108157], "standard": [0.065352583296388156, 0.058437673704886325, 0.13970837538490441, 0.035989556199642822, 0.079761123733498793, 0.039089969859448563, 0.087903965572172879, 0.11171034934352971, 0.058431549579504499, 0.15078130588846397, 0.053303548499149679, 0.11952999893841028], "standard_f": [0.063601247266677721, 0.057869752936434003, 0.14545079004277461, 0.034157543437668053, 0.080566158338613941, 0.037605003259539679, 0.085165265946319207, 0.11324735762013408, 0.057932403129420482, 0.1578259029144537, 0.051017741115287077, 0.11556083399267751], "hpss": [0.048463268257758589, 0.054066639147586727, 0.1527209656715886, 0.026895538441918051, 0.079449282398909707, 0.024400154602634696, 0.093536002036751234, 0.12509729434956707, 0.051479364019666268, 0.16215339445765553, 0.043022319292578826, 0.13871577732338489], "hpss_f": [0.04814461842399468, 0.054544086535874337, 0.15823745357390898, 0.02613702333817839, 0.080270327422570328, 0.023677644483240515, 0.091783799234173832, 0.1234801755918247, 0.050931989536962784, 0.16522312804323785, 0.04164076008366395, 0.13592899373236969]}