{"deep_f": [0.015388250386503084, 0.052445974657249129, 0.22359621945699021, 0.0050178101781630157, 0.094518478948625306, 0.0057102746951169124, 0.19696004761022115, 0.059675326238082659, 0.0084853685958078233, 0.23245046969689323, 0.0035462241810512748, 0.10220555535529625], "deep": [0.015825262158831781, 0.054081696158781674, 0.21962278361231535, 0.0053055676821743445, 0.09813499550783937, 0.005985919385095499, 0.19264695285158312, 0.061683933884252473, 0.0089904311281194371, 0.23048713120754061, 0.0037949959676069423, 0.10344033045585939], "standard": [0.056330129904120403, 0.082190156339320378, 0.11569997734530701, 0.02800723997761247, 0.1094690815482387, 0.048605565948763883, 0.11548141018260484, 0.071017089237813705, 0.055120112884936276, 0.17803873784797561, 0.058460768923944077, 0.081579729859362515], "standard_f": [0.053348318194872082, 0.082184944883762101, 0.12005438717619349, 0.026816571718517569, 0.10963506446453912, 0.045979928516355316, 0.11563790257075703, 0.068870747526836876, 0.053361914111624241, 0.18916030558649186, 0.055243240240332357, 0.079706675009718161], "hpss": [0.03493546658788893, 0.089521629462351676, 0.12069844907354557, 0.017487258459052551, 0.12385749012484649, 0.035970027482379631, 0.13177945589169868, 0.065226123840144146, 0.044405181955213681, 0.20401184624543059, 0.048789662022047674, 0.083317408855400468], "hpss_f": [0.033972631594317189, 0.089431905121242397, 0.12677284156681815, 0.016918606742598052, 0.12268342415271027, 0.033830258583068699, 0.13115565528760789, 0.063763467413467542, 0.043337426420027456, 0.21018907917782229, 0.046147650635308367, 0.08179705330501158]}