{"deep_f": [0.013075956955440995, 0.025288920287491662, 0.24910483840484696, 0.0047994696477883592, 0.081352027734768545, 0.0059534155290188523, 0.19338524048897304, 0.068853484616311425, 0.013586954594075712, 0.18980500890049895, 0.0026480313498146962, 0.15214665149097079], "deep": [0.012950317524040546, 0.025618108861313452, 0.24735435478338316, 0.0049078681133981747, 0.084029442110421834, 0.0059800506345649828, 0.19029328877105003, 0.070022485702637652, 0.014206764539494182, 0.1873160804980025, 0.002696141655988098, 0.15462509680570541], "standard": [0.083210855600170122, 0.082835055915819258, 0.13471267639524587, 0.036318862539269976, 0.082146257527116115, 0.051872016200736552, 0.10815329133298857, 0.043259718816337396, 0.054613907050826999, 0.14810245468387895, 0.067507738864058475, 0.1072671650735517], "standard_f": [0.082510935144929173, 0.083082485507482998, 0.14283245461770486, 0.035037915650554995, 0.081552375100050617, 0.048728270242578531, 0.10787325993787072, 0.039504279288512439, 0.052483775940991462, 0.15453715116300026, 0.063755977953214929, 0.10810111945310906], "hpss": [0.072344950091376647, 0.087676927605286711, 0.14810327034392615, 0.027540760518967332, 0.087646007683532035, 0.042317348107274978, 0.12507682500393011, 0.023758847052084711, 0.042904102851136355, 0.16396409993019742, 0.058877391783376157, 0.11978946902891136], "hpss_f": [0.0717920790449251, 0.086879431965124709, 0.15480922563037144, 0.027331483133867438, 0.086076708560845247, 0.039993934812213326, 0.12497241702366849, 0.020969710369467761, 0.042008239214016807, 0.16565783940266987, 0.056372270375669116, 0.12313666046716064]}