{"deep_f": [0.033112691803784497, 0.043043954996344856, 0.17992866921366044, 0.0037681078904137359, 0.1601577285684789, 0.015722021722560816, 0.033262839447779829, 0.20699356402869243, 0.006614009357765664, 0.1395876432129407, 0.0035134988373580565, 0.17429527092021999], "deep": [0.033548889019212408, 0.044276441587342751, 0.17640557282645686, 0.00387219141589874, 0.16382785390021493, 0.015495670189671129, 0.03383960097530838, 0.2036658530572612, 0.0068315975599995667, 0.14409111157131424, 0.0035676121491832989, 0.17057760574813649], "standard": [0.066899782063385038, 0.065920788754090826, 0.10909901500121848, 0.037552078546073092, 0.091045598108575002, 0.044893350790576776, 0.06765139793262813, 0.096560097724469232, 0.059874232453735729, 0.17417278713828827, 0.058297481173427028, 0.12803339031353239], "standard_f": [0.064291367151725162, 0.066134482647614942, 0.10911124705046131, 0.036050922110142276, 0.094018247653220241, 0.042466993507418269, 0.063480137107073994, 0.098157125302655801, 0.059431296247830535, 0.18185668505799754, 0.055518614709863925, 0.12948288145399592], "hpss": [0.048366429084633442, 0.063205077037158039, 0.11061251672077503, 0.028643861652387064, 0.099915797230488129, 0.030393189139987554, 0.062511499173175583, 0.10501137528520602, 0.052191725498279169, 0.20288649266085895, 0.046932803081715678, 0.14932923343533536], "hpss_f": [0.046095095834827508, 0.062264058297312942, 0.1128729118528331, 0.027591621027217402, 0.10080904590941162, 0.029034938948212546, 0.060579191874907429, 0.10783259998613429, 0.052533912927048232, 0.2043091667469995, 0.044790632915708534, 0.15128682367938703]}