{"deep_f": [0.013687906057644767, 0.044867165513498897, 0.25371118477654686, 0.0035510449891424938, 0.057186277532579217, 0.0048035865735781133, 0.23409950823618331, 0.049130946203350255, 0.0047982956221957942, 0.24236459735397839, 0.0028754055490829425, 0.088924081592219081], "deep": [0.0138736247636528, 0.046535667315565646, 0.25109281618028878, 0.0037638452016094705, 0.059211404810442965, 0.005041394005446201, 0.23159509377123305, 0.049875465000751275, 0.0051093297502177101, 0.24150452994122815, 0.0030897872681773086, 0.089307041991386643], "standard": [0.07683894739184452, 0.095765347601621115, 0.1218015988575786, 0.034081551957730258, 0.078237531516272177, 0.04882627598859187, 0.10707154310323129, 0.059797151679526296, 0.052525276073686164, 0.17238498723633378, 0.067245134867801135, 0.08542465372578284], "standard_f": [0.076452456403787256, 0.094985031675273418, 0.13603124072440317, 0.033514366202003244, 0.075279151607884842, 0.044400319473603476, 0.10191420829523269, 0.056294218349529371, 0.049906834199197336, 0.18695569946924079, 0.062739645545411518, 0.081526828054433065], "hpss": [0.062418511754687364, 0.10745956053136982, 0.12776306543353402, 0.025230106069250462, 0.081537788161188743, 0.037930975914744404, 0.12182199868957803, 0.049859591101378685, 0.041356708173381634, 0.19738947004821591, 0.059494708623764131, 0.087737515498906682], "hpss_f": [0.062748707783902749, 0.10475643700156541, 0.14031859408362846, 0.025530100763086736, 0.077907022473709134, 0.034101038969491702, 0.11814735424111543, 0.046042588582090441, 0.039451625059751458, 0.20772334193619593, 0.056444922645101744, 0.086828266460360903]}