{"deep_f": [0.0070557996657559154, 0.027499063810688031, 0.2578611735910103, 0.0083511109609438663, 0.030960413433409929, 0.005449697799157543, 0.25652905227123807, 0.025168440430549045, 0.012906043735457466, 0.20171314010606248, 0.0022392891116503025, 0.16426677508407711], "deep": [0.009783938964684059, 0.033169275026447356, 0.24734843968746917, 0.011279054179257094, 0.032626603974240574, 0.0088364089902625322, 0.24943229892845115, 0.024926867680881239, 0.022229578518825076, 0.19622422630688183, 0.0032105366131289655, 0.16093277112947099], "standard": [0.082309648240841027, 0.084309711045164409, 0.10430868332990249, 0.035730346082660826, 0.085276330738339734, 0.056106849358223056, 0.12588347539751032, 0.056347012731153667, 0.048960715300596633, 0.14608098653539062, 0.0694382755569493, 0.10524796568326793], "standard_f": [0.079744308654254359, 0.082881435833133787, 0.11292734928448477, 0.034220103313852231, 0.082921861737708061, 0.053723909673063744, 0.12882632401330762, 0.054706616497355018, 0.047072091635114645, 0.15192453044819951, 0.067208642404726321, 0.10384282650479994], "hpss": [0.064212403455012307, 0.0938836183154695, 0.10106526485257307, 0.028073319723433306, 0.090261938184428916, 0.040918051374918635, 0.15789628670214023, 0.042661996934335901, 0.036577526005579911, 0.15937850118423613, 0.060447995853888083, 0.12462309741398399], "hpss_f": [0.063253098253714321, 0.091404347598573382, 0.10853360795200567, 0.027482132682136909, 0.088526743492187504, 0.038723437810721392, 0.1576294363393024, 0.040952372162751868, 0.035421595126025711, 0.16386553938020201, 0.059176584710261312, 0.12503110449211752]}