{"deep_f": [0.033596241428506639, 0.0054043956566497331, 0.26999900389128723, 0.0020176806380520331, 0.055010177978882961, 0.015804173310151191, 0.058377806754172153, 0.25409630249370307, 0.0021675667745795039, 0.064741384184843084, 0.0021906096956708513, 0.23659465719350153], "deep": [0.034803655466833359, 0.0055947850545119138, 0.26859913336779268, 0.0020704679795469491, 0.056138657031271501, 0.015930820270163827, 0.059668513802402311, 0.25181151496512794, 0.0022271946479349978, 0.067023787474009319, 0.0022276132930292305, 0.23390385664737598], "standard": [0.090269001591198259, 0.062740856700924552, 0.13234472466020394, 0.036802938661926451, 0.079949549187930805, 0.051610678109496259, 0.090517217441022604, 0.11380445577087575, 0.050713231408149824, 0.12606096741734066, 0.055860246696330669, 0.1093261323546002], "standard_f": [0.088592865042657939, 0.062213504678460659, 0.13826120518078888, 0.03395989301081611, 0.078526896886583111, 0.049542328358105299, 0.092726894908437774, 0.12061634014285551, 0.050100485604522266, 0.12473964730447543, 0.053543575587688436, 0.10717636329460854], "hpss": [0.077280372161259131, 0.060397936993641411, 0.14777953710829592, 0.025589880788780734, 0.080980258033706079, 0.032742211486130386, 0.1015826882247131, 0.13613622465890515, 0.036728678828344748, 0.12671897778213306, 0.039746437613790563, 0.13431679632029969], "hpss_f": [0.076462030368589576, 0.059318359125145582, 0.15459126349924993, 0.023759499624117605, 0.079343617417788337, 0.03128450275868791, 0.10258095564703559, 0.1403723059539832, 0.036020177100352921, 0.12573219051129747, 0.038104046013979737, 0.13243105197977226]}