{"deep_f": [0.0068655705162413523, 0.013295196775390246, 0.27448380865484789, 0.0022318191947118247, 0.042532163615738007, 0.0027918169823169759, 0.24333371512650018, 0.050558605083991438, 0.0048442467324570568, 0.2190945804890064, 0.00099805852281343991, 0.13897041830598533], "deep": [0.0071596674862144868, 0.013618547903052513, 0.2729839794217, 0.0024236565393109411, 0.044136956419693542, 0.0030123939711053189, 0.24091765287434561, 0.051763439792613372, 0.0052719949013202202, 0.21726270651289042, 0.001154543573747223, 0.14029446060400638], "standard": [0.078514750579901912, 0.076847681709636156, 0.11280398065739908, 0.039319810561814147, 0.095711795438115421, 0.054421535633023092, 0.12056846323603626, 0.057715278342703409, 0.048474744708214987, 0.14670759690438123, 0.063661797146065888, 0.10525256508270826], "standard_f": [0.075403096684058757, 0.075934257166557217, 0.11945095634597122, 0.037466550743043267, 0.095779699288097306, 0.052229402721762207, 0.1242063677681698, 0.057197918603434289, 0.047285533273628402, 0.14964598944746452, 0.060434583712038616, 0.10496564424577434], "hpss": [0.058222322400970153, 0.083811644570054092, 0.11329911962638622, 0.030486880600367958, 0.10765543875108478, 0.039018897077100045, 0.15236026274323808, 0.045119888519352822, 0.034308884092248026, 0.16182569796034102, 0.050039050620633463, 0.12385191303822346], "hpss_f": [0.056729404505252448, 0.081364778412720315, 0.12110563536811704, 0.029960695132985514, 0.10647227555824582, 0.036306377794086943, 0.15253609760297246, 0.043311020359226501, 0.033700487807172219, 0.16554974572429321, 0.047564624462264685, 0.12539885727266295]}